participant_id,timestamp,elapsed,label,attempt,frame_index,pitch,yaw,roll,raw_pitch,raw_yaw,raw_roll,nose_x,nose_y,chin_x,chin_y,eye_center_x,eye_center_y,face_width,face_height,nose_rel_x,nose_rel_y
p02,575284.406,0,NOD,1,0,-0.964058899,-7.016430214,-4.145942799,-163.912078,-11.40311609,-7.757169988,0.634147048,0.289403439,0.63367033,0.421740949,0.621952057,0.214549705,0.188491762,0.207191244,0.064697741,0.361278459
p02,575284.437,0.031,NOD,1,1,-1.049266741,-6.910396059,-4.172257516,-163.9972858,-11.29708193,-7.783484706,0.634058893,0.289408118,0.633836389,0.422043979,0.62211287,0.214657031,0.188745022,0.207386948,0.063291855,0.360442579
p02,575284.453,0.047,NOD,1,2,-1.012747111,-6.348878948,-4.023249379,-163.9607662,-10.73556482,-7.634476569,0.634042442,0.290049732,0.633727014,0.421576768,0.622346073,0.214886568,0.18839258,0.2066902,0.06208508,0.363651317
p02,575284.5,0.094,NOD,1,3,-1.312770287,-5.915695236,-3.918682534,-164.2607893,-10.30238111,-7.529909723,0.633985043,0.289905965,0.633682191,0.422278851,0.622251987,0.215117626,0.188681901,0.207161225,0.062184317,0.361015143
p02,575284.531,0.125,NOD,1,4,-1.11686205,-6.123132555,-4.01065104,-164.0648811,-10.50981843,-7.621878229,0.634141445,0.290912479,0.633910477,0.422826141,0.622436553,0.215709738,0.188451827,0.207116403,0.062110791,0.363094085
p02,575284.562,0.156,NOD,1,5,-0.830733399,-6.257765846,-3.906502268,-163.7787525,-10.64445172,-7.517729457,0.634105742,0.291840702,0.633614779,0.42327863,0.622686744,0.216149129,0.188230574,0.207129501,0.060664949,0.365431158
p02,575284.593,0.187,NOD,1,6,-0.45216719,-6.496402296,-3.978420725,-163.4001863,-10.88308817,-7.589647914,0.634394288,0.292735785,0.633804202,0.423967808,0.623066872,0.216530845,0.188475966,0.207436964,0.060100054,0.367364327
p02,575284.64,0.234,NOD,1,7,-0.51997286,-6.447365467,-3.837545266,-163.4679919,-10.83405134,-7.448772455,0.63474977,0.293233395,0.63370955,0.423915476,0.623348624,0.216881864,0.188424945,0.207033612,0.060507629,0.368788093
p02,575284.671,0.265,NOD,1,8,-0.484050408,-6.548995282,-3.745839221,-163.4320695,-10.93568116,-7.35706641,0.634739816,0.293500304,0.633823574,0.424753606,0.623650551,0.217140026,0.188419282,0.20761358,0.058854196,0.367800015
p02,575284.703,0.297,NOD,1,9,-0.249340217,-6.484692862,-3.805426416,-163.1973593,-10.87137874,-7.416653605,0.634976864,0.293845415,0.633819044,0.424972296,0.62371555,0.217244834,0.188597023,0.207727462,0.059710986,0.368755198
p02,575284.734,0.328,NOD,1,10,-0.250458637,-6.418541238,-3.765551246,-163.1984777,-10.80522711,-7.376778435,0.634810448,0.294627607,0.633777797,0.426069081,0.623815447,0.21741803,0.188452959,0.208651051,0.058343476,0.370041639
p02,575284.765,0.359,NOD,1,11,-0.123345922,-6.356638972,-3.73097402,-163.071365,-10.74332485,-7.342201209,0.634902239,0.296829373,0.633967161,0.42787677,0.623939544,0.21933338,0.188030362,0.20854339,0.058302791,0.371606082
p02,575284.796,0.39,NOD,1,12,0.471610223,-6.856776376,-3.785747482,-162.4764088,-11.24346225,-7.396974671,0.635420203,0.300823897,0.63424629,0.430932701,0.624325305,0.221916996,0.187744677,0.209015705,0.059095673,0.377516614
p02,575284.843,0.437,NOD,1,13,1.14668765,-6.712589603,-3.667457775,-161.8013314,-11.09927548,-7.278684964,0.635034561,0.303976059,0.633043945,0.433315605,0.624389917,0.223942347,0.187822461,0.209373258,0.05667397,0.382253745
p02,575284.875,0.469,NOD,1,14,1.635384978,-6.808395755,-3.725620467,-161.3126341,-11.19508163,-7.336847657,0.634656191,0.308665603,0.633111238,0.437891603,0.624343783,0.22656589,0.187383175,0.211325713,0.0550338,0.388498458
p02,575284.906,0.5,NOD,1,15,2.258156687,-7.124958971,-3.721903709,-160.6898624,-11.51164485,-7.333130898,0.634778976,0.31401211,0.632292747,0.442094058,0.624091059,0.230141714,0.187853038,0.211952344,0.0568951,0.395704028
p02,575284.937,0.531,NOD,1,16,3.059342043,-7.383993104,-3.94411827,-159.888677,-11.77067898,-7.555345459,0.63458091,0.321096063,0.632382274,0.446425229,0.623655975,0.234366879,0.187866867,0.21205835,0.058152539,0.408987355
p02,575284.968,0.562,NOD,1,17,4.501903789,-8.738880938,-4.599173244,-158.4461153,-13.12556681,-8.210400433,0.635740221,0.329714477,0.633605957,0.451198399,0.623966932,0.240047388,0.187609494,0.211151011,0.062754224,0.424658583
p02,575285,0.594,NOD,1,18,5.604437263,-9.803358458,-5.286560339,-157.3435818,-14.19004433,-8.897787529,0.637198746,0.338038653,0.634962559,0.456787527,0.624440491,0.245420486,0.186727047,0.211367041,0.068325694,0.438186422
p02,575285.031,0.625,NOD,1,19,6.900477207,-9.753870236,-5.489339535,-156.0475419,-14.14055611,-9.100566725,0.637345731,0.342380583,0.634511054,0.457919389,0.624856234,0.248150364,0.187957585,0.209769025,0.06644849,0.449209408
p02,575285.062,0.656,NOD,1,20,7.368740236,-9.364175765,-5.551004323,-155.5792788,-13.75086164,-9.162231513,0.637095869,0.34295392,0.634179652,0.458064884,0.625020415,0.248389959,0.188318253,0.209674925,0.064122589,0.451002719
p02,575285.093,0.687,NOD,1,21,6.826563063,-9.106400044,-5.52487331,-156.121456,-13.49308592,-9.136100499,0.637074888,0.340971619,0.634237766,0.457004428,0.624726057,0.247004651,0.188329816,0.209999777,0.065570237,0.447462228
p02,575285.14,0.734,NOD,1,22,6.759513514,-9.198052644,-5.547343928,-156.1885055,-13.58473852,-9.158571118,0.636934578,0.338407695,0.633763254,0.45519048,0.624680877,0.245081663,0.188617468,0.210108817,0.06496589,0.444179515
p02,575285.171,0.765,NOD,1,23,6.121734768,-9.510360718,-5.62069311,-156.8262843,-13.89704659,-9.231920299,0.636760056,0.333769262,0.634006739,0.453097641,0.624355674,0.242404312,0.188377917,0.21069333,0.065848388,0.433639499
p02,575285.203,0.797,NOD,1,24,5.414730428,-9.809992332,-5.675580158,-157.5332886,-14.19667821,-9.286807347,0.637583315,0.327691704,0.63418287,0.448864818,0.623935759,0.238417104,0.188246369,0.210447714,0.072498377,0.424212735
p02,575285.234,0.828,NOD,1,25,4.193416321,-9.013903729,-5.266435991,-158.7546027,-13.4005896,-8.877663181,0.636335254,0.319429189,0.634073913,0.444216847,0.623624653,0.232262596,0.187961757,0.211954251,0.067623336,0.411251919
p02,575285.265,0.859,NOD,1,26,2.686022055,-9.745593339,-5.137556838,-160.261997,-14.13227921,-8.748784027,0.636231899,0.308420807,0.634578347,0.437844783,0.623741478,0.225139566,0.188010335,0.212705217,0.06643476,0.391533609
p02,575285.296,0.89,NOD,1,27,1.442625561,-7.581916032,-4.841967172,-161.5053935,-11.96860191,-8.453194361,0.635472357,0.298944384,0.634461403,0.429346025,0.622891456,0.218969464,0.188737869,0.210376561,0.066658066,0.380151283
p02,575285.328,0.922,NOD,1,28,-0.579412706,-7.101108458,-4.980852507,-163.5274318,-11.48779433,-8.592079696,0.636205435,0.288910508,0.636542797,0.420868158,0.622873783,0.213158816,0.188511372,0.207709342,0.070720676,0.364700457
p02,575285.359,0.953,NOD,1,29,-2.127322259,-6.747902767,-4.881792818,-165.0753413,-11.13458864,-8.493020007,0.636432648,0.2807886,0.637880147,0.415798247,0.622994155,0.207908317,0.188631773,0.207889929,0.071241938,0.350571493
p02,575285.39,0.984,NOD,1,30,-3.278812325,-5.921870296,-4.774066575,-166.2268314,-10.30855617,-8.385293764,0.636620224,0.27637431,0.638575137,0.411464363,0.622659773,0.205540635,0.189294636,0.205923729,0.073749849,0.343980152
p02,575285.437,1.031,NOD,1,31,-3.613621772,-5.697738516,-4.720380614,-166.5616408,-10.08442439,-8.331607804,0.636219203,0.275346369,0.638104856,0.410647869,0.622294158,0.205291212,0.189687788,0.205356658,0.073410344,0.341138962
p02,575285.468,1.062,NOD,1,32,-3.030039027,-5.667254008,-4.728158112,-165.9780581,-10.05393988,-8.339385301,0.63626796,0.276865005,0.638017237,0.410401553,0.622449964,0.205490276,0.189751089,0.204911277,0.072821694,0.348320163
p02,575285.515,1.109,NOD,1,33,-3.257800101,-4.639818876,-4.496358278,-166.2058192,-9.026504752,-8.107585467,0.635847926,0.277839392,0.637520313,0.411058366,0.622414589,0.206599794,0.189744234,0.204458572,0.070797077,0.348430479
p02,575285.531,1.125,NOD,1,34,-3.237030627,-5.05806132,-4.359136636,-166.1850497,-9.444747196,-7.970363825,0.636242867,0.279943407,0.637627184,0.412990004,0.622834921,0.208321765,0.18949157,0.204668239,0.070757478,0.349940186
p02,575285.562,1.156,NOD,1,35,-2.772135427,-4.995310483,-4.3121524,-165.7201545,-9.381996359,-7.923379589,0.636095285,0.282059431,0.637492895,0.413882971,0.623013794,0.209376499,0.189014137,0.204506472,0.069209061,0.355406513
p02,575285.593,1.187,NOD,1,36,-2.336401869,-5.327831077,-4.414754626,-165.2844209,-9.714516953,-8.025981816,0.636163652,0.283543319,0.637365401,0.41523248,0.622969538,0.210117795,0.189286053,0.205114685,0.069704628,0.357973023
p02,575285.64,1.234,NOD,1,37,-2.065980967,-5.582245176,-4.413558946,-165.014,-9.968931052,-8.024786135,0.636394501,0.284500688,0.637278974,0.416033089,0.623288423,0.210778989,0.189156413,0.2052541,0.069286987,0.359172846
p02,575285.656,1.25,NOD,1,38,-1.746342501,-5.86411006,-4.31885808,-164.6943616,-10.25079594,-7.930085269,0.636331916,0.285526931,0.636887968,0.417168707,0.623566598,0.2111139,0.189165652,0.206054807,0.06748222,0.361132228
p02,575285.703,1.297,NOD,1,39,-1.1503252,-6.011522176,-4.591596197,-164.0983443,-10.39820805,-8.202823386,0.636660457,0.286259919,0.637076616,0.416922063,0.623598933,0.211509287,0.189245045,0.205412775,0.069019104,0.363904494
p02,575285.734,1.328,NOD,1,40,-1.886705731,-6.590143301,-4.396499299,-164.8347248,-10.97682918,-8.007726488,0.636431456,0.285891056,0.636842608,0.418776095,0.623586595,0.211895138,0.188707292,0.206880957,0.068067643,0.357673897
p02,575285.765,1.359,NOD,1,41,-1.411535665,-7.020642868,-4.561834921,-164.3595547,-11.40732874,-8.173062111,0.636857688,0.286315292,0.637129962,0.419025481,0.623940378,0.21197024,0.189137638,0.207055241,0.06829582,0.359059022
p02,575285.796,1.39,NOD,1,42,-1.363105405,-6.947037479,-4.554610282,-164.3111245,-11.33372336,-8.165837471,0.636886954,0.286385596,0.637026429,0.418947637,0.623905569,0.211991385,0.189406574,0.206956252,0.068537141,0.359468295
p02,575285.843,1.437,NOD,1,43,-1.367553378,-6.976647076,-4.55804898,-164.3155724,-11.36333295,-8.169276169,0.636973023,0.286453098,0.637122214,0.418740273,0.623904377,0.211943597,0.189337075,0.206796676,0.069023176,0.360303187
p02,575285.859,1.453,NOD,1,44,-1.211701261,-7.047112643,-4.571210547,-164.1597203,-11.43379852,-8.182437736,0.636821091,0.286753714,0.636900663,0.419165909,0.623822272,0.211946934,0.189623654,0.207218975,0.068550622,0.361003521
p02,575285.89,1.484,NOD,1,45,-1.132382534,-6.886926101,-4.534994916,-164.0804016,-11.27361198,-8.146222105,0.636715174,0.286905318,0.636865795,0.419240326,0.623867005,0.212006807,0.189358771,0.207233518,0.06785093,0.361420835
p02,575285.921,1.515,NOD,1,46,-1.137977192,-7.183021189,-4.560717546,-164.0859963,-11.56970707,-8.171944736,0.636774421,0.286833256,0.636759222,0.419061273,0.623759747,0.212009892,0.189432383,0.207051381,0.068703534,0.361375829
p02,575285.968,1.562,NOD,1,47,-1.218536797,-7.057006609,-4.633727632,-164.1665559,-11.44369249,-8.244954822,0.636539459,0.286977112,0.63664645,0.41916725,0.623227835,0.212085083,0.189780474,0.207082167,0.070142224,0.361653686
p02,575286,1.594,NOD,1,48,-0.892983206,-6.912224481,-4.651514557,-163.8410023,-11.29891036,-8.262741747,0.636316657,0.287604451,0.636355042,0.418989539,0.623126358,0.212139189,0.189547062,0.20685035,0.069588519,0.364830236
p02,575286.031,1.625,NOD,1,49,-1.081786029,-6.930998112,-4.578133125,-164.0298051,-11.31768399,-8.189360315,0.635921776,0.287688196,0.63615036,0.419108123,0.623007238,0.212527685,0.188977957,0.206580438,0.068338861,0.363831695
p02,575286.062,1.656,NOD,1,50,-1.26289212,-6.347838068,-4.506861691,-164.2109112,-10.73452394,-8.11808888,0.635398984,0.288142681,0.635754406,0.41947341,0.6224567,0.213183306,0.189251959,0.206290103,0.068386528,0.36336874
p02,575286.093,1.687,NOD,1,51,-1.200018528,-6.497723213,-4.436023979,-164.1480376,-10.88440909,-8.047251168,0.635372043,0.288455755,0.635513246,0.419708371,0.622596473,0.213236958,0.189405084,0.206471413,0.067451041,0.364306107
p02,575286.125,1.719,NOD,1,52,-1.44135622,-6.633155526,-4.530027902,-164.3893753,-11.0198414,-8.141255092,0.635258019,0.288480163,0.635659814,0.420045316,0.622364521,0.213736646,0.189219177,0.20630867,0.068140546,0.362289751
p02,575286.171,1.765,NOD,1,53,-1.186216214,-6.467765801,-4.730108262,-164.1342353,-10.85445168,-8.341335451,0.634719729,0.28904289,0.635703027,0.420406789,0.621924549,0.213985734,0.189070344,0.206421055,0.067674178,0.363611921
p02,575286.187,1.781,NOD,1,54,-1.005720499,-6.645107953,-4.774720014,-163.9537396,-11.03179383,-8.385947204,0.634697378,0.289691865,0.635470212,0.420480937,0.621692568,0.214163184,0.189298451,0.206317753,0.068700032,0.366079411
p02,575286.234,1.828,NOD,1,55,-1.250587742,-6.677795492,-4.816691469,-164.1986068,-11.06448137,-8.427918659,0.634259284,0.289916694,0.635496914,0.42115432,0.62123549,0.214571968,0.189102411,0.206582353,0.068871643,0.364720052
p02,575286.265,1.859,NOD,1,56,-0.919163543,-6.604832233,-4.771317754,-163.8671826,-10.99151811,-8.382544943,0.633984268,0.290592968,0.635052502,0.421480656,0.621284992,0.21463874,0.189015746,0.206841916,0.06718634,0.367209075
p02,575286.296,1.89,NOD,1,57,-1.116931414,-6.401745985,-4.814239988,-164.0649505,-10.78843186,-8.425467178,0.63393718,0.290761739,0.635171771,0.421312034,0.621075422,0.214984953,0.189083517,0.206327081,0.068021574,0.367265341
p02,575286.328,1.922,NOD,1,58,-1.118117322,-6.783449392,-4.798819743,-164.0661364,-11.17013527,-8.410046932,0.634005427,0.290769428,0.635101438,0.42180407,0.621148318,0.215231791,0.188803852,0.206572279,0.068097707,0.365671702
p02,575286.359,1.953,NOD,1,59,-0.880441618,-7.142716975,-4.921996006,-163.8284607,-11.52940285,-8.533223195,0.634457409,0.291314244,0.635461986,0.422186226,0.621462554,0.215513721,0.188527942,0.206672505,0.068928009,0.366766365
p02,575286.39,1.984,NOD,1,60,-0.646171666,-7.318848669,-4.860892009,-163.5941907,-11.70553455,-8.472119198,0.634641349,0.291935921,0.635297418,0.422906935,0.621626824,0.21577967,0.188463867,0.207127266,0.069055811,0.367678542
p02,575286.437,2.031,NOD,1,61,-0.601658116,-7.186658591,-4.859745665,-163.5496772,-11.57334447,-8.470972854,0.634744704,0.292179555,0.635370433,0.4230088,0.621731281,0.21584589,0.188716292,0.207162909,0.068957599,0.368471676
p02,575291.14,0,NOD,2,0,1.665005309,-9.056398564,-7.719796845,-161.2830138,-13.44308444,-11.33102403,0.637459517,0.298240811,0.638819039,0.427423716,0.619432807,0.216168419,0.191808283,0.211255297,0.093982957,0.388498623
p02,575291.171,0.031,NOD,2,1,0.560909398,-8.981537756,-7.732735927,-162.3871097,-13.36822363,-11.34396312,0.636915326,0.292871922,0.639463186,0.424013972,0.619366825,0.213827416,0.191396713,0.210186556,0.091686535,0.376068325
p02,575291.203,0.063,NOD,2,2,-0.357503016,-7.851208409,-7.302293339,-163.3055221,-12.23789428,-10.91352053,0.636151552,0.290803581,0.639355838,0.42273885,0.619124055,0.212929636,0.191328585,0.209809214,0.088996097,0.371165517
p02,575291.234,0.094,NOD,2,3,-0.535954879,-7.594233537,-7.241255305,-163.4839739,-11.98091941,-10.85248249,0.635788083,0.290056407,0.639321029,0.422357291,0.618849456,0.21299994,0.191824019,0.209357351,0.08830295,0.368061915
p02,575291.265,0.125,NOD,2,4,-0.795264692,-7.732193339,-7.145936763,-163.7432838,-12.11887921,-10.75716395,0.635176718,0.290792286,0.639044762,0.422819644,0.618323296,0.213465989,0.191603005,0.209353656,0.087960113,0.369357285
p02,575291.296,0.156,NOD,2,5,-0.86181853,-7.123333165,-6.930054817,-163.8098376,-11.51001904,-10.54128201,0.634688973,0.291622639,0.638535321,0.423784435,0.618327856,0.214262143,0.191742182,0.209522292,0.085328733,0.369223223
p02,575291.343,0.203,NOD,2,6,-1.065467673,-6.731686111,-6.745057835,-164.0134867,-11.11837199,-10.35628502,0.634227991,0.292137086,0.638257623,0.424341738,0.618511289,0.215039566,0.191353679,0.209302172,0.082134307,0.368355089
p02,575291.359,0.219,NOD,2,7,-0.798125989,-7.045730728,-6.810067178,-163.7461451,-11.4324166,-10.42129437,0.634483576,0.293452591,0.63793081,0.425739497,0.618494868,0.215999968,0.191658854,0.209739529,0.083422744,0.369280044
p02,575291.39,0.25,NOD,2,8,-0.324433722,-7.126421327,-6.680238921,-163.2724528,-11.5131072,-10.29146611,0.63446939,0.295251191,0.637736976,0.426054001,0.618792772,0.216707572,0.191341162,0.209346429,0.081930189,0.375184897
p02,575291.437,0.297,NOD,2,9,-0.410505829,-7.435433819,-6.655318176,-163.3585249,-11.8221197,-10.26654537,0.634468734,0.296061814,0.637460172,0.427524,0.618752182,0.217632577,0.191122353,0.209891424,0.082232939,0.373665754
p02,575291.468,0.328,NOD,2,10,-0.122232838,-7.239998727,-6.384806768,-163.0702519,-11.6266846,-9.996033957,0.634141207,0.297585905,0.636688173,0.42913273,0.61901018,0.218709961,0.190818965,0.210422769,0.079295192,0.3748451
p02,575291.5,0.36,NOD,2,11,0.266751008,-6.85708984,-6.160814078,-162.6812681,-11.24377572,-9.772041267,0.633481622,0.300091863,0.635514081,0.430186063,0.618869483,0.220508829,0.190465569,0.209677234,0.076718004,0.379550189
p02,575291.531,0.391,NOD,2,12,1.389693774,-6.969781687,-6.094436118,-161.5583253,-11.35646756,-9.705663307,0.632583857,0.305502415,0.634648263,0.433259815,0.618731856,0.22337459,0.190105319,0.209885225,0.072864875,0.391298742
p02,575291.562,0.422,NOD,2,13,2.725561865,-8.644315127,-6.83676627,-160.2224572,-13.031001,-10.44799346,0.634019732,0.31369248,0.635600686,0.439064771,0.61827752,0.228322603,0.189958155,0.210742168,0.082872002,0.405091578
p02,575291.593,0.453,NOD,2,14,4.14038305,-9.388616225,-7.042119065,-158.807636,-13.7753021,-10.65334625,0.633900881,0.322622359,0.634352982,0.445463896,0.618227631,0.234930322,0.189432263,0.210533574,0.082738018,0.416522816
p02,575291.64,0.5,NOD,2,15,4.527483783,-9.604836826,-7.268865612,-158.4205353,-13.9915227,-10.8800928,0.633705258,0.33035171,0.634781897,0.453620553,0.618180037,0.240913913,0.189362466,0.21270664,0.081986796,0.420474873
p02,575291.671,0.531,NOD,2,16,4.753876034,-8.019528491,-6.719547073,-158.194143,-12.40621437,-10.33077426,0.630972087,0.333938777,0.633082211,0.455506146,0.617704451,0.243824206,0.189480305,0.21168194,0.070021189,0.425707414
p02,575291.703,0.563,NOD,2,17,5.593213416,-7.984334495,-6.730568906,-157.3548056,-12.37102037,-10.34179609,0.630319238,0.333687991,0.630966008,0.454832137,0.61719805,0.242747247,0.190041125,0.212084889,0.069043938,0.428794074
p02,575291.734,0.594,NOD,2,18,4.619812428,-8.214140668,-6.537944788,-158.3282066,-12.60082654,-10.14917198,0.629920721,0.327361524,0.630583704,0.45087412,0.6167759,0.239199318,0.189357638,0.211674802,0.06941796,0.416498352
p02,575291.765,0.625,NOD,2,19,3.552619939,-7.570436047,-6.410377356,-159.3953991,-11.95712192,-10.02160455,0.629333138,0.320858806,0.630832672,0.44562462,0.615881562,0.234462075,0.189831555,0.211162545,0.070860591,0.409147993
p02,575291.796,0.656,NOD,2,20,2.093465666,-7.278951952,-6.062018992,-160.8545534,-11.66563783,-9.673246182,0.628379822,0.313599914,0.63100034,0.441749215,0.615090728,0.229754075,0.190203965,0.21199514,0.069867597,0.395508307
p02,575291.843,0.703,NOD,2,21,0.967131946,-6.462947105,-6.045238719,-161.9808871,-10.84963298,-9.656465908,0.62707746,0.306525886,0.630919456,0.43601197,0.614257783,0.225008704,0.190460443,0.211003266,0.067308872,0.386331376
p02,575291.875,0.735,NOD,2,22,-0.077370093,-6.229453041,-5.675306851,-163.0253892,-10.61613892,-9.286534041,0.626434803,0.300858766,0.63027966,0.432997435,0.614218384,0.221765794,0.191063523,0.211231641,0.063939044,0.374437141
p02,575291.906,0.766,NOD,2,23,-0.538820138,-5.56536069,-5.686527923,-163.4868392,-9.952046566,-9.297755112,0.625673175,0.297312438,0.629680932,0.429440051,0.612971306,0.219033882,0.190661371,0.210406169,0.066620045,0.372035462
p02,575291.937,0.797,NOD,2,24,-1.054276343,-5.550977703,-5.752621315,-164.0022954,-9.937663579,-9.363848505,0.62551409,0.293496281,0.630249321,0.42698127,0.612747639,0.216560736,0.190542161,0.210420534,0.06700066,0.365627551
p02,575291.968,0.828,NOD,2,25,-1.752173444,-4.753372936,-5.499641125,-164.7001925,-9.140058812,-9.110868315,0.624948621,0.290594339,0.630248964,0.425279498,0.612790644,0.21487119,0.19047749,0.210408308,0.063828942,0.359886688
p02,575292,0.86,NOD,2,26,-1.897048123,-4.992248735,-5.679524788,-164.8450672,-9.378934611,-9.290751977,0.625440478,0.289025128,0.630834222,0.42319262,0.612804651,0.21387884,0.190638602,0.20931378,0.066281576,0.359012616
p02,575292.046,0.906,NOD,2,27,-2.369356101,-4.522864461,-5.490265721,-165.3173752,-8.909550337,-9.10149291,0.625136375,0.288267881,0.630402625,0.42350024,0.61288169,0.213976622,0.190614998,0.209523618,0.064290246,0.354572242
p02,575292.078,0.938,NOD,2,28,-2.360219358,-3.998678004,-5.38249312,-165.3082384,-8.38536388,-8.993720309,0.624896109,0.289158225,0.630224109,0.423945308,0.613016576,0.214615859,0.19096911,0.209329449,0.062206571,0.356100713
p02,575292.093,0.953,NOD,2,29,-2.49064051,-3.493258448,-5.29859303,-165.4386596,-7.879944324,-8.909820219,0.624853313,0.289898843,0.630026817,0.42414096,0.613031745,0.215466097,0.190615475,0.208674863,0.062017882,0.356692438
p02,575292.14,1,NOD,2,30,-1.96958089,-3.641911669,-5.464362122,-164.9176,-8.028597545,-9.075589312,0.625135481,0.291769177,0.630099595,0.424477845,0.612835377,0.216550492,0.190626204,0.207927354,0.064524728,0.36175464
p02,575292.171,1.031,NOD,2,31,-1.616114638,-3.129155833,-5.318935296,-164.5641337,-7.515841709,-8.930162486,0.624997735,0.293257236,0.629795194,0.425138503,0.612944603,0.217430979,0.190400243,0.207707524,0.063304184,0.365062641
p02,575292.203,1.063,NOD,2,32,-1.80100927,-3.30004821,-5.308030785,-164.7490283,-7.686734086,-8.919257974,0.624985754,0.294106156,0.629748821,0.426394522,0.612944156,0.218471617,0.190283597,0.207922906,0.063282378,0.363762419
p02,575292.25,1.11,NOD,2,33,-1.342836433,-3.410507992,-5.381291436,-164.2908555,-7.797193868,-8.992518625,0.625253618,0.295284957,0.629807889,0.42713061,0.613236368,0.218938403,0.190124631,0.208192207,0.063207224,0.366711872
p02,575292.265,1.125,NOD,2,34,-1.474085644,-3.496200045,-5.466409031,-164.4221047,-7.88288592,-9.07763622,0.625370324,0.295812964,0.630194724,0.427529186,0.613232702,0.219507933,0.190008461,0.208021253,0.063879374,0.366813633
p02,575292.296,1.156,NOD,2,35,-1.131487102,-4.253203167,-5.625651897,-164.0795062,-8.639889043,-9.236879086,0.625751913,0.296472043,0.630237877,0.427843451,0.613271832,0.219639532,0.190109789,0.208203919,0.065646699,0.369025285
p02,575292.343,1.203,NOD,2,36,-0.826666429,-4.43754687,-5.762126164,-163.7746855,-8.824232746,-9.373353353,0.625671744,0.296995521,0.630217612,0.428354323,0.613086224,0.21965415,0.190067112,0.208700173,0.066216194,0.370586039
p02,575292.359,1.219,NOD,2,37,-0.876541552,-4.780146266,-5.884402768,-163.8245606,-9.166832142,-9.495629958,0.625880897,0.297146887,0.630399644,0.428491235,0.6129511,0.219695762,0.190001547,0.208795473,0.06805101,0.370942548
p02,575292.406,1.266,NOD,2,38,-0.711499126,-4.526743983,-5.839161315,-163.6595182,-8.913429859,-9.450388505,0.625801325,0.297310591,0.630151629,0.427849948,0.61298275,0.219790481,0.190348089,0.208059467,0.067342809,0.372586312
p02,575292.437,1.297,NOD,2,39,-1.190286706,-3.749719365,-5.601240446,-164.1383058,-8.136405241,-9.212467635,0.62519598,0.296967298,0.630042911,0.428440154,0.612755954,0.219864339,0.189819336,0.208575815,0.065536136,0.369663948
p02,575292.468,1.328,NOD,2,40,-0.597471805,-4.512073877,-5.833015525,-163.5454909,-8.898759753,-9.444242714,0.625402808,0.297958672,0.629792631,0.428343713,0.612712175,0.219857693,0.189907074,0.208486021,0.066825491,0.374610149
p02,575292.5,1.36,NOD,2,41,-0.726663744,-4.645819927,-5.820711959,-163.6746828,-9.032505802,-9.431939148,0.625228107,0.298059672,0.629868567,0.429322541,0.612755358,0.220305741,0.189503729,0.2090168,0.065817959,0.371998477
p02,575292.531,1.391,NOD,2,42,-0.164814297,-4.459671749,-5.735040982,-163.1128334,-8.846357625,-9.346268171,0.62502712,0.299514234,0.629495561,0.429660529,0.612888306,0.22054074,0.190271378,0.209119789,0.063797371,0.37764716
p02,575292.562,1.422,NOD,2,43,-0.144835018,-3.840373391,-5.540969773,-163.0928541,-8.227059267,-9.152196963,0.624327064,0.300433308,0.628906488,0.430730402,0.612679511,0.221191309,0.189906538,0.209539093,0.061333077,0.378172862
p02,575292.593,1.453,NOD,2,44,0.14164428,-3.468207159,-5.498184698,-162.8063748,-7.854893035,-9.109411887,0.623833954,0.301917911,0.628337979,0.431032985,0.612629205,0.222206987,0.190006733,0.208825998,0.058970275,0.381709767
p02,575292.64,1.5,NOD,2,45,0.11234337,-4.153852261,-5.691300814,-162.8356757,-8.540538137,-9.302528004,0.624095201,0.304418713,0.628843188,0.433989704,0.612390816,0.224190362,0.190035284,0.209799342,0.06159059,0.382405161
p02,575292.656,1.516,NOD,2,46,0.500368224,-4.022618013,-5.773619689,-162.4476508,-8.409303889,-9.384846878,0.624024034,0.307475567,0.628835797,0.436053932,0.612443328,0.22603558,0.189618945,0.210018352,0.061073569,0.387775574
p02,575292.703,1.563,NOD,2,47,1.347488694,-4.709237253,-5.881484026,-161.6005304,-9.095923129,-9.492711216,0.624104381,0.30906415,0.628156722,0.437221557,0.612418234,0.226965897,0.190258145,0.21025566,0.061422581,0.390468694
p02,575292.734,1.594,NOD,2,48,1.529745599,-4.613745186,-5.882489489,-161.4182735,-9.000431062,-9.493716678,0.623910129,0.310194254,0.627971053,0.437862784,0.612066895,0.227084354,0.190113425,0.21077843,0.062295623,0.394299836
p02,575292.765,1.625,NOD,2,49,1.954974686,-4.988540122,-5.958067408,-160.9930444,-9.375225997,-9.569294598,0.624215484,0.310928583,0.627873182,0.437604815,0.61230737,0.227196537,0.19002527,0.210408278,0.062665949,0.397950342
p02,575292.796,1.656,NOD,2,50,1.690657683,-4.851237648,-6.023341015,-161.2573614,-9.237923524,-9.634568204,0.624173284,0.310569376,0.628159583,0.438198745,0.612290978,0.227379791,0.190117836,0.210818954,0.062499686,0.394602017
p02,575292.843,1.703,NOD,2,51,1.771048498,-5.030402115,-6.114263093,-161.1769706,-9.417087991,-9.725490283,0.624495924,0.310676843,0.628447056,0.438165426,0.612345099,0.227403976,0.190409541,0.21076145,0.063814156,0.39510483
p02,575292.859,1.719,NOD,2,52,1.533694565,-3.995759896,-6.041648374,-161.4143245,-8.382445772,-9.652875563,0.624428153,0.312859088,0.629288256,0.440155149,0.612605453,0.229096316,0.190623641,0.211058833,0.062021166,0.396869306
p02,575292.89,1.75,NOD,2,53,2.966468907,-7.278519214,-6.894257844,-159.9815502,-11.66520509,-10.50548503,0.627054334,0.320874512,0.630639195,0.445566535,0.613347262,0.234504081,0.189433396,0.211062454,0.072358263,0.409217411
p02,575292.937,1.797,NOD,2,54,4.405442519,-8.860109357,-7.656653469,-158.5425765,-13.24679523,-11.26788066,0.628079891,0.332938612,0.631336272,0.453224599,0.613220632,0.242551148,0.18920821,0.210673451,0.078533903,0.429040598
p02,575292.968,1.828,NOD,2,55,5.513495881,-9.219962261,-7.985144372,-157.4345232,-13.60664814,-11.59637156,0.629806697,0.343172044,0.632481992,0.460754067,0.614277333,0.250974931,0.188726366,0.209779136,0.082285081,0.439496103
p02,575293,1.86,NOD,2,56,6.43235074,-9.439713486,-7.940879234,-156.5156683,-13.82639936,-11.55210642,0.630387008,0.350054264,0.632537901,0.465233177,0.615549624,0.256133676,0.189086854,0.209099501,0.078468618,0.449166965
p02,575293.031,1.891,NOD,2,57,6.9632745,-9.013200039,-8.357155817,-155.9847446,-13.39988592,-11.96838301,0.631006241,0.353959054,0.633465528,0.465377092,0.615170479,0.258439347,0.189128935,0.206937745,0.08372998,0.461586679
p02,575293.062,1.922,NOD,2,58,7.199044323,-7.54844798,-8.159611257,-155.7489747,-11.93513386,-11.77083845,0.630191386,0.352449656,0.633153141,0.463369429,0.615422368,0.256985247,0.189867675,0.206384182,0.077785846,0.462556808
p02,575293.093,1.953,NOD,2,59,7.058778195,-7.917625838,-8.575863983,-155.8892409,-12.30431171,-12.18709117,0.629989088,0.347040474,0.633386731,0.458901644,0.614844471,0.25176087,0.190341473,0.207140774,0.07956551,0.45997513
p02,575293.14,2,NOD,2,60,5.896568828,-9.345903177,-8.782966396,-157.0514502,-13.73258905,-12.39419359,0.630521119,0.336728632,0.632976353,0.453245163,0.613928527,0.245077044,0.190120697,0.208168119,0.087273991,0.440276777
p02,575296.796,0,NOD,3,0,4.071076713,-4.8932553,-6.557276894,-158.8769423,-9.279941176,-10.16850408,0.62155509,0.320906729,0.62620002,0.445460916,0.609024376,0.22962977,0.194517016,0.215831146,0.06441963,0.422909114
p02,575296.843,0.047,NOD,3,1,4.302935988,-6.158258117,-7.115470795,-158.6450831,-10.54494399,-10.72669798,0.623720646,0.325933456,0.628501177,0.448049188,0.609646738,0.234135531,0.19399929,0.213913657,0.072546185,0.429135413
p02,575296.859,0.063,NOD,3,2,4.887349311,-5.514354509,-7.771262719,-158.0606698,-9.901040385,-11.38248991,0.624487162,0.333644271,0.629903913,0.453417033,0.6094248,0.242295787,0.192152739,0.211121246,0.078387444,0.432682574
p02,575296.906,0.11,NOD,3,3,5.857916315,-5.126289578,-8.351915401,-157.0901027,-9.512975453,-11.96314259,0.626405418,0.341669947,0.632092059,0.458042055,0.609916031,0.249746814,0.192101419,0.208295241,0.085836881,0.441311727
p02,575296.937,0.141,NOD,3,4,7.795834973,-7.117009909,-9.362483486,-155.1521841,-11.50369578,-12.97371068,0.63026762,0.35143289,0.635091186,0.462514013,0.611952871,0.253867105,0.192063034,0.208646908,0.095358012,0.467611937
p02,575296.968,0.172,NOD,3,5,7.873953447,-8.672463424,-9.85548391,-155.0740656,-13.0591493,-13.4667111,0.632382452,0.356191128,0.636047304,0.465008944,0.613483578,0.258440182,0.192546666,0.206568763,0.098152178,0.473212627
p02,575297.015,0.219,NOD,3,6,8.324932132,-8.012762216,-9.64383817,-154.6230869,-12.39944809,-13.25506536,0.633939445,0.361394703,0.636607766,0.468013227,0.614637852,0.261311777,0.191196084,0.20670145,0.100951823,0.484190732
p02,575297.031,0.235,NOD,3,7,-3.024452084,-22.77564339,174.2118388,-165.9724711,-27.16232927,170.6006116,0.635191917,0.3668347,0.637251854,0.469920695,0.61562708,0.265013821,0.191299498,0.204906873,0.102273333,0.496912949
p02,575297.062,0.266,NOD,3,8,-2.955732305,-22.92558735,174.5129633,-165.9037514,-27.31227322,170.9017361,0.635474324,0.369213283,0.636614859,0.470671713,0.616148263,0.266366243,0.191799164,0.20430547,0.100761967,0.503398366
p02,575297.109,0.313,NOD,3,9,-3.778224328,-23.2147495,174.6453126,-166.7262434,-27.60143538,171.0340855,0.636111498,0.368129194,0.637224734,0.470117301,0.616335839,0.266509846,0.191831231,0.203607455,0.103088839,0.499094436
p02,575297.14,0.344,NOD,3,10,9.162102118,-7.78045066,-9.712557202,-153.7859169,-12.16713654,-13.32378439,0.63625443,0.365783542,0.637960374,0.469497681,0.61622709,0.264695317,0.191549003,0.204802364,0.104554653,0.493589155
p02,575297.171,0.375,NOD,3,11,9.283432367,-7.651470547,-9.593439337,-153.6645867,-12.03815642,-13.20466653,0.636608541,0.361715555,0.638046384,0.465774804,0.616296828,0.259800941,0.191549897,0.205973864,0.106038758,0.494793915
p02,575297.203,0.407,NOD,3,12,9.316155923,-7.761389938,-9.610903612,-153.6318631,-12.14807581,-13.2221308,0.636671484,0.355885059,0.638647735,0.461793095,0.61698699,0.25422211,0.193121314,0.207570985,0.101928126,0.489774372
p02,575297.234,0.438,NOD,3,13,7.490914871,-8.434937735,-8.824189881,-155.4571042,-12.82162361,-12.43541707,0.634177566,0.344351023,0.636459231,0.456446171,0.617167145,0.246017337,0.193595052,0.210428834,0.087865988,0.46730139
p02,575297.265,0.469,NOD,3,14,6.635668361,-9.425698592,-8.691451503,-156.3123507,-13.81238447,-12.30267869,0.634308696,0.332630217,0.636436224,0.4506464,0.617165267,0.237085693,0.192115247,0.213560708,0.089235126,0.447388124
p02,575297.312,0.516,NOD,3,15,5.06766569,-10.12800139,-8.069955709,-157.8803534,-14.51468727,-11.6811829,0.633593202,0.3215895,0.634680927,0.444497585,0.616769433,0.229871616,0.192311704,0.21462597,0.087481772,0.427338239
p02,575297.343,0.547,NOD,3,16,3.553026553,-9.924313661,-7.589800261,-159.3949925,-14.31099954,-11.20102745,0.632712424,0.312577367,0.634286761,0.439508319,0.616563141,0.224667668,0.193398058,0.214840651,0.083502816,0.409185591
p02,575297.375,0.579,NOD,3,17,3.109991172,-9.51576467,-7.372881425,-159.8380279,-13.90245055,-10.98410861,0.632342815,0.306049913,0.63375169,0.435669363,0.61648497,0.219917238,0.194075346,0.215752125,0.081709737,0.39922052
p02,575297.406,0.61,NOD,3,18,2.044357277,-8.527297238,-7.017593719,-160.9036618,-12.91398311,-10.62882091,0.631450713,0.300877661,0.633451223,0.433256507,0.616159946,0.217340447,0.194308877,0.21591606,0.078693095,0.386896711
p02,575297.437,0.641,NOD,3,19,1.428820226,-7.9985444,-6.848939377,-161.5191988,-12.38523028,-10.46016657,0.630744874,0.297179401,0.633269727,0.430374742,0.61572656,0.215003818,0.194837213,0.215370923,0.077081344,0.381553746
p02,575297.468,0.672,NOD,3,20,0.340118734,-7.888883125,-6.776919463,-162.6079003,-12.275569,-10.38814665,0.629889488,0.294078171,0.63345325,0.429184854,0.615039319,0.213464692,0.194002032,0.215720162,0.076546463,0.37369469
p02,575297.515,0.719,NOD,3,21,0.045269507,-7.691879082,-6.843490732,-162.9027496,-12.07856496,-10.45471792,0.629739404,0.291956693,0.633521855,0.426465333,0.614607334,0.212046362,0.194341063,0.21441897,0.07786347,0.372683119
p02,575297.531,0.735,NOD,3,22,-0.772082064,-7.18127465,-6.950106742,-163.7201011,-11.56796053,-10.56133393,0.628975034,0.289905757,0.633810282,0.426272392,0.613607049,0.211055495,0.193921387,0.215216897,0.079248529,0.366375795
p02,575297.578,0.782,NOD,3,23,-0.868159494,-6.998611156,-6.976366603,-163.8161786,-11.38529703,-10.58759379,0.628433347,0.288894057,0.633556664,0.424739897,0.613272876,0.210501298,0.193966389,0.214238599,0.0781603,0.365913329
p02,575297.609,0.813,NOD,3,24,-0.817403517,-7.006814245,-7.070634618,-163.7654226,-11.39350012,-10.68186181,0.627948999,0.289092034,0.633115649,0.425231934,0.612559497,0.210756585,0.193621695,0.214475349,0.079482323,0.365242204
p02,575297.64,0.844,NOD,3,25,-0.627869315,-7.059040201,-7.184664352,-163.5758884,-11.44572608,-10.79589154,0.627523839,0.28958568,0.633037925,0.425012797,0.612250298,0.210703135,0.193711698,0.214309663,0.078846767,0.368077409
p02,575297.671,0.875,NOD,3,26,-0.703883015,-6.139058586,-7.056815312,-163.6519021,-10.52574446,-10.6680425,0.626596451,0.289753646,0.632547915,0.425115913,0.611845911,0.211079068,0.193698406,0.214036845,0.076152099,0.367574925
p02,575297.718,0.922,NOD,3,27,-0.766412751,-6.154563482,-7.149804829,-163.7144318,-10.54124936,-10.76103202,0.626329184,0.290031195,0.632384241,0.424557418,0.611315787,0.211559296,0.193409979,0.212998122,0.077624726,0.36841592
p02,575297.734,0.938,NOD,3,28,-1.161231612,-5.862018224,-7.204344891,-164.1092507,-10.2487041,-10.81557208,0.626126289,0.290000767,0.632400095,0.425438643,0.610823572,0.212454386,0.193332672,0.212984256,0.079152259,0.364094425
p02,575297.765,0.969,NOD,3,29,-0.657503524,-5.612197347,-7.123876938,-163.6055226,-9.998883223,-10.73510413,0.625660777,0.291542053,0.631892443,0.425857604,0.610911787,0.212838084,0.193122327,0.21301952,0.076371234,0.369468346
p02,575297.812,1.016,NOD,3,30,-0.584357989,-5.47582166,-7.109223281,-163.5323771,-9.862507536,-10.72045047,0.625403047,0.291779637,0.631777883,0.426500142,0.610916138,0.212916665,0.193236291,0.213583477,0.074969918,0.369237236
p02,575297.843,1.047,NOD,3,31,-0.357391152,-5.772417451,-7.189560927,-163.3054102,-10.15910333,-10.80078812,0.625246823,0.293045461,0.631815016,0.427757978,0.610858023,0.21330297,0.193108022,0.214455009,0.074511662,0.371837859
p02,575297.859,1.063,NOD,3,32,-0.237556827,-6.107435085,-7.138384615,-163.1855759,-10.49412096,-10.7496118,0.625090182,0.294225246,0.631357551,0.428552628,0.610781133,0.214163482,0.193020225,0.214389145,0.07413238,0.373441311
p02,575297.906,1.11,NOD,3,33,0.122594372,-6.20400403,-7.271163241,-162.8254247,-10.59068991,-10.88239043,0.625154257,0.295615464,0.631375909,0.429601133,0.610598534,0.215048216,0.193350673,0.214552917,0.075281468,0.375512249
p02,575297.921,1.125,NOD,3,34,0.369885936,-6.01924585,-7.449706833,-162.5781331,-10.40593173,-11.06093402,0.625260055,0.296765864,0.631649554,0.429620206,0.610437632,0.215872094,0.193242013,0.213748112,0.076703938,0.378453728
p02,575297.968,1.172,NOD,3,35,0.638774956,-6.31361886,-7.511225391,-162.3092441,-10.70030474,-11.12245258,0.625312686,0.297559619,0.631645083,0.430142581,0.610546827,0.216312319,0.193129361,0.213830262,0.076455794,0.379961653
p02,575298,1.204,NOD,3,36,1.013077894,-6.605877434,-7.639531944,-161.9349412,-10.99256331,-11.25075913,0.625384569,0.298410475,0.631467044,0.430880129,0.610358626,0.216587849,0.193248689,0.21429228,0.07775444,0.381827223
p02,575298.031,1.235,NOD,3,37,0.932479953,-6.534597341,-7.600490455,-162.0155391,-10.92128322,-11.21171764,0.625163198,0.298453867,0.631247878,0.430650651,0.61034146,0.217024468,0.193414569,0.213626184,0.076631963,0.381177055
p02,575298.062,1.266,NOD,3,38,1.003776624,-6.423618146,-7.526585622,-161.9442424,-10.81030402,-11.13781281,0.62499553,0.298747092,0.631020725,0.431065381,0.610357821,0.21709732,0.193458557,0.213968061,0.075663278,0.381597947
p02,575298.109,1.313,NOD,3,39,0.864382034,-6.412453145,-7.564226469,-162.083637,-10.79913902,-11.17545366,0.624986827,0.298572958,0.631204486,0.431109786,0.610266447,0.217061937,0.193037033,0.214047849,0.076256768,0.380807474
p02,575298.125,1.329,NOD,3,40,0.922158657,-6.533962377,-7.532437023,-162.0258604,-10.92064825,-11.14366421,0.625039339,0.298557252,0.630945027,0.430999935,0.610324502,0.217098236,0.193064451,0.213901699,0.076217227,0.380824538
p02,575298.171,1.375,NOD,3,41,1.157825918,-6.823215664,-7.589762067,-161.7901931,-11.20990154,-11.20098926,0.625253618,0.298958153,0.630930722,0.431262672,0.61040324,0.217165098,0.193238556,0.214097574,0.076849974,0.382036346
p02,575298.203,1.407,NOD,3,42,1.124351805,-7.192871109,-7.642947165,-161.8236673,-11.57955699,-11.25417435,0.625728309,0.29990527,0.631455958,0.43175739,0.610613406,0.217947565,0.193072498,0.213809825,0.078286155,0.383320575
p02,575298.234,1.438,NOD,3,43,1.469587694,-7.244702641,-7.574306929,-161.4784314,-11.63138852,-11.18553412,0.625647962,0.301689684,0.63114953,0.432970107,0.610771745,0.218748838,0.192963719,0.214221269,0.077093335,0.387173725
p02,575298.265,1.469,NOD,3,44,1.627897674,-6.727920615,-7.525724425,-161.3201214,-11.11460649,-11.13695161,0.625184774,0.303503543,0.631032586,0.434057713,0.610714138,0.219992325,0.192639947,0.214065388,0.075117529,0.390120137
p02,575298.296,1.5,NOD,3,45,1.77762521,-6.481964912,-7.499705764,-161.1703939,-10.86865079,-11.11093295,0.625233769,0.305204004,0.630897582,0.435443938,0.610645086,0.220867485,0.192858636,0.214576453,0.075644442,0.393037158
p02,575298.328,1.532,NOD,3,46,1.917540465,-6.332173439,-7.356016462,-161.0304786,-10.71885932,-10.96724365,0.624384105,0.306295216,0.630107522,0.436469316,0.610336065,0.221619576,0.192980111,0.21484974,0.072795273,0.394115626
p02,575298.375,1.579,NOD,3,47,2.111509427,-6.156190812,-7.195358175,-160.8365096,-10.54287669,-10.80658536,0.623728752,0.30686003,0.629412293,0.436713248,0.610379845,0.221514843,0.192946374,0.215198405,0.069184546,0.396588377
p02,575298.39,1.594,NOD,3,48,2.162794093,-6.059750543,-7.025878674,-160.785225,-10.44643642,-10.63710586,0.623266637,0.306923985,0.628297806,0.437201321,0.609916031,0.221768402,0.19324851,0.21543292,0.069085169,0.395276563
p02,575298.437,1.641,NOD,3,49,1.757846878,-5.621622786,-6.885718788,-161.1901722,-10.00830866,-10.49694598,0.622828484,0.306592762,0.627926707,0.437075406,0.609285444,0.221856326,0.1935004,0.21521908,0.069989724,0.393721767
p02,575298.468,1.672,NOD,3,50,1.867354045,-6.055214943,-6.837033849,-161.080665,-10.44190082,-10.44826104,0.622615337,0.306367636,0.627127945,0.436967313,0.609055549,0.221232101,0.193779886,0.215735212,0.069975211,0.394629758
p02,575298.5,1.704,NOD,3,51,1.790030399,-6.379756601,-6.860222037,-161.1579887,-10.76644248,-10.47144923,0.622503698,0.30549258,0.626750588,0.43661207,0.608803153,0.220663115,0.193745792,0.215948954,0.070714025,0.392821835
p02,575298.531,1.735,NOD,3,52,1.621909717,-6.083296293,-6.823407727,-161.3261093,-10.46998217,-10.43463492,0.622236848,0.304790735,0.626659513,0.435326099,0.608540088,0.220353357,0.193793416,0.214972742,0.070677117,0.392781787
p02,575298.578,1.782,NOD,3,53,1.769880553,-6.474470027,-6.937703944,-161.1781385,-10.8611559,-10.54893113,0.622017026,0.304734588,0.626940727,0.436524153,0.608169377,0.219853565,0.194001615,0.216670588,0.07137904,0.391751476
p02,575298.593,1.797,NOD,3,54,1.992189789,-6.031864503,-6.8428796,-160.9558293,-10.41855038,-10.45410679,0.621800005,0.304939985,0.62597698,0.435281932,0.608030498,0.219768442,0.194422662,0.21551349,0.070822543,0.395202839
p02,575298.64,1.844,NOD,3,55,1.788665606,-6.330860026,-6.888968081,-161.1593535,-10.7175459,-10.50019527,0.621430039,0.304576963,0.62602669,0.435703635,0.607498527,0.219698861,0.194281936,0.216004774,0.071707711,0.392945491
p02,575298.671,1.875,NOD,3,56,2.032300117,-7.008708147,-7.140131164,-160.9157189,-11.39539402,-10.75135835,0.621236503,0.304612339,0.625450969,0.435413331,0.60692817,0.219456181,0.194375634,0.21595715,0.073611764,0.394319696
p02,575298.703,1.907,NOD,3,57,1.799530329,-6.0462447,-6.94323112,-161.1484887,-10.43293058,-10.55445831,0.620179892,0.304721713,0.625267565,0.435297579,0.606483489,0.219672151,0.193951249,0.215625428,0.070617758,0.39443197
p02,575298.734,1.938,NOD,3,58,1.74044266,-6.565012053,-7.126148018,-161.2075764,-10.95169793,-10.73737521,0.619883537,0.304901302,0.625344336,0.43683961,0.606074125,0.219925217,0.193975925,0.216914393,0.071191374,0.391749406
p02,575298.781,1.985,NOD,3,59,2.067254553,-5.785066989,-7.113999133,-160.8807645,-10.17175286,-10.72522632,0.61923492,0.305591881,0.624400795,0.435587585,0.605584413,0.220124871,0.194271684,0.215462714,0.070265035,0.396667289
p02,575298.796,2,NOD,3,60,1.617906832,-5.571092789,-6.904187061,-161.3301122,-9.957778665,-10.51541425,0.618606329,0.305286199,0.624383748,0.436824024,0.605416179,0.22048746,0.193726718,0.216336563,0.068086376,0.391975989
p02,575308.343,0,NOD,4,0,17.41182122,-18.63346142,7.20197979,-145.5361978,-23.0201473,3.590752601,0.655984282,0.393254429,0.618114591,0.47958988,0.660880089,0.282652184,0.185693622,0.196937695,-0.026364968,0.561610334
p02,575308.375,0.032,NOD,4,1,18.86018738,-17.97781303,7.491388139,-144.0878317,-22.3644989,3.88016095,0.657881796,0.396394789,0.619275928,0.481245279,0.664530993,0.283806249,0.184847534,0.19743903,-0.035971246,0.570244596
p02,575308.406,0.063,NOD,4,2,19.53607079,-19.21884235,7.529989361,-143.4119483,-23.60552822,3.918762171,0.662823558,0.394921184,0.621486127,0.480927259,0.670352042,0.280885234,0.182178199,0.200042024,-0.041324834,0.570059964
p02,575308.453,0.11,NOD,4,3,18.21933636,-20.34219797,7.163657048,-144.7286827,-24.72888385,3.552429858,0.66742754,0.390130669,0.623426735,0.478217006,0.670584947,0.276237413,0.182149589,0.201979592,-0.017334143,0.563884966
p02,575308.468,0.125,NOD,4,4,15.55990776,-20.77046466,6.516732499,-147.3881113,-25.15715053,2.90550531,0.671502829,0.378261417,0.628672838,0.471797049,0.671264261,0.265297249,0.185184121,0.2064998,0.001288272,0.547042506
p02,575308.515,0.172,NOD,4,5,12.591996,-20.28421888,6.18372591,-150.3560231,-24.67090475,2.572498721,0.674584806,0.36235553,0.63344413,0.465502203,0.671596944,0.252467103,0.18771112,0.213035099,0.01591734,0.515823108
p02,575308.546,0.203,NOD,4,6,9.523953902,-21.81059891,6.068556769,-153.4240652,-26.19728478,2.45732958,0.678160429,0.344184607,0.637534916,0.456445634,0.673107117,0.237877242,0.190157115,0.218568392,0.026574402,0.486380322
p02,575308.578,0.235,NOD,4,7,7.118876062,-20.58636722,6.270432564,-155.829143,-24.97305309,2.659205374,0.68084836,0.324590862,0.640922606,0.446747661,0.673738539,0.22350736,0.190976977,0.223240301,0.03722868,0.452801316
p02,575308.609,0.266,NOD,4,8,5.003777165,-18.77212185,6.957446663,-157.9442419,-23.15880773,3.346219474,0.680504262,0.306405127,0.642658651,0.437214196,0.673843056,0.21233359,0.191246867,0.224880606,0.034830408,0.418317697
p02,575308.64,0.297,NOD,4,9,3.006314749,-17.56337859,7.11716468,-159.9417043,-21.95006447,3.50593749,0.679201186,0.29484126,0.642809987,0.429279268,0.671685815,0.205924205,0.192388356,0.223355062,0.039063543,0.398097331
p02,575308.671,0.328,NOD,4,10,2.85588398,-16.25863742,7.418150915,-160.0921351,-20.64532329,3.806923726,0.676603973,0.290890455,0.641969562,0.425523162,0.670355171,0.202486165,0.193005443,0.223036997,0.032376299,0.396366036
p02,575308.703,0.36,NOD,4,11,2.402045319,-15.89532662,7.187910427,-160.5459737,-20.2820125,3.576683238,0.675977111,0.288224071,0.641208887,0.423847139,0.668094575,0.200623058,0.192852557,0.223224081,0.040873378,0.392435319
p02,575308.75,0.407,NOD,4,12,2.675851742,-15.38862063,7.187165135,-160.2721673,-19.7753065,3.575937946,0.674004853,0.287043959,0.64035666,0.421687663,0.666870058,0.199279383,0.193202376,0.22240828,0.036929127,0.394610201
p02,575308.781,0.438,NOD,4,13,2.538543954,-15.667933,7.061230773,-160.4094751,-20.05461887,3.450003584,0.673658669,0.286584347,0.640176833,0.420616448,0.665877104,0.198909044,0.19243753,0.221707404,0.040436838,0.395455009
p02,575308.812,0.469,NOD,4,14,2.983376557,-15.91954038,7.220949134,-159.9646425,-20.30622625,3.609721944,0.671863437,0.286661297,0.638863742,0.420149386,0.665250957,0.198859185,0.192401707,0.221290201,0.034368093,0.396773611
p02,575308.843,0.5,NOD,4,15,2.778158061,-15.53551498,7.402849109,-160.169861,-19.92220085,3.79162192,0.670556068,0.286427796,0.637909949,0.419457257,0.664294004,0.198972367,0.192251623,0.22048489,0.03257223,0.396650442
p02,575308.875,0.532,NOD,4,16,2.947299896,-14.72615726,7.720154145,-160.0007192,-19.11284313,4.108926956,0.66915971,0.28685385,0.636900544,0.419154674,0.663809001,0.199241988,0.192691982,0.219912685,0.027768197,0.39839385
p02,575308.906,0.563,NOD,4,17,2.879988839,-14.34427375,7.984743124,-160.0680302,-18.73095963,4.373515934,0.667600453,0.28690064,0.635703385,0.418415189,0.663276374,0.200182155,0.19348824,0.218233034,0.022348017,0.397366444
p02,575308.937,0.594,NOD,4,18,2.917776647,-14.3183161,8.099092711,-160.0302424,-18.70500197,4.487865521,0.666421413,0.287459433,0.634666443,0.419807523,0.662977308,0.200530916,0.19372952,0.219276607,0.017777907,0.396433153
p02,575308.968,0.625,NOD,4,19,3.082833033,-14.42810393,8.10907612,-159.865186,-18.81478981,4.497848931,0.665464163,0.288763463,0.633637428,0.420226395,0.662050188,0.20070938,0.194432735,0.219517015,0.017558644,0.401126461
p02,575309,0.657,NOD,4,20,3.10447768,-13.65700209,8.248881721,-159.8435414,-18.04368797,4.637654532,0.664328218,0.289080381,0.632936478,0.420889735,0.661524981,0.201357335,0.194571197,0.2195324,0.014407252,0.399590431
p02,575309.046,0.703,NOD,4,21,3.099885074,-13.32621711,8.575067842,-159.848134,-17.71290298,4.963840653,0.663388312,0.289556235,0.632013321,0.42128709,0.661202669,0.201712288,0.194979727,0.219574802,0.01120959,0.40006388
p02,575309.062,0.719,NOD,4,22,2.836528311,-13.27797637,8.631275061,-160.1114908,-17.66466224,5.020047871,0.662943482,0.288993627,0.631768107,0.422216773,0.661125362,0.201950684,0.194615901,0.220266089,0.009342096,0.395171781
p02,575309.109,0.766,NOD,4,23,2.65187437,-12.95602096,8.875387853,-160.2961447,-17.34270684,5.264160664,0.662610531,0.288806707,0.631293297,0.422611296,0.661015421,0.202294126,0.194817483,0.22031717,0.008187713,0.392672893
p02,575309.14,0.797,NOD,4,24,2.650442978,-12.27589434,9.016784763,-160.2975761,-16.66258022,5.405557574,0.662237883,0.288626969,0.630822778,0.422608733,0.660679549,0.202441804,0.195088804,0.220166929,0.007987817,0.391453726
p02,575309.171,0.828,NOD,4,25,2.571054716,-12.32805546,9.229159009,-160.3769643,-16.71474134,5.61793182,0.661555409,0.289166242,0.630151987,0.422454476,0.660514057,0.203093335,0.194855273,0.219361141,0.005344237,0.392379919
p02,575309.203,0.86,NOD,4,26,2.644975912,-12.32395273,9.337471378,-160.3030431,-16.71063861,5.726244189,0.66105783,0.289267451,0.629402936,0.422729492,0.660304964,0.203587025,0.194746196,0.219142467,0.003865884,0.390980472
p02,575309.234,0.891,NOD,4,27,2.621148418,-12.33528209,9.394257647,-160.3268706,-16.72196797,5.783030457,0.660583258,0.290031105,0.629119873,0.42273283,0.659941554,0.204231553,0.194632292,0.218501277,0.003297005,0.392673002
p02,575309.281,0.938,NOD,4,28,2.34929448,-11.91901545,9.512388583,-160.5987246,-16.30570133,5.901161394,0.659778297,0.290126204,0.62867111,0.423440218,0.659516782,0.205146819,0.194335639,0.218293399,0.001345689,0.389289762
p02,575309.312,0.969,NOD,4,29,2.45481488,-11.91744652,9.691483095,-160.4932042,-16.3041324,6.080255906,0.65897274,0.291128814,0.627597749,0.424610078,0.659193218,0.205793038,0.194461703,0.21881704,-0.001133784,0.389986886
p02,575309.343,1,NOD,4,30,2.7037151,-11.53182774,9.838056031,-160.244304,-15.91851362,6.226828842,0.658658922,0.292229414,0.626949787,0.425702751,0.659232646,0.206775203,0.194338322,0.218927547,-0.002952194,0.39033101
p02,575309.375,1.032,NOD,4,31,2.847644389,-11.70529702,9.693034983,-160.1003747,-16.09198289,6.081807793,0.658970714,0.29348591,0.627289295,0.426024258,0.65904218,0.207381614,0.194194436,0.218642645,-0.000368012,0.39381291
p02,575309.406,1.063,NOD,4,32,3.285182063,-11.42813998,9.726025214,-159.662837,-15.81482586,6.114798025,0.658280849,0.294831514,0.626734495,0.426665187,0.659062326,0.208109587,0.194138706,0.218555599,-0.004025351,0.396795722
p02,575309.437,1.094,NOD,4,33,3.467409321,-11.80495109,9.559876137,-159.4806097,-16.19163697,5.948648948,0.65835017,0.295902073,0.626954317,0.427534938,0.659142315,0.208877161,0.194165468,0.218657777,-0.004079746,0.397995962
p02,575309.468,1.125,NOD,4,34,3.659639637,-11.32743765,9.669750287,-159.2883794,-15.71412353,6.058523098,0.658450186,0.297013134,0.626968801,0.427440107,0.659207225,0.209365442,0.19429636,0.218074664,-0.003896309,0.401915975
p02,575309.515,1.172,NOD,4,35,3.832786964,-11.34417514,9.812984126,-159.1152321,-15.73086102,6.201756937,0.657689333,0.297762811,0.626374662,0.428195477,0.659445882,0.210231632,0.193991005,0.217963845,-0.009054795,0.401585774
p02,575309.531,1.188,NOD,4,36,3.899816401,-11.41057171,9.786919942,-159.0482027,-15.79725758,6.175692752,0.657660723,0.299014926,0.626484096,0.429409117,0.659589529,0.211317785,0.193695962,0.218091331,-0.009957907,0.402111997
p02,575309.578,1.235,NOD,4,37,4.1274912,-11.87674682,9.677711348,-158.8205279,-16.2634327,6.066484158,0.657639921,0.300453722,0.626034915,0.431102037,0.659463406,0.212176792,0.193637848,0.218925245,-0.009416986,0.403228646
p02,575309.609,1.266,NOD,4,38,3.910834673,-11.45877218,9.702571717,-159.0371844,-15.84545806,6.091344528,0.657353103,0.301333994,0.625999868,0.431947172,0.659010142,0.213260584,0.193671167,0.218686588,-0.00855594,0.40273805
p02,575309.64,1.297,NOD,4,39,4.081295389,-11.49140807,9.748554667,-158.8667237,-15.87809395,6.137327478,0.656939566,0.302802831,0.625569046,0.432827473,0.658886552,0.21450913,0.193832576,0.218318343,-0.010044678,0.404426399
p02,575309.671,1.328,NOD,4,40,4.111057544,-11.0062677,9.858623166,-158.8369615,-15.39295358,6.247395976,0.656297922,0.304565877,0.625237644,0.434153795,0.658553541,0.216318548,0.193383873,0.217835248,-0.011663944,0.405110422
p02,575309.718,1.375,NOD,4,41,3.891405688,-11.07477837,9.850725117,-159.0566134,-15.46146425,6.239497928,0.655591607,0.306404322,0.625051737,0.436087728,0.657990575,0.218365587,0.193612754,0.21772214,-0.012390546,0.404362804
p02,575309.734,1.391,NOD,4,42,4.286153491,-10.7706348,9.775699241,-158.6618656,-15.15732067,6.164472051,0.655108511,0.308986545,0.624542594,0.437532037,0.657624036,0.22052823,0.192939103,0.217003807,-0.01303792,0.40763485
p02,575309.781,1.438,NOD,4,43,4.090587058,-10.83665012,9.813047359,-158.857432,-15.22333599,6.20182017,0.654435456,0.310665935,0.624391675,0.439216435,0.65739125,0.222083546,0.192878544,0.217132889,-0.01532464,0.407963941
p02,575309.812,1.469,NOD,4,44,4.47345904,-10.86952848,9.560106512,-158.47456,-15.25621436,5.948879323,0.654358387,0.312497258,0.624417841,0.440170228,0.656906188,0.223891892,0.192707837,0.216278337,-0.013221053,0.409682116
p02,575309.843,1.5,NOD,4,45,4.200889485,-11.24067018,9.308835748,-158.7471296,-15.62735606,5.697608558,0.654301882,0.313696742,0.624689341,0.441311151,0.656246573,0.225390986,0.192276597,0.215920165,-0.010114028,0.408974106
p02,575309.875,1.532,NOD,4,46,4.282280598,-11.81516715,8.872627182,-158.6657385,-16.20185303,5.261399993,0.654677689,0.315413594,0.625316799,0.442210615,0.655697286,0.227083288,0.19164288,0.215127327,-0.005320297,0.410595472
p02,575309.906,1.563,NOD,4,47,3.643114236,-11.11150048,9.253888438,-159.3049048,-15.49818636,5.642661248,0.653301179,0.316341132,0.624648511,0.443387955,0.655057281,0.228950255,0.191294551,0.214437701,-0.009180093,0.407535042
p02,575309.937,1.594,NOD,4,48,3.548894347,-11.21286411,9.274789127,-159.3991247,-15.59954999,5.663561938,0.652994514,0.318473637,0.624263823,0.444699943,0.654533416,0.23130472,0.190443039,0.213395223,-0.008080645,0.408485794
p02,575309.984,1.641,NOD,4,49,3.820611486,-12.13556375,8.912567334,-159.1274076,-16.52224963,5.301340145,0.653108716,0.32167381,0.624242187,0.447136462,0.653987974,0.234337345,0.189389765,0.212799117,-0.004642584,0.410417425
p02,575310.015,1.672,NOD,4,50,3.519058437,-11.54476594,8.988039888,-159.4289606,-15.93145181,5.376812699,0.652678072,0.324818015,0.623885512,0.450182945,0.65337199,0.237925395,0.188361526,0.212257549,-0.003683965,0.409373518
p02,575310.046,1.703,NOD,4,51,3.490206073,-11.86055002,8.707898739,-159.457813,-16.2472359,5.09667155,0.652276278,0.32966876,0.624064744,0.453759074,0.652459204,0.242304847,0.187913895,0.211454228,-0.00097346,0.413157564
p02,575310.078,1.735,NOD,4,52,3.363706994,-13.03170405,8.37781136,-159.5843121,-17.41838992,4.766584171,0.652427375,0.334553957,0.623941123,0.457689494,0.651616096,0.247420967,0.186478853,0.210268527,0.004350514,0.414389122
p02,575310.125,1.782,NOD,4,53,3.562711193,-13.44034898,7.94918974,-159.3853079,-17.82703486,4.33796255,0.652239323,0.340646863,0.624395013,0.462315559,0.650989503,0.253082253,0.184954941,0.209233306,0.00675743,0.418502252
p02,575310.14,1.797,NOD,4,54,3.754076525,-13.48397507,7.243551687,-159.1939425,-17.87066094,3.632324498,0.652727067,0.349059761,0.625990748,0.469031751,0.65016067,0.259965293,0.183439136,0.209066458,0.013990456,0.426153809
p02,575310.171,1.828,NOD,4,55,2.877066437,-14.28377859,6.775760886,-160.0709526,-18.67046447,3.164533697,0.651270211,0.35760963,0.625261903,0.475953877,0.647111416,0.269336283,0.182345271,0.206617594,0.022807254,0.427230541
p02,575310.218,1.875,NOD,4,56,2.28826863,-13.74936761,7.180748724,-160.6597504,-18.13605348,3.569521535,0.650954604,0.367217094,0.625281513,0.483264565,0.646453381,0.281910971,0.179864109,0.201353595,0.025025691,0.423663273
p02,575310.234,1.891,NOD,4,57,2.697155712,-11.32109238,7.010755724,-160.2508634,-15.70777826,3.399528534,0.649604142,0.375791103,0.625571191,0.490139633,0.645202428,0.290278345,0.179368615,0.199861288,0.024540043,0.427860533
p02,575310.265,1.922,NOD,4,58,3.14733583,-12.18440472,6.412595168,-159.8006832,-16.5710906,2.801367979,0.6497491,0.385011017,0.626445591,0.497215122,0.645463169,0.298093274,0.178711891,0.199121848,0.023982353,0.436505306
p02,575310.312,1.969,NOD,4,59,3.220260506,-12.74854955,5.971046262,-159.7277586,-17.13523543,2.359819073,0.650572896,0.39364922,0.627861142,0.503186524,0.645580202,0.306079075,0.176421046,0.197107449,0.028299876,0.444276186
p02,575310.343,2,NOD,4,60,3.782156311,-12.24465049,5.753832943,-159.1658628,-16.63133637,2.142605753,0.650837421,0.401628792,0.628910303,0.509656906,0.646210939,0.31480743,0.174353719,0.194849476,0.026535039,0.445581708
p02,575316.078,0,NOD,5,0,11.83857575,39.30021428,160.4877992,-151.1094433,34.9135284,156.876572,0.271798968,0.681017756,0.316694707,0.72821188,0.247945555,0.571723729,0.174319163,0.15648815,0.136837588,0.698417272
p02,575316.109,0.031,NOD,5,1,9.936586785,36.93062724,161.1579431,-153.0114323,32.54394136,157.5467159,0.274297416,0.675757647,0.315557808,0.729797125,0.251566976,0.569695503,0.176305249,0.160101622,0.12892662,0.662467641
p02,575316.14,0.062,NOD,5,2,9.971131197,32.47274834,160.9960571,-152.9768879,28.08606246,157.3848299,0.276139587,0.670700073,0.315493971,0.731379449,0.251624554,0.563842148,0.182695404,0.167537302,0.134185274,0.637815725
p02,575316.171,0.093,NOD,5,3,10.30683032,31.53251627,164.2594219,-152.6411887,27.1458304,160.6481947,0.272467226,0.66436398,0.30918017,0.731394947,0.250821546,0.549867272,0.191325784,0.181527674,0.113135196,0.630739684
p02,575316.203,0.125,NOD,5,4,10.51021781,28.44665339,164.3897838,-152.4378013,24.05996752,160.7785566,0.273904741,0.651470959,0.307485819,0.724220276,0.247750856,0.534449458,0.201938838,0.189770818,0.129513892,0.61664645
p02,575316.234,0.156,NOD,5,5,7.019309341,31.10097416,166.5618383,-155.9287097,26.71428829,162.9506111,0.2696096,0.63661176,0.304117322,0.720382035,0.246993147,0.516274661,0.209411591,0.204107374,0.108000008,0.58957742
p02,575316.281,0.203,NOD,5,6,3.794092698,29.1688948,166.7932884,-159.1539264,24.78220892,163.1820612,0.269063026,0.617398679,0.302399874,0.712920666,0.246863484,0.501835257,0.213364214,0.211085409,0.104045289,0.547472338
p02,575316.312,0.234,NOD,5,7,3.594104754,2.863561608,-12.25769614,-159.3539143,-1.523124268,-15.86892333,0.267819494,0.601682842,0.301144183,0.706218004,0.246988535,0.487885579,0.21320945,0.218332425,0.097701856,0.521211004
p02,575316.343,0.265,NOD,5,8,1.179801475,2.428168479,-11.92437713,-161.7682176,-1.958517397,-15.53560431,0.267232805,0.586434484,0.299911141,0.699803531,0.247576147,0.476795346,0.213001788,0.223008186,0.092284006,0.491637281
p02,575316.39,0.312,NOD,5,9,-0.901356651,-0.376008684,-11.49266852,-163.8493757,-4.76269456,-15.10389571,0.266898483,0.572397351,0.298471183,0.692174196,0.248737484,0.466898203,0.214481771,0.225275993,0.084673857,0.468310657
p02,575316.406,0.328,NOD,5,10,-2.071636469,-2.104698343,-10.64726369,-165.0196555,-6.491384219,-14.25849088,0.265924394,0.560945749,0.29654038,0.686365247,0.249218643,0.457196683,0.21508652,0.229168564,0.077669914,0.452719451
p02,575316.437,0.359,NOD,5,11,-3.390104849,-1.720287659,-9.532189456,-166.3381239,-6.106973535,-13.14341665,0.265356869,0.552091539,0.29441911,0.681973457,0.251067102,0.450242296,0.215662181,0.231731161,0.066259956,0.439514662
p02,575316.484,0.406,NOD,5,12,-4.78903501,-0.106684865,-8.522232028,-167.7370541,-4.493370741,-12.13345922,0.265266269,0.545630693,0.293263674,0.678245306,0.253263526,0.445515379,0.214954525,0.232729927,0.055838526,0.430178085
p02,575316.515,0.437,NOD,5,13,-5.223525224,-1.821166223,-7.897861029,-168.1715443,-6.207852099,-11.50908822,0.266437262,0.540831149,0.292484611,0.674490213,0.25494732,0.442371696,0.216260135,0.232118517,0.053130193,0.4241775
p02,575316.546,0.468,NOD,5,14,-5.214462953,-2.789342562,-7.653573819,-168.162482,-7.176028438,-11.26480101,0.267714202,0.537328959,0.292595893,0.671348095,0.25618127,0.440424636,0.216249436,0.230923459,0.053331619,0.419638277
p02,575316.578,0.5,NOD,5,15,-5.768301646,-2.950067809,-7.25098432,-168.7163207,-7.336753685,-10.86221151,0.268358767,0.535144269,0.292256117,0.669540048,0.25787437,0.439195052,0.215467975,0.230344996,0.048658727,0.416545701
p02,575316.609,0.531,NOD,5,16,-5.899278181,-2.905013922,-7.03040939,-168.8472972,-7.291699797,-10.64163658,0.269718826,0.53365624,0.29282698,0.66863811,0.259134263,0.438399762,0.215381861,0.230238348,0.049143243,0.413729851
p02,575316.64,0.562,NOD,5,17,-5.60557061,-3.15618419,-6.824668979,-168.5535897,-7.542870066,-10.43589617,0.271004379,0.533230186,0.293260068,0.667474747,0.260382831,0.437431991,0.215030015,0.230042756,0.049395652,0.416436476
p02,575316.671,0.593,NOD,5,18,-5.584462892,-3.693065948,-6.745495793,-168.532482,-8.079751824,-10.35672298,0.272577137,0.53180325,0.29451251,0.666021764,0.261920258,0.436205149,0.214530349,0.229816616,0.049675388,0.415975587
p02,575316.703,0.625,NOD,5,19,-5.440411962,-2.631835116,-6.647399405,-168.388431,-7.018520992,-10.25862659,0.273418874,0.530836165,0.295415968,0.664468884,0.263139024,0.43491748,0.213141307,0.229551405,0.048230206,0.417852748
p02,575316.734,0.656,NOD,5,20,-5.347475073,-4.35496032,-6.743256289,-168.2954941,-8.741646196,-10.35448348,0.27522105,0.529644966,0.296823502,0.66333735,0.264415875,0.433934793,0.21342206,0.229402557,0.0506282,0.417214936
p02,575316.781,0.703,NOD,5,21,-5.602619294,-5.191380244,-6.699474063,-168.5506384,-9.57806612,-10.31070125,0.27702105,0.528618276,0.298019916,0.662840426,0.266225249,0.434044763,0.213413656,0.228795663,0.050586275,0.413353608
p02,575316.812,0.734,NOD,5,22,-5.404393595,-6.735622592,-7.091049993,-168.3524127,-11.12230847,-10.70227718,0.279228359,0.528285801,0.300299346,0.661916435,0.267379768,0.435670078,0.212152883,0.226246357,0.055849306,0.409357856
p02,575316.843,0.765,NOD,5,23,-4.569377633,-9.195054566,-7.706529782,-167.5173967,-13.58174044,-11.31775697,0.28184244,0.528593659,0.302511245,0.660812259,0.268218845,0.436612636,0.212659627,0.224199623,0.064062913,0.410263953
p02,575316.875,0.797,NOD,5,24,-4.42455458,-10.19396921,-8.118094817,-167.3725736,-14.58065509,-11.72932201,0.284027547,0.528508425,0.30501765,0.660246372,0.269515067,0.43731989,0.212230831,0.222926483,0.068380636,0.409052052
p02,575316.906,0.828,NOD,5,25,-4.269275173,-11.70223118,-8.360899899,-167.2172942,-16.08891706,-11.97212709,0.286713779,0.528317809,0.307420254,0.659690678,0.271251962,0.437210321,0.211911112,0.222480357,0.072963693,0.409508008
p02,575316.937,0.859,NOD,5,26,-4.41016664,-10.80281639,-8.285175634,-167.3581857,-15.18950226,-11.89640282,0.288021088,0.528471172,0.309162557,0.659626007,0.273092918,0.437522545,0.211443454,0.222103462,0.070601238,0.409487658
p02,575316.984,0.906,NOD,5,27,-4.45606781,-11.4367025,-8.29623757,-167.4040869,-15.82338837,-11.90746476,0.290444225,0.528603435,0.311163336,0.659388602,0.275582239,0.437766328,0.210886002,0.221622273,0.070474028,0.409873542
p02,575317.015,0.937,NOD,5,28,-4.33986023,-12.03686428,-8.626384605,-167.2878793,-16.42355016,-12.23761179,0.292961329,0.528562248,0.313871622,0.659394205,0.277418867,0.438147932,0.210839733,0.221246272,0.073716952,0.408659158
p02,575317.046,0.968,NOD,5,29,-4.113101664,-11.70497948,-8.928695048,-167.0611207,-16.09166536,-12.53992224,0.295760959,0.529046834,0.317363888,0.658445895,0.280041933,0.438501731,0.209569275,0.219944164,0.07500635,0.411673132
p02,575317.078,1,NOD,5,30,-3.663230498,-10.61839466,-9.35196996,-166.6112496,-15.00508053,-12.96319715,0.29924041,0.530437946,0.321883321,0.659564853,0.283151269,0.438718215,0.208439469,0.220846638,0.077188555,0.415309613
p02,575317.109,1.031,NOD,5,31,-3.062708125,-9.889854388,-9.842852382,-166.0107272,-14.27654026,-13.45407957,0.303278476,0.532071292,0.326198429,0.659040928,0.286440611,0.439485356,0.207291067,0.219555572,0.081228127,0.421697047
p02,575317.14,1.062,NOD,5,32,-1.915238463,-10.45075515,-10.52839106,-164.8632575,-14.83744103,-14.13961825,0.308152437,0.534304738,0.331446081,0.658942282,0.290052027,0.440509558,0.20791243,0.218432724,0.087057857,0.429400771
p02,575317.187,1.109,NOD,5,33,-0.518043719,-10.95531169,-11.07122608,-163.4660628,-15.34199757,-14.68245327,0.313421577,0.53666389,0.336686343,0.659245491,0.294037051,0.441229001,0.207089707,0.21801649,0.093604487,0.437741609
p02,575317.218,1.14,NOD,5,34,-0.217987889,-11.48937993,-11.1580467,-163.166007,-15.87606581,-14.76927389,0.318416834,0.538162827,0.341043264,0.660735428,0.298294619,0.441734061,0.207301408,0.219001368,0.097067431,0.440311254
p02,575317.25,1.172,NOD,5,35,0.04786497,-11.78909022,-10.82173903,-162.9001541,-16.1757761,-14.43296622,0.323022634,0.539164007,0.344092876,0.66215378,0.302654237,0.441928327,0.208735198,0.220225453,0.09758008,0.441527889
p02,575317.281,1.203,NOD,5,36,0.198193892,-11.04353572,-10.22182965,-162.7498252,-15.43022159,-13.83305683,0.326543778,0.539958,0.346765429,0.663268566,0.30647444,0.441953227,0.210337758,0.221315339,0.095414816,0.442828652
p02,575317.312,1.234,NOD,5,37,0.220620279,-12.56005925,-9.341587615,-162.7273988,-16.94674513,-12.9528148,0.329861611,0.540376961,0.347387671,0.662912369,0.310304865,0.440885201,0.212684512,0.222027168,0.091951904,0.448106244
p02,575317.343,1.265,NOD,5,38,-0.180585369,-12.52479112,-7.960344283,-163.1286044,-16.911477,-11.57157147,0.332152754,0.540207922,0.347682118,0.663046658,0.314576417,0.440226167,0.214372441,0.222820491,0.081989722,0.448709877
p02,575317.375,1.297,NOD,5,39,-0.83141976,-13.49494052,-6.142769389,-163.7794388,-17.8816264,-9.753996578,0.33359158,0.539794326,0.345915407,0.664363742,0.31845355,0.439003184,0.215849251,0.225360557,0.070132419,0.44724393
p02,575317.406,1.328,NOD,5,40,-1.36522841,-14.12744938,-3.596076763,-164.3132475,-18.51413525,-7.207303952,0.333428055,0.539641619,0.341579139,0.664263844,0.32181903,0.438476667,0.217708677,0.225787178,0.053323668,0.44805446
p02,575317.421,1.343,NOD,5,41,-1.251521792,-13.79870368,-3.770575816,-164.1995409,-18.18538956,-7.381803005,0.333190888,0.540251315,0.341836661,0.663918197,0.321172319,0.438957497,0.217147335,0.2249607,0.055347531,0.450273391
p02,575317.468,1.39,NOD,5,42,-3.114960535,-14.2564653,3.78435555,-166.0629796,-18.64315118,0.173128361,0.32978332,0.540756464,0.32724452,0.667522073,0.327788517,0.438271806,0.218774676,0.229250267,0.009118073,0.4470427
p02,575317.515,1.437,NOD,5,43,-4.873174779,-12.71637507,8.488247633,-167.8211938,-17.10306095,4.877020444,0.328133076,0.540642142,0.318610698,0.667640686,0.332228631,0.439805508,0.217590332,0.227835178,-0.018822318,0.442585888
p02,575317.546,1.468,NOD,5,44,-4.630074313,-10.48778571,8.58428954,-167.5780934,-14.87447158,4.973062351,0.326726198,0.541355073,0.319046021,0.667257011,0.332409754,0.439898446,0.21680446,0.227358565,-0.026215126,0.446240622
p02,575317.593,1.515,NOD,5,45,-5.721261481,-10.04650649,16.07748248,-168.6692805,-14.43319236,12.46625529,0.32819128,0.541351795,0.307376266,0.664962411,0.343371719,0.443953618,0.209792525,0.221008793,-0.072359293,0.440698199
p02,575317.609,1.531,NOD,5,46,-4.748795837,-11.10009682,18.36612948,-167.6968149,-15.4867827,14.75490229,0.330557764,0.543540895,0.305527359,0.664434433,0.348555505,0.44364199,0.210984468,0.220792443,-0.085303633,0.452456177
p02,575317.625,1.547,NOD,5,47,-5.372188282,-10.24955913,18.32469685,-168.3202073,-14.636245,14.71346966,0.329871148,0.543165803,0.306398124,0.666005671,0.348471656,0.443781838,0.208936542,0.222223833,-0.089024679,0.447224601
p02,575317.671,1.593,NOD,5,48,-7.073319225,-11.32012572,21.36212456,-170.0213383,-15.7068116,17.75089737,0.33702299,0.538192451,0.306607574,0.661405981,0.35765785,0.442529351,0.205915198,0.21887663,-0.100210475,0.437064023
p02,575317.703,1.625,NOD,5,49,-4.899446394,-8.193565012,22.32508342,-167.8474655,-12.58025089,18.71385623,0.338593453,0.538242638,0.307986617,0.656468749,0.361923009,0.440972999,0.205641091,0.21549575,-0.11344793,0.451376137
p02,575317.718,1.64,NOD,5,50,-5.501599347,-12.5964919,22.16836006,-168.4496184,-16.98317778,18.55713287,0.340930045,0.538140476,0.308958292,0.655356169,0.362053156,0.440938011,0.20546636,0.214418158,-0.102805692,0.453331312
p02,575317.781,1.703,NOD,5,51,-5.181520784,-14.42656616,22.71784907,-168.1295398,-18.81325204,19.10662188,0.346792668,0.537221074,0.312784523,0.652882993,0.36842458,0.439319342,0.203854799,0.213563651,-0.10611431,0.458419452
p02,575317.812,1.734,NOD,5,52,-4.451030231,-12.22073081,22.67915474,-167.3990493,-16.60741669,19.06792755,0.349327236,0.537262619,0.316439688,0.651513457,0.370852441,0.439446881,0.204433888,0.212066576,-0.105291761,0.461250137
p02,575317.828,1.75,NOD,5,53,-5.376814633,-14.2580605,22.62690829,-168.3248337,-18.64474638,19.0156811,0.34999603,0.536274731,0.316164494,0.651984811,0.370393768,0.439052224,0.20524925,0.212932587,-0.099380327,0.456588202
p02,575317.875,1.797,NOD,5,54,0.458360507,-1.416343769,-159.0333275,-162.4896586,-5.803029644,-162.6445547,0.353550375,0.537152946,0.320218891,0.651753306,0.376242071,0.438702017,0.200843275,0.213051289,-0.11298211,0.462099663
p02,575317.921,1.843,NOD,5,55,-5.650368395,-13.40062943,22.38600108,-168.5983875,-17.78731531,18.77477389,0.355048686,0.534979403,0.322754085,0.651923895,0.377721593,0.438086018,0.20333913,0.213837877,-0.111502919,0.453116101
p02,575317.953,1.875,NOD,5,56,-5.746534572,-13.0673199,22.3967504,-168.6945536,-17.45400578,18.78552321,0.354894221,0.53491044,0.322650045,0.652438879,0.37765184,0.438097015,0.203022212,0.214341864,-0.112094235,0.451677631
p02,575317.984,1.906,NOD,5,57,-5.013845987,-14.62765815,21.75648186,-167.961865,-19.01434403,18.14525467,0.358834743,0.536168575,0.327264994,0.652226806,0.380590811,0.437039956,0.202097416,0.215186849,-0.107651391,0.460662997
p02,575318.015,1.937,NOD,5,58,-5.070967495,-14.77997542,21.31590265,-168.0189866,-19.16666129,17.70467546,0.360518128,0.53499198,0.329171479,0.652381361,0.381582424,0.435958311,0.203768253,0.21642305,-0.103373789,0.457592982
p02,575318.015,1.937,NOD,5,59,-5.111148631,-14.40584375,21.32302667,-168.0591677,-18.79252962,17.71179948,0.360407412,0.534528494,0.329272568,0.651965916,0.381475672,0.436053023,0.203718334,0.215912893,-0.103418576,0.456088887
p02,575318.078,2,NOD,5,60,-4.72538238,-14.34818411,21.18489167,-167.6734014,-18.73486999,17.57366448,0.362766355,0.533159256,0.331602663,0.650200367,0.384096578,0.43378225,0.202213585,0.216418117,-0.105483627,0.459189866
p02,575320.546,0,NOD,6,0,8.855336779,-13.91056624,11.63067841,-154.0926823,-18.29725211,8.019451222,0.673967123,0.557500303,0.636265755,0.64996779,0.679727018,0.437667802,0.200885534,0.212299988,-0.028672522,0.56444893
p02,575320.578,0.032,NOD,6,1,9.548148624,-12.97961294,10.99347394,-153.3998704,-17.36629881,7.382246753,0.678029358,0.562452495,0.641432881,0.652288735,0.682572037,0.444279194,0.200955629,0.208009541,-0.022605381,0.568114812
p02,575320.609,0.063,NOD,6,2,9.395507298,-14.17218369,11.34706533,-153.5525118,-18.55886956,7.735838144,0.680446565,0.566608548,0.642032981,0.652786553,0.684235752,0.449767038,0.198279202,0.203019515,-0.019110358,0.575518615
p02,575320.64,0.094,NOD,6,3,11.16966796,-13.59074036,11.7532093,-151.7783511,-17.97742623,8.141982116,0.681928515,0.570511043,0.643229246,0.653425932,0.68809852,0.455373317,0.197215915,0.198052615,-0.031285531,0.581349184
p02,575320.671,0.125,NOD,6,4,12.21971261,-12.78233882,12.7544182,-150.7283065,-17.1690247,9.143191007,0.682392061,0.57547915,0.643545806,0.655311465,0.690684587,0.461920932,0.193785906,0.193390533,-0.042792204,0.587196363
p02,575320.703,0.157,NOD,6,5,10.59013201,-11.98360036,12.92826466,-152.3578871,-16.37028623,9.317037473,0.679924369,0.577841341,0.643301964,0.656182647,0.686794788,0.463738248,0.192984998,0.192444399,-0.035600792,0.592914599
p02,575320.734,0.188,NOD,6,6,12.11280185,-11.10726738,12.67041062,-150.8352172,-15.49395326,9.059183433,0.679732382,0.578871548,0.642613888,0.657233357,0.687346935,0.463840857,0.195406914,0.1933925,-0.038967674,0.594804301
p02,575320.781,0.235,NOD,6,7,12.10165863,-9.654538553,12.67222374,-150.8463604,-14.04122443,9.060996555,0.677563131,0.576546192,0.642278373,0.654571831,0.685015917,0.46340704,0.193363428,0.191164792,-0.038542893,0.591840954
p02,575320.812,0.266,NOD,6,8,12.33761399,-9.405662673,12.26386225,-150.6104051,-13.79234855,8.652635065,0.675868869,0.572323143,0.641930103,0.653455973,0.685256034,0.45928964,0.196127832,0.194166332,-0.047862484,0.5821478
p02,575320.843,0.297,NOD,6,9,11.56086274,-11.7892607,10.39216907,-151.3871563,-16.17594658,6.780941883,0.676344573,0.565325081,0.642125666,0.648550868,0.68251279,0.449663162,0.197946429,0.198887706,-0.031161039,0.581543835
p02,575320.875,0.329,NOD,6,10,9.329333118,-13.91483119,7.842573513,-153.6186859,-18.30151706,4.231346324,0.678668618,0.551092386,0.646221161,0.643088639,0.680790037,0.432453871,0.202867389,0.210634768,-0.01045717,0.563242795
p02,575320.906,0.36,NOD,6,11,6.008348546,-15.45530525,6.336575918,-156.9396705,-19.84199112,2.725348729,0.681541979,0.534762204,0.650059104,0.63621819,0.677692473,0.416956469,0.202018082,0.219261721,0.019055257,0.537283635
p02,575320.937,0.391,NOD,6,12,1.374963975,-14.95381665,6.432235419,-161.5730551,-19.34050252,2.82100823,0.682829916,0.511525214,0.654868305,0.626631737,0.677373827,0.401125804,0.204309165,0.225505933,0.026705067,0.489563217
p02,575320.968,0.422,NOD,6,13,-1.192216427,-14.98943111,6.173060072,-164.1402355,-19.37611698,2.561832882,0.685860038,0.490393043,0.657538474,0.615628183,0.676228374,0.387223884,0.203719437,0.228404298,0.04727906,0.451695344
p02,575321,0.454,NOD,6,14,-4.455687708,-16.21990673,5.572433293,-167.4037068,-20.60659261,1.961206104,0.687399745,0.473002851,0.659906387,0.608355463,0.672691643,0.375387296,0.203363895,0.232968166,0.072324056,0.419008126
p02,575321.046,0.5,NOD,6,15,-5.916612467,-15.74779131,5.533272168,-168.8646315,-20.13447719,1.922044978,0.685118735,0.460804492,0.658791125,0.601167262,0.670161337,0.3683009,0.203421593,0.232866362,0.073529058,0.397238964
p02,575321.078,0.532,NOD,6,16,-6.358955326,-14.57004368,5.273737567,-169.3069744,-18.95672955,1.662510378,0.681647599,0.455134243,0.656489611,0.59587723,0.666261315,0.363762036,0.205068171,0.232115194,0.07503009,0.393650261
p02,575321.109,0.563,NOD,6,17,-6.068723639,-14.40818696,5.153660129,-169.0167427,-18.79487283,1.54243294,0.678174734,0.45200634,0.654272556,0.594610751,0.664269686,0.361384168,0.206046879,0.233226582,0.067484877,0.388558503
p02,575321.14,0.594,NOD,6,18,-6.690073947,-14.74069517,5.045458003,-169.638093,-19.12738105,1.434230814,0.677027762,0.450434834,0.6528427,0.593992591,0.661860168,0.361404017,0.206997693,0.232588574,0.073274218,0.382782419
p02,575321.171,0.625,NOD,6,19,-6.63947956,-14.92767437,4.926436033,-169.5874986,-19.31436025,1.315208844,0.675611854,0.449991226,0.651430488,0.593830407,0.66055879,0.361426815,0.207304358,0.232403591,0.072613349,0.381080216
p02,575321.203,0.657,NOD,6,20,-6.75071136,-14.62474629,4.759796639,-169.6987304,-19.01143217,1.14856945,0.67568481,0.449529022,0.651317239,0.593651474,0.659855157,0.361561388,0.207075715,0.232090086,0.07644379,0.379023662
p02,575321.25,0.704,NOD,6,21,-6.668903599,-14.37642928,4.502890424,-169.6169227,-18.76311515,0.891663235,0.674470782,0.449446619,0.651263058,0.593849182,0.659198195,0.361607134,0.206978381,0.232242048,0.073788323,0.378223862
p02,575321.281,0.735,NOD,6,22,-6.558027461,-14.54778915,4.287686519,-169.5060465,-18.93447503,0.676459329,0.673889637,0.449939489,0.651083946,0.593999565,0.658436477,0.361580089,0.207163513,0.232419476,0.074594023,0.380172102
p02,575321.312,0.766,NOD,6,23,-6.384429291,-14.34364963,4.281681008,-169.3324484,-18.7303355,0.670453819,0.673214376,0.450751364,0.650803924,0.593849838,0.65814063,0.36176154,0.207282603,0.232088298,0.072720751,0.383430897
p02,575321.343,0.797,NOD,6,24,-6.140258355,-14.45245392,4.450987062,-169.0882774,-18.8391398,0.839759872,0.67290616,0.451968253,0.650108457,0.595000625,0.657997489,0.362459347,0.207469821,0.232541278,0.07185947,0.384916204
p02,575321.39,0.844,NOD,6,25,-5.96315611,-14.18132367,4.524756847,-168.9111752,-18.56800955,0.913529658,0.672186852,0.452985793,0.649396777,0.595564723,0.657970101,0.363062918,0.207845747,0.232501805,0.068400489,0.386762052
p02,575321.406,0.86,NOD,6,26,-5.617376489,-14.39552364,4.487984813,-168.5653956,-18.78220952,0.876757624,0.672325432,0.454427272,0.649664819,0.596429408,0.658300102,0.363609135,0.20813334,0.232820272,0.067386275,0.390078304
p02,575321.437,0.891,NOD,6,27,-5.563755234,-14.06878582,4.443459164,-168.5117743,-18.45547169,0.832231974,0.672539353,0.455530941,0.650399804,0.596519649,0.658713728,0.364136413,0.208496153,0.232383236,0.066311176,0.393292262
p02,575321.484,0.938,NOD,6,28,-5.262172179,-13.97990639,4.473750905,-168.2101912,-18.36659227,0.862523715,0.672945261,0.45727548,0.650581121,0.597739279,0.659094781,0.365192384,0.208423078,0.232546896,0.066453679,0.39597646
p02,575321.515,0.969,NOD,6,29,-4.974666048,-13.96094089,4.294236897,-167.9226851,-18.34762677,0.683009708,0.673471034,0.458998442,0.651346624,0.598692,0.659543782,0.366154,0.208698273,0.232538,0.066733907,0.399265675
p02,575321.546,1,NOD,6,30,-4.505431998,-14.45276738,4.223426524,-167.4534511,-18.83945326,0.612199335,0.673844934,0.460517466,0.651537895,0.600397229,0.660501987,0.366268694,0.208346188,0.234128535,0.064042193,0.402551409
p02,575321.593,1.047,NOD,6,31,-4.004154037,-13.94043262,4.301213213,-166.9521731,-18.3271185,0.689986023,0.673608899,0.462377548,0.651402473,0.601575255,0.661034107,0.366859302,0.208740175,0.234715953,0.060241359,0.40695251
p02,575321.609,1.063,NOD,6,32,-3.701562067,-13.55092854,4.251143337,-166.6495811,-17.93761442,0.639916147,0.673811734,0.463750213,0.651512861,0.602326751,0.661418319,0.36779128,0.208999336,0.234535471,0.059298825,0.409144651
p02,575321.64,1.094,NOD,6,33,-3.416143744,-13.26755855,4.270814275,-166.3641628,-17.65424442,0.659587085,0.673677206,0.464664251,0.651466548,0.602877617,0.661717266,0.368257344,0.209628105,0.234620273,0.057053133,0.410906123
p02,575321.687,1.141,NOD,6,34,-3.450429953,-13.34509587,4.257143854,-166.398449,-17.73178174,0.645916665,0.673998296,0.465389967,0.651515841,0.603791416,0.66181007,0.368787974,0.209722579,0.235003442,0.058115946,0.41106629
p02,575321.718,1.172,NOD,6,35,-3.598653054,-13.17654721,4.430789241,-166.5466721,-17.56323308,0.819562052,0.673389614,0.465291947,0.651527941,0.603707731,0.662130624,0.369013503,0.209823787,0.234694228,0.053659262,0.41022928
p02,575321.75,1.204,NOD,6,36,-3.362609711,-12.84292797,4.435108909,-166.3106288,-17.22961384,0.82388172,0.673116267,0.465657949,0.651281118,0.60416913,0.662275076,0.368996024,0.209878087,0.235173106,0.051654706,0.411024572
p02,575321.781,1.235,NOD,6,37,-3.363272774,-12.8020155,4.334123408,-166.3112918,-17.18870138,0.722896219,0.673133492,0.466071993,0.651774168,0.603713632,0.662151366,0.3688059,0.21003437,0.234907731,0.05228728,0.414060841
p02,575321.812,1.266,NOD,6,38,-3.588287437,-12.41665784,4.302983923,-166.5363065,-16.80334371,0.691756733,0.672947288,0.465829909,0.651873589,0.603858948,0.661796451,0.368880257,0.209837258,0.234978691,0.053140405,0.412589123
p02,575321.843,1.297,NOD,6,39,-3.614725724,-12.20824067,4.412323473,-166.5627448,-16.59492654,0.801096284,0.6721102,0.466448426,0.65168035,0.604614019,0.661880821,0.368869305,0.209964693,0.235744715,0.04871952,0.413918597
p02,575321.89,1.344,NOD,6,40,-3.511876891,-11.99296822,4.211964518,-166.459896,-16.3796541,0.600737329,0.671972752,0.467355967,0.651866138,0.60469228,0.661322355,0.36952059,0.209941983,0.235171691,0.050730188,0.416016811
p02,575321.921,1.375,NOD,6,41,-3.514859446,-11.38045443,4.247056246,-166.4628785,-15.7671403,0.635829057,0.67096287,0.467744708,0.651606917,0.605349064,0.661195934,0.370038584,0.210270464,0.23531048,0.046449397,0.415222153
p02,575321.937,1.391,NOD,6,42,-3.44653209,-11.5676155,4.185848739,-166.3945512,-15.95430138,0.57462155,0.670618594,0.46847254,0.651362836,0.605953693,0.660719156,0.370307907,0.210892498,0.235645786,0.046940681,0.416577078
p02,575321.984,1.438,NOD,6,43,-3.168343569,-11.16909925,4.062995575,-166.1163626,-15.55578512,0.451768386,0.669643283,0.46956414,0.651190519,0.605882347,0.660066396,0.370544553,0.210863948,0.235337794,0.045417375,0.420755143
p02,575322.015,1.469,NOD,6,44,-2.996172072,-11.17301608,3.97426014,-165.9441911,-15.55970196,0.363032951,0.669251442,0.46994257,0.650870919,0.606179357,0.659533888,0.370591342,0.211142302,0.235588014,0.046023719,0.421715967
p02,575322.046,1.5,NOD,6,45,-3.018942607,-11.35866238,3.838662111,-165.9669617,-15.74534826,0.227434922,0.668703079,0.470235378,0.650570512,0.606648922,0.658688754,0.370837793,0.211072862,0.235811129,0.047444874,0.421513544
p02,575322.078,1.532,NOD,6,46,-2.712576611,-11.48535827,3.626166396,-165.6605957,-15.87204415,0.014939207,0.667823851,0.470674843,0.649799764,0.606447518,0.657474667,0.370831802,0.211097419,0.235615715,0.049025631,0.423753738
p02,575322.109,1.563,NOD,6,47,-2.455835404,-11.40884893,3.421807273,-165.4038545,-15.7955348,-0.189419917,0.666388512,0.470525116,0.649130821,0.605258167,0.656395465,0.370316565,0.21078074,0.234941602,0.047409676,0.426525358
p02,575322.14,1.594,NOD,6,48,-2.666251952,-11.26579552,3.288228449,-165.614271,-15.6524814,-0.32299874,0.665804207,0.469338983,0.64863646,0.604623973,0.655531377,0.369823411,0.210957885,0.234800562,0.048696121,0.423830212
p02,575322.187,1.641,NOD,6,49,-2.529761876,-11.02063165,3.147639318,-165.4777809,-15.40731753,-0.463587871,0.664188266,0.469020635,0.647831082,0.604308188,0.654301554,0.369744286,0.210575223,0.234563902,0.046950974,0.423237967
p02,575322.203,1.657,NOD,6,50,-2.275583417,-11.24223239,2.93558311,-165.2236025,-15.62891827,-0.67564408,0.663686275,0.468659639,0.647438228,0.603920937,0.653505355,0.36904031,0.210321546,0.234880626,0.048406455,0.424127484
p02,575322.25,1.704,NOD,6,51,-2.234295601,-11.21568529,2.862494438,-165.1823147,-15.60237117,-0.748732752,0.663057148,0.467641681,0.646729767,0.60216856,0.652631253,0.368370369,0.209828079,0.233798191,0.049687799,0.424602568
p02,575322.281,1.735,NOD,6,52,-2.730845601,-10.95600209,2.872602176,-165.6788647,-15.34268797,-0.738625013,0.661671281,0.466352403,0.645515203,0.601947427,0.65089795,0.368087143,0.209543288,0.233860284,0.051413391,0.420187895
p02,575322.312,1.766,NOD,6,53,-2.61205789,-11.13448469,2.782173155,-165.560077,-15.52117056,-0.829054034,0.660707951,0.465842664,0.645031571,0.601492643,0.65013811,0.367084041,0.209656775,0.234408602,0.050414973,0.421309722
p02,575322.343,1.797,NOD,6,54,-2.883004133,-11.49214623,2.731818753,-165.8310232,-15.8788321,-0.879408436,0.65955162,0.465060323,0.644158363,0.600841701,0.648854196,0.366612181,0.209711909,0.23422952,0.051010095,0.420306298
p02,575322.39,1.844,NOD,6,55,-2.787548478,-11.06022755,2.750485647,-165.7355675,-15.44691343,-0.860741542,0.657841206,0.465285897,0.642978966,0.601289034,0.647794366,0.366200551,0.210270762,0.235088482,0.047780488,0.421481073
p02,575322.406,1.86,NOD,6,56,-2.957837136,-11.20691516,2.632570225,-165.9058562,-15.59360103,-0.978656965,0.656460166,0.465728432,0.642219245,0.600819468,0.646221101,0.366393805,0.209941745,0.234425664,0.04877098,0.423736146
p02,575322.453,1.907,NOD,6,57,-3.081572295,-11.0766811,2.575367682,-166.0295914,-15.46336698,-1.035859508,0.655556977,0.465520263,0.641204715,0.601513267,0.645071805,0.36667195,0.210196257,0.234841317,0.049882774,0.420915341
p02,575322.484,1.938,NOD,6,58,-3.109486608,-11.21410471,2.73544238,-166.0575057,-15.60079058,-0.87578481,0.654185057,0.465575904,0.639404774,0.601745784,0.643767446,0.367429122,0.210080981,0.234316662,0.049588546,0.418863859
p02,575322.515,1.969,NOD,6,59,-2.946511822,-11.59630732,2.71939903,-165.8945309,-15.98299319,-0.89182816,0.652864337,0.465832353,0.637710214,0.602152228,0.642465562,0.367774472,0.209768474,0.234377757,0.049572632,0.418375371
p02,575322.546,2,NOD,6,60,-2.666467291,-11.3125267,2.898713237,-165.6144864,-15.69921257,-0.712513953,0.650239825,0.46625337,0.63552177,0.602089345,0.640947014,0.367599487,0.209911764,0.234489858,0.044270083,0.420717056
p02,575326.75,0,NOD,7,0,-2.441446849,-1.112375438,2.202001936,-165.3894659,-5.499061314,-1.409225254,0.807317615,0.463791579,0.791734695,0.608957529,0.796973318,0.359457418,0.234694481,0.249500111,0.044075586,0.418172803
p02,575326.781,0.031,NOD,7,1,-1.806285885,-1.405638498,2.055865127,-164.7543049,-5.792324374,-1.555362062,0.805912137,0.466596425,0.789757669,0.609156013,0.795105666,0.360730141,0.23573184,0.248425871,0.045842221,0.426148383
p02,575326.812,0.062,NOD,7,2,-1.991384153,-1.463990852,2.006115077,-164.9394032,-5.850676728,-1.605112113,0.80414921,0.467835218,0.788313448,0.610755324,0.793429315,0.362318128,0.23633045,0.248437196,0.045359772,0.424723395
p02,575326.843,0.093,NOD,7,3,-1.79331512,-1.108531532,2.051055627,-164.7413342,-5.495217408,-1.560171562,0.80233115,0.469759852,0.78688097,0.611697197,0.791925877,0.363989621,0.23557663,0.247707576,0.044169374,0.426996349
p02,575326.89,0.14,NOD,7,4,-1.650298151,-1.044920591,2.109284399,-164.5983172,-5.431606467,-1.50194279,0.801013649,0.471056402,0.785873592,0.612565577,0.791161835,0.364619687,0.235774636,0.24794589,0.041784873,0.429273962
p02,575326.921,0.171,NOD,7,5,-1.94093212,-0.273491395,2.23789832,-164.8889512,-4.660177271,-1.37332887,0.799390018,0.470855236,0.785167873,0.612987518,0.790376574,0.364814147,0.235250175,0.248173371,0.038314293,0.427286329
p02,575326.953,0.203,NOD,7,6,-1.608110124,0.306135951,2.262174001,-164.5561292,-4.080549925,-1.349053189,0.797930777,0.471417904,0.784066319,0.613152385,0.789777339,0.364884406,0.234328628,0.248267978,0.034794889,0.42910688
p02,575326.984,0.234,NOD,7,7,-1.534915525,0.20581552,2.119169819,-164.4829346,-4.180870356,-1.492057371,0.797556162,0.471412361,0.7839697,0.612858891,0.789176404,0.364854604,0.233848274,0.248004287,0.035834164,0.429660946
p02,575327.015,0.265,NOD,7,8,-1.532651134,0.301780037,1.871874248,-164.4806702,-4.084905839,-1.739352941,0.79723084,0.471638173,0.784115791,0.612511873,0.788260192,0.364685208,0.233813047,0.247826666,0.038366756,0.431563589
p02,575327.046,0.296,NOD,7,9,-1.495060364,0.525599067,1.849093161,-164.4430794,-3.861086809,-1.762134029,0.796747506,0.471437901,0.783763826,0.612242401,0.787925452,0.364648134,0.233650327,0.247594267,0.037757506,0.431309533
p02,575327.078,0.328,NOD,7,10,-1.62284869,0.551104209,1.828898857,-164.5708678,-3.835581667,-1.782328333,0.796387017,0.471380949,0.783735514,0.612093747,0.787701339,0.364811867,0.233604789,0.247281879,0.03718108,0.430961953
p02,575327.109,0.359,NOD,7,11,-1.280252049,0.114116479,1.734151546,-164.2282711,-4.272569397,-1.877075643,0.796518087,0.471928298,0.783933818,0.612191081,0.788145214,0.364773691,0.233893394,0.24741739,0.035797818,0.433092466
p02,575327.14,0.39,NOD,7,12,-1.164734669,-0.368001345,1.637855108,-164.1127537,-4.754687221,-1.973372081,0.796684325,0.471776038,0.783905923,0.612301767,0.788361102,0.364059985,0.233976245,0.248241782,0.035572938,0.433915889
p02,575327.187,0.437,NOD,7,13,-1.00289848,-0.08349574,1.72963281,-163.9509175,-4.470181616,-1.881594379,0.796427488,0.471838325,0.783457696,0.612495184,0.788474172,0.363885656,0.233835638,0.248609528,0.03401242,0.434225792
p02,575327.218,0.468,NOD,7,14,-0.975846445,0.008585962,1.808208208,-163.9238655,-4.378099914,-1.803018981,0.796441495,0.471466333,0.783234537,0.612313509,0.788529724,0.363661498,0.234081924,0.248652011,0.033799156,0.43355706
p02,575327.25,0.5,NOD,7,15,-0.807779872,0.016860449,1.874829067,-163.7557989,-4.369825427,-1.736398122,0.796399057,0.47172612,0.783103943,0.612470686,0.788678914,0.363488629,0.234434783,0.248982057,0.032930875,0.434720041
p02,575327.281,0.531,NOD,7,16,-0.793578311,-0.097660235,1.91229683,-163.7415974,-4.48434611,-1.698930359,0.796806872,0.471462429,0.783028007,0.612364292,0.788978726,0.363390878,0.234308839,0.248973414,0.033409522,0.434068638
p02,575327.312,0.562,NOD,7,17,-0.876185166,-0.556220289,1.813693858,-163.8242042,-4.942906164,-1.797533331,0.797911406,0.470891505,0.783877134,0.612363935,0.789405853,0.363176048,0.234391451,0.249187887,0.036287812,0.432266027
p02,575327.343,0.593,NOD,7,18,-0.811302177,-0.226500862,1.874609236,-163.7593212,-4.613186738,-1.736617953,0.798288107,0.470481545,0.783951104,0.611911952,0.789911717,0.362978414,0.234683454,0.248933539,0.035692289,0.431854749
p02,575327.39,0.64,NOD,7,19,-0.732168974,-0.278158442,1.722981096,-163.680188,-4.664844318,-1.888246093,0.798853874,0.470482796,0.784976125,0.611566782,0.790174663,0.36272487,0.234447718,0.248841912,0.037019815,0.433037688
p02,575327.406,0.656,NOD,7,20,-0.94904448,-0.161473623,1.765632946,-163.8970635,-4.548159499,-1.845594243,0.798807204,0.470290631,0.784910977,0.611731827,0.790168524,0.362629786,0.234442592,0.249102041,0.036847741,0.432195756
p02,575327.453,0.703,NOD,7,21,-0.839706752,-0.21355591,1.579217076,-163.7877258,-4.600241786,-2.032010113,0.799156129,0.470416933,0.785756528,0.611425638,0.790312111,0.36249195,0.234476566,0.248933688,0.037718132,0.433549127
p02,575327.484,0.734,NOD,7,22,-0.822024481,-0.275659974,1.480494016,-163.7700435,-4.66234585,-2.130733173,0.799223304,0.470372468,0.785959065,0.611115694,0.79018864,0.362292737,0.23458463,0.248822957,0.03851345,0.434363986
p02,575327.515,0.765,NOD,7,23,-0.953233168,-0.194799634,1.537625935,-163.9012522,-4.58148551,-2.073601254,0.799182534,0.469969809,0.785972953,0.610656202,0.790300786,0.362303913,0.234594584,0.248352289,0.037859986,0.433520854
p02,575327.546,0.796,NOD,7,24,-0.935510931,-0.44090646,1.459440827,-163.88353,-4.827592336,-2.151786362,0.799372256,0.470320016,0.786282122,0.610536039,0.790223747,0.362179205,0.234493256,0.248356834,0.039013951,0.435425148
p02,575327.593,0.843,NOD,7,25,-0.957389903,-0.303445764,1.512178926,-163.905409,-4.69013164,-2.099048264,0.799273968,0.470253021,0.786145508,0.610579967,0.790265858,0.362385139,0.234687805,0.248194829,0.038383373,0.434609707
p02,575327.625,0.875,NOD,7,26,-1.032595146,-0.486495819,1.57180493,-163.9806142,-4.873181695,-2.03942226,0.799440145,0.470447063,0.786190867,0.610583544,0.790393203,0.362615764,0.23429662,0.24796778,0.038613199,0.434860124
p02,575327.64,0.89,NOD,7,27,-0.920288726,-0.270711195,1.607449817,-163.8683078,-4.657397071,-2.003777372,0.799414337,0.470453143,0.786061227,0.610426545,0.790507615,0.362695158,0.234444797,0.247731388,0.037990701,0.434979139
p02,575327.671,0.921,NOD,7,28,-0.858886537,-0.611503797,1.542465107,-163.8069056,-4.998189673,-2.068762083,0.799741626,0.470815837,0.786284328,0.610434949,0.79048726,0.362629548,0.234318793,0.247805402,0.039494767,0.436577609
p02,575327.703,0.953,NOD,7,29,-0.911828059,-0.699214875,1.535959496,-163.8598471,-5.085900751,-2.075267693,0.799979329,0.470494926,0.786495984,0.610128403,0.790613443,0.362591699,0.233967006,0.247536704,0.0400308,0.435907991
p02,575327.75,1,NOD,7,30,-0.966266023,-0.619799767,1.512731473,-163.9142851,-5.006485643,-2.098495717,0.800012708,0.470442951,0.786740303,0.609893084,0.790621698,0.36259377,0.23393029,0.247299314,0.04014448,0.436107885
p02,575327.781,1.031,NOD,7,31,-0.734200677,-0.583396334,1.580331304,-163.6822197,-4.97008221,-2.030895886,0.799638748,0.470860481,0.786148489,0.609927177,0.790575206,0.362480432,0.233830094,0.247446746,0.038761229,0.437993432
p02,575327.812,1.062,NOD,7,32,-0.759465134,-0.230799787,1.598479514,-163.7074842,-4.617485663,-2.012747675,0.799383104,0.47037971,0.785984218,0.609776855,0.79041183,0.362492636,0.233546853,0.247284219,0.038413165,0.436287746
p02,575327.843,1.093,NOD,7,33,-0.808326169,0.210366188,1.580424704,-163.7563452,-4.176319688,-2.030802485,0.798820734,0.469363838,0.785795391,0.609306097,0.790237665,0.362085074,0.233186722,0.247221023,0.036807708,0.43393868
p02,575327.89,1.14,NOD,7,34,-0.91936984,-0.168883061,1.492433083,-163.8673889,-4.555568937,-2.118794106,0.798983812,0.468909442,0.785830438,0.608499169,0.789891839,0.361594319,0.232931793,0.24690485,0.039032771,0.434641616
p02,575327.921,1.171,NOD,7,35,-0.838360558,0.223235067,1.470894315,-163.7863796,-4.163450809,-2.140332874,0.798814714,0.468392104,0.785689354,0.608129025,0.789763153,0.361110523,0.2328825,0.247018501,0.038867503,0.434305852
p02,575327.937,1.187,NOD,7,36,-0.836614171,-0.081755277,1.309126573,-163.7846332,-4.468441153,-2.302100617,0.798887014,0.467909247,0.78606534,0.607644737,0.789599508,0.360619783,0.232872009,0.247024953,0.03988245,0.434326419
p02,575327.984,1.234,NOD,7,37,-0.903932605,-0.121395423,1.363305856,-163.8519517,-4.508081299,-2.247921333,0.798748195,0.467389852,0.785759866,0.607900441,0.789381027,0.360379547,0.232516646,0.247520894,0.04028601,0.432328371
p02,575328.015,1.265,NOD,7,38,-1.094467685,-0.18115444,1.243703739,-164.0424867,-4.567840316,-2.367523451,0.798913598,0.466729015,0.786114335,0.607541323,0.78919214,0.36015363,0.232768476,0.247387692,0.041764495,0.4308031
p02,575328.046,1.296,NOD,7,39,-0.837715253,-0.381819389,1.24818175,-163.7857343,-4.768505265,-2.363045439,0.798990965,0.466916025,0.785761118,0.607259035,0.789239347,0.359876364,0.232742369,0.247382671,0.041898765,0.432688595
p02,575328.078,1.328,NOD,7,40,-0.753746889,-0.644493873,1.214239552,-163.701766,-5.031179748,-2.396987637,0.799194515,0.467115223,0.785793424,0.607234001,0.789207995,0.359812543,0.232599139,0.247421458,0.042934466,0.433683809
p02,575328.109,1.359,NOD,7,41,-0.835334646,-0.990568419,1.031201339,-163.7833537,-5.377254295,-2.58002585,0.799328029,0.467634052,0.786336482,0.607384682,0.789002001,0.359884173,0.232925355,0.247500509,0.044331918,0.435352153
p02,575328.14,1.39,NOD,7,42,-0.806698231,-1.099012105,0.951942424,-163.7547173,-5.48569798,-2.659284766,0.799463153,0.468386263,0.78634131,0.60769701,0.788500369,0.360281914,0.232683182,0.247415096,0.04711464,0.436935135
p02,575328.187,1.437,NOD,7,43,-1.069600908,-0.977682078,0.877605406,-164.01762,-5.364367954,-2.733621783,0.799126744,0.468760163,0.786566615,0.608093739,0.788243741,0.360677093,0.232523859,0.247416645,0.046803814,0.436846394
p02,575328.218,1.468,NOD,7,44,-0.947526253,-0.795885796,0.86214501,-163.8955453,-5.182571672,-2.749082179,0.798677027,0.469012082,0.786243081,0.608087897,0.787979275,0.361112624,0.232823431,0.246975273,0.045947919,0.436883644
p02,575328.25,1.5,NOD,7,45,-0.715764156,-0.932038482,0.800169165,-163.6637832,-5.318724358,-2.811058025,0.798677862,0.469796181,0.786250174,0.608710766,0.78777349,0.36112912,0.232678413,0.247581646,0.046864561,0.438914041
p02,575328.281,1.531,NOD,7,46,-0.9527284,-0.898013877,0.937088368,-163.9007475,-5.284699753,-2.674138822,0.798491597,0.469351828,0.785841882,0.609082341,0.787624538,0.36132437,0.232807398,0.247757971,0.046678324,0.436020111
p02,575328.312,1.562,NOD,7,47,-0.882654774,-0.798078037,0.954545324,-163.8306738,-5.184763913,-2.656681865,0.798232913,0.469547242,0.785406709,0.609781384,0.787427098,0.361368835,0.233130038,0.248412549,0.046351022,0.435478832
p02,575328.343,1.593,NOD,7,48,-0.73179602,-0.725816381,1.012965198,-163.6798151,-5.112502257,-2.598261991,0.797875285,0.469466686,0.784924507,0.609564006,0.787329197,0.361327872,0.23346591,0.248236135,0.045171855,0.435628821
p02,575328.39,1.64,NOD,7,49,-0.742108737,-0.986170796,0.970118536,-163.6901278,-5.372856671,-2.641108653,0.797709405,0.469655275,0.784824669,0.60967803,0.787091881,0.361370131,0.233503997,0.248307899,0.045470418,0.436092225
p02,575328.406,1.656,NOD,7,50,-0.823184321,-0.707979616,0.911358281,-163.7712034,-5.094665491,-2.699868909,0.797447085,0.469404399,0.784695268,0.609409988,0.786760598,0.36126788,0.233623207,0.248142108,0.045742403,0.435784642
p02,575328.437,1.687,NOD,7,51,-0.870564245,-0.952330254,0.848684148,-163.8185833,-5.33901613,-2.762543042,0.797452748,0.469378978,0.785060525,0.609341383,0.786622941,0.361062139,0.23338604,0.248279244,0.046402974,0.436270214
p02,575328.484,1.734,NOD,7,52,-0.90366126,-1.12963016,0.750358856,-163.8516803,-5.516316036,-2.860868334,0.797546506,0.469750553,0.785244644,0.609660923,0.786326051,0.360947236,0.233263254,0.248713687,0.048102112,0.437464131
p02,575328.515,1.765,NOD,7,53,-0.957871514,-0.909357151,0.786724066,-163.9058906,-5.296043027,-2.824503123,0.797270656,0.469388694,0.784887433,0.609732509,0.786164433,0.36103107,0.233352363,0.248701438,0.047594216,0.435693593
p02,575328.546,1.796,NOD,7,54,-0.82518097,-0.795424713,0.739403821,-163.7732,-5.182110589,-2.871823369,0.797389627,0.469197124,0.784777462,0.609323561,0.78614819,0.360677242,0.233498096,0.248646319,0.048143587,0.436442745
p02,575328.593,1.843,NOD,7,55,-1.083207038,-0.789197797,0.641137647,-164.0312261,-5.175883673,-2.970089543,0.797437489,0.468614697,0.785330236,0.608975887,0.785904676,0.360459447,0.233203351,0.24851644,0.049453892,0.435203604
p02,575328.609,1.859,NOD,7,56,-1.159462977,-0.854564148,0.61306163,-164.107482,-5.241250024,-2.998165559,0.797697902,0.468506902,0.785789371,0.608827829,0.78600958,0.360226408,0.233415246,0.248601422,0.050075229,0.435558631
p02,575328.64,1.89,NOD,7,57,-1.172595293,-0.920426852,0.607291545,-164.1206144,-5.307112728,-3.003935645,0.79795742,0.468523443,0.785868347,0.608589351,0.785968572,0.360163152,0.233141899,0.248426199,0.051422968,0.436187049
p02,575328.687,1.937,NOD,7,58,-1.200197885,-0.886140707,0.625990299,-164.1482169,-5.272826583,-2.985236891,0.79799521,0.468606353,0.785964787,0.608518064,0.786013544,0.36021553,0.233068168,0.248302534,0.051408419,0.436527252
p02,575328.718,1.968,NOD,7,59,-1.025646858,-0.700941998,0.644230135,-163.9736659,-5.087627874,-2.966997055,0.797970355,0.468774676,0.78584075,0.608310223,0.786147803,0.360226303,0.232975483,0.248083919,0.050745904,0.437546993
p02,575328.75,2,NOD,7,60,-1.122920037,-0.677454156,0.618406618,-164.0709391,-5.064140032,-2.992820572,0.798287034,0.468815804,0.786334515,0.608202219,0.786210537,0.360340878,0.232753873,0.247861341,0.051885268,0.437643583
p02,575333.89,0,NOD,8,0,12.67991323,20.66462777,1.074613863,-150.2681058,16.27794189,-2.536613326,0.189971045,0.405002415,0.240794748,0.523734808,0.192571416,0.262338296,0.246088408,0.261396512,-0.01056682,0.545776676
p02,575333.921,0.031,NOD,8,1,10.49163265,21.2535779,1.137138117,-152.4563864,16.86689202,-2.474089072,0.184459835,0.390051693,0.235629156,0.519141316,0.189866591,0.250245109,0.247550063,0.268896207,-0.021841061,0.519927689
p02,575333.953,0.063,NOD,8,2,9.013984422,19.23234809,1.067916319,-153.9340346,14.84566222,-2.54331087,0.182958588,0.375560731,0.231224015,0.512601972,0.18842857,0.237554684,0.25388556,0.275047287,-0.021545068,0.50175389
p02,575333.984,0.094,NOD,8,3,7.406405067,18.296432,1.057492733,-155.541614,13.90974612,-2.553734456,0.182066083,0.360952675,0.229389444,0.507233083,0.189131934,0.226643816,0.257118747,0.280589268,-0.027480887,0.478667131
p02,575334.015,0.125,NOD,8,4,4.891570455,18.48827654,0.906336963,-158.0564486,14.10159067,-2.704890227,0.184239149,0.346754313,0.228514999,0.501841307,0.191770121,0.217399813,0.261045001,0.284441493,-0.028849326,0.45476663
p02,575334.062,0.172,NOD,8,5,3.544085842,17.49887265,0.619062164,-159.4039332,13.11218678,-2.992165025,0.185991704,0.335933149,0.228072241,0.49663797,0.193297155,0.209973514,0.261540651,0.286664456,-0.027932372,0.439397463
p02,575334.078,0.188,NOD,8,6,2.520347959,16.63973972,0.322496347,-160.4276711,12.25305385,-3.288730842,0.186928898,0.329363734,0.227276355,0.493286848,0.193889078,0.206314705,0.262882873,0.286972143,-0.026476353,0.428783878
p02,575334.109,0.219,NOD,8,7,2.141176122,16.56202018,0.347853126,-160.8068429,12.17533431,-3.263374063,0.186438322,0.326588035,0.226170033,0.490086406,0.193877764,0.204470731,0.259946242,0.285615675,-0.028619156,0.427558128
p02,575334.14,0.25,NOD,8,8,2.59326286,16.57593306,0.447679402,-160.3547562,12.18924719,-3.163547788,0.186384752,0.325645864,0.227208942,0.48740381,0.193953164,0.204923585,0.258643717,0.282480225,-0.029261919,0.427365416
p02,575334.187,0.297,NOD,8,9,1.968567334,15.94149886,0.24084222,-160.9794517,11.55481299,-3.370384969,0.18671298,0.325564027,0.226461321,0.487225115,0.194136009,0.206702508,0.259545326,0.280522607,-0.028600123,0.42371458
p02,575334.218,0.328,NOD,8,10,2.016789024,16.25191351,0.512688602,-160.93123,11.86522763,-3.098538587,0.186034158,0.326714814,0.225789398,0.487327874,0.194336955,0.207300626,0.25901486,0.280027248,-0.032055291,0.426437744
p02,575334.234,0.344,NOD,8,11,1.858966716,17.20587354,0.751692451,-161.0890523,12.81918767,-2.859534738,0.185015634,0.328015476,0.225103393,0.487289608,0.194613826,0.208358005,0.257427037,0.278931603,-0.037285096,0.428984993
p02,575334.281,0.391,NOD,8,12,1.747993753,16.80523004,0.572355111,-161.2000253,12.41854416,-3.038872078,0.185477257,0.328628629,0.225022078,0.487338573,0.194484502,0.209806897,0.258192718,0.277531676,-0.034885745,0.428137553
p02,575334.312,0.422,NOD,8,13,1.747842192,16.78368428,0.631815024,-161.2001769,12.3969984,-2.979412165,0.185298696,0.329445451,0.224347606,0.487387955,0.194199286,0.210654706,0.25774058,0.276733249,-0.034533135,0.429260835
p02,575334.343,0.453,NOD,8,14,1.830056102,16.96092528,0.71287124,-161.117963,12.57423941,-2.898355949,0.185041904,0.329926074,0.224104881,0.487887859,0.193835177,0.211451113,0.258109339,0.276436746,-0.034068012,0.428578914
p02,575334.39,0.5,NOD,8,15,1.924315233,17.11861023,0.783170469,-161.0237038,12.73192436,-2.828056721,0.184396937,0.330358505,0.223723397,0.488012791,0.19344588,0.211606532,0.256918378,0.276406258,-0.035221079,0.42962838
p02,575334.406,0.516,NOD,8,16,1.912829623,16.89878926,0.715097468,-161.0351894,12.51210338,-2.896129721,0.183785051,0.330729574,0.223187402,0.487697959,0.192955311,0.211994275,0.256284118,0.275703683,-0.035781618,0.430662721
p02,575334.437,0.547,NOD,8,17,1.971024269,16.65220539,0.743818709,-160.9769948,12.26551951,-2.86740848,0.184200525,0.331586897,0.222995773,0.488675356,0.192883927,0.212528691,0.256077021,0.276146665,-0.033909337,0.431141207
p02,575334.484,0.594,NOD,8,18,2.030185089,16.95562496,0.761677159,-160.917834,12.56893908,-2.84955003,0.182974786,0.33174938,0.222549081,0.488202959,0.192276314,0.212902568,0.255890369,0.275300391,-0.036349662,0.431698665
p02,575334.515,0.625,NOD,8,19,2.026750746,16.80629243,0.766386092,-160.9212683,12.41960655,-2.844841097,0.182795286,0.332201064,0.222173437,0.488875031,0.191964474,0.212900847,0.256348573,0.275974184,-0.035768436,0.432287595
p02,575334.546,0.656,NOD,8,20,2.095816413,16.60065359,0.907828549,-160.8522026,12.21396771,-2.70339864,0.182884604,0.332419842,0.221467197,0.489085436,0.191785239,0.213393025,0.256807469,0.275692411,-0.034658785,0.431737736
p02,575334.578,0.688,NOD,8,21,2.059927836,17.16529556,1.105903754,-160.8880912,12.77860968,-2.505323436,0.181977943,0.33363238,0.221168727,0.489121377,0.192138668,0.213879786,0.256314859,0.275241591,-0.039641578,0.435081751
p02,575334.609,0.719,NOD,8,22,2.205706925,16.73736649,0.953293468,-160.7423121,12.35068061,-2.657933722,0.182436302,0.334230363,0.221506804,0.489332676,0.191693947,0.214411139,0.256265156,0.274921536,-0.036125256,0.435830621
p02,575334.656,0.766,NOD,8,23,2.197946833,16.82038792,1.068357016,-160.7500722,12.43370204,-2.542870173,0.182088122,0.334822416,0.221219376,0.489729315,0.191728942,0.214899331,0.256521262,0.274829984,-0.037582929,0.436353717
p02,575334.687,0.797,NOD,8,24,2.377701391,16.2842844,1.075990493,-160.5703177,11.89759852,-2.535236697,0.182415977,0.335718572,0.221025959,0.490160644,0.19179903,0.215379864,0.25686463,0.27478078,-0.036529173,0.437944416
p02,575334.718,0.828,NOD,8,25,2.475414479,16.19703242,1.244253676,-160.4726046,11.81034654,-2.366973513,0.182400972,0.33668828,0.220539942,0.490699768,0.191794798,0.21597185,0.256646536,0.274727918,-0.036602193,0.439403578
p02,575334.75,0.86,NOD,8,26,2.619744596,15.97466647,1.409106447,-160.3282745,11.5879806,-2.202120742,0.183325842,0.337551683,0.22057201,0.491337597,0.192349814,0.216715112,0.257482179,0.274622485,-0.035046976,0.44000975
p02,575334.781,0.891,NOD,8,27,2.540865703,15.66092113,1.447954368,-160.4071534,11.27423526,-2.163272821,0.184353575,0.338148892,0.220877051,0.492841959,0.193100318,0.217516512,0.258436657,0.275325447,-0.033844824,0.438144681
p02,575334.812,0.922,NOD,8,28,2.649819951,15.08313273,1.419244147,-160.2981991,10.69644685,-2.191983042,0.185579509,0.339255124,0.221703574,0.493377149,0.194165435,0.217609473,0.259590589,0.275767677,-0.033074875,0.441116426
p02,575334.843,0.953,NOD,8,29,2.519930032,14.78805404,1.305886356,-160.428089,10.40136816,-2.305340833,0.186415881,0.339314163,0.221842274,0.493595839,0.194452152,0.217955321,0.259854853,0.275640517,-0.030925998,0.4402794
p02,575334.89,1,NOD,8,30,2.499294798,13.98327977,1.13747368,-160.4487243,9.596593892,-2.473753509,0.187747627,0.339236796,0.222389251,0.49422431,0.194663934,0.218543388,0.26008229,0.275680922,-0.026592764,0.437801089
p02,575334.921,1.031,NOD,8,31,2.695621885,14.31948722,1.266880183,-160.2523972,9.932801343,-2.344347006,0.18780902,0.339633465,0.2226706,0.494356036,0.194884058,0.218646795,0.260182612,0.275709242,-0.027192585,0.438819785
p02,575334.953,1.063,NOD,8,32,2.628564073,14.38292063,1.408853322,-160.319455,9.996234755,-2.202373868,0.188072383,0.339876711,0.222824246,0.494757354,0.195521995,0.218385816,0.260535926,0.276371539,-0.028593416,0.439592645
p02,575334.984,1.094,NOD,8,33,2.88802331,14.42654033,1.557729849,-160.0599958,10.03985446,-2.05349734,0.188389361,0.340459406,0.222958088,0.495213211,0.195840262,0.218666524,0.260340914,0.276546687,-0.028619785,0.440406226
p02,575335.015,1.125,NOD,8,34,2.895371511,14.21876495,1.495743374,-160.0526476,9.832079075,-2.115483815,0.188648298,0.340833634,0.223344624,0.495488256,0.196335819,0.219042331,0.259967059,0.276445925,-0.029571132,0.440561036
p02,575335.046,1.156,NOD,8,35,3.070720897,14.09356598,1.494161962,-159.8772982,9.706880104,-2.117065227,0.189371273,0.340874672,0.223835945,0.495672584,0.196590569,0.219251432,0.260298714,0.276421152,-0.027734659,0.439992524
p02,575335.078,1.188,NOD,8,36,2.99640577,14.24821241,1.596081756,-159.9516133,9.861526533,-2.015145434,0.18931365,0.341037154,0.224005178,0.495452225,0.197287235,0.219207123,0.260127343,0.276245102,-0.030652623,0.441021507
p02,575335.109,1.219,NOD,8,37,3.137474075,13.97400896,1.515434495,-159.810545,9.587323084,-2.095792694,0.189753473,0.341120392,0.224414602,0.495472014,0.197355203,0.218796514,0.260382138,0.2766755,-0.029194516,0.442120383
p02,575335.14,1.25,NOD,8,38,3.047073331,14.21565416,1.473323392,-159.9009457,9.828968289,-2.137903797,0.189743802,0.340220749,0.22455442,0.495100051,0.197307836,0.218417138,0.260139994,0.276682913,-0.029076784,0.440228166
p02,575335.187,1.297,NOD,8,39,2.881198522,14.40132797,1.515925355,-160.0668205,10.01464209,-2.095301834,0.189897478,0.339865625,0.224697441,0.494995475,0.197674524,0.218067296,0.259855695,0.276928179,-0.029928328,0.439819196
p02,575335.218,1.328,NOD,8,40,2.694012676,14.33542227,1.497485548,-160.2540064,9.948736393,-2.113741642,0.190012068,0.338938653,0.224519178,0.494653195,0.197953239,0.217679948,0.260201581,0.276973248,-0.030519305,0.437799343
p02,575335.25,1.36,NOD,8,41,2.718242173,14.26309268,1.574177154,-160.2297769,9.876406809,-2.037050035,0.190309629,0.338666528,0.224548295,0.494381726,0.19825482,0.217337929,0.260184526,0.277043797,-0.030536755,0.437940142
p02,575335.281,1.391,NOD,8,42,2.68232719,14.18214679,1.606040299,-160.2656919,9.795460912,-2.005186891,0.190221429,0.338494182,0.224514708,0.49424839,0.198423073,0.217150524,0.260079153,0.277097866,-0.031535184,0.437909029
p02,575335.312,1.422,NOD,8,43,2.605718605,14.20773443,1.694687072,-160.3423005,9.821048549,-1.916540117,0.190898314,0.338591576,0.224996909,0.494727731,0.19915301,0.217247002,0.260258667,0.277480729,-0.031717275,0.437308112
p02,575335.343,1.453,NOD,8,44,2.696503178,14.19070078,1.717774785,-160.2515159,9.804014906,-1.893452404,0.19118163,0.33928597,0.225228027,0.494565666,0.199334621,0.217696831,0.260454349,0.276868835,-0.031302958,0.439157911
p02,575335.39,1.5,NOD,8,45,2.736823072,14.28632966,1.775392201,-160.211196,9.89964378,-1.835834989,0.191257596,0.339551449,0.225559965,0.495002925,0.199586738,0.218009353,0.259995505,0.276993573,-0.032035715,0.438790312
p02,575335.406,1.516,NOD,8,46,2.501604145,14.71729759,1.817555317,-160.4464149,10.33061172,-1.793671873,0.190995961,0.339349151,0.225501597,0.494905829,0.200042546,0.218111008,0.259765103,0.276794821,-0.034826019,0.438007264
p02,575335.453,1.563,NOD,8,47,2.743060292,14.93961302,1.995980202,-160.2049588,10.55292714,-1.615246987,0.191028178,0.339813352,0.225519165,0.494879127,0.200242687,0.217947766,0.259216249,0.27693136,-0.035547576,0.440057006
p02,575335.484,1.594,NOD,8,48,2.588036849,14.98186328,2.011819571,-160.3599822,10.5951774,-1.599407618,0.191267371,0.339288324,0.225912645,0.494803637,0.200780168,0.217987441,0.25939858,0.276816197,-0.03667251,0.438200095
p02,575335.515,1.625,NOD,8,49,2.501298463,15.27773776,2.014804605,-160.4467206,10.89105188,-1.596422584,0.191290587,0.339201272,0.2263439,0.494585037,0.201415528,0.217647694,0.25909017,0.276937343,-0.039078829,0.438920862
p02,575335.546,1.656,NOD,8,50,2.640950057,15.02277851,1.927813364,-160.307069,10.63609264,-1.683413825,0.192063063,0.338977873,0.226804912,0.494365454,0.201586012,0.217672303,0.259540036,0.27669315,-0.036691636,0.438411901
p02,575335.593,1.703,NOD,8,51,2.649772456,15.10885013,2.02762741,-160.2982466,10.72216425,-1.58359978,0.192351282,0.338174522,0.226917341,0.493793905,0.202041507,0.21722509,0.258737646,0.276568815,-0.037451934,0.437321295
p02,575335.609,1.719,NOD,8,52,2.540727525,15.56907626,2.085579061,-160.4072915,11.18239039,-1.525648129,0.192805454,0.338211656,0.22764343,0.493934065,0.202763051,0.21708443,0.259142876,0.276849635,-0.038425122,0.437519903
p02,575335.656,1.766,NOD,8,53,2.443633708,15.20659892,2.046480967,-160.5043854,10.81991304,-1.564746223,0.193553895,0.337554783,0.227857828,0.49343881,0.203259818,0.216795534,0.259055816,0.276643276,-0.037466534,0.436516117
p02,575335.687,1.797,NOD,8,54,2.467969191,15.2031743,2.04680321,-160.4800499,10.81648843,-1.564423979,0.194551721,0.337578833,0.228591725,0.493365407,0.20390616,0.216889702,0.259208106,0.276475705,-0.036088527,0.436527077
p02,575335.718,1.828,NOD,8,55,2.701567422,14.96845864,2.01940346,-160.2464516,10.58177276,-1.591823729,0.195263654,0.33769092,0.229294673,0.492856592,0.204293087,0.216445729,0.259134635,0.276410863,-0.034844563,0.438641193
p02,575335.75,1.86,NOD,8,56,2.713028284,15.11901302,2.193618548,-160.2349908,10.73232715,-1.417608642,0.195784807,0.33749795,0.229711741,0.492525101,0.205385942,0.216038361,0.258939438,0.27648674,-0.037078689,0.439296252
p02,575335.796,1.906,NOD,8,57,2.620951574,15.08724674,2.154084191,-160.3270675,10.70056086,-1.457142998,0.195999026,0.336726367,0.229818657,0.49189651,0.205672111,0.215633109,0.258463234,0.276263401,-0.037425381,0.438325373
p02,575335.812,1.922,NOD,8,58,2.630630824,14.66296943,2.06038265,-160.3173882,10.27628356,-1.550844539,0.196775764,0.335888505,0.229817644,0.491462559,0.205688518,0.215494141,0.257613316,0.275968418,-0.034597409,0.436261385
p02,575335.843,1.953,NOD,8,59,2.581366517,14.52350724,2.009549399,-160.3666525,10.13682137,-1.60167779,0.197365507,0.334821403,0.230332032,0.490696669,0.205964264,0.215057217,0.258119255,0.275639452,-0.033313113,0.434495808
p02,575335.89,2,NOD,8,60,2.617147042,14.47013115,2.024165057,-160.330872,10.08344528,-1.587062132,0.198052809,0.334705353,0.231280327,0.490615129,0.206595879,0.214553826,0.258525595,0.276061304,-0.033045356,0.435234948
p02,575342.781,0,NOD,9,0,-4.167723402,-3.838758806,8.922576051,-167.1157425,-8.225444682,5.311348862,0.888760626,0.730235457,0.834021688,0.913411021,0.869356483,0.550375611,0.338807285,0.363035411,0.057271918,0.495433342
p02,575342.828,0.047,NOD,9,1,-4.420409623,-3.781247513,8.878439731,-167.3684287,-8.167933389,5.267212542,0.889110148,0.723106503,0.834198534,0.910311818,0.868719369,0.544113338,0.340469003,0.36619848,0.059890265,0.488787298
p02,575342.859,0.078,NOD,9,2,-5.404023962,-4.367642199,8.915276566,-168.352043,-8.754328075,5.304049376,0.889836609,0.718922079,0.835249662,0.90874058,0.867433518,0.541003555,0.341873527,0.367737025,0.065530348,0.483819989
p02,575342.89,0.109,NOD,9,3,-5.627717819,-4.085639167,9.079642974,-168.5757369,-8.472325043,5.468415785,0.888960242,0.718278348,0.835013032,0.908711553,0.867252052,0.540315598,0.340876758,0.368395954,0.063683399,0.483074659
p02,575342.921,0.14,NOD,9,4,-5.666953946,-3.578271473,9.251186051,-168.614973,-7.964957349,5.639958861,0.888120174,0.719097197,0.835829258,0.909955502,0.868476629,0.541627884,0.340688527,0.368327618,0.05765837,0.481824617
p02,575342.953,0.172,NOD,9,5,-5.681002629,-3.37511525,9.091953693,-168.6290217,-7.761801126,5.480726504,0.887507975,0.721773624,0.836256087,0.912297368,0.867759615,0.543939412,0.342097223,0.368357956,0.057727332,0.482775544
p02,575342.984,0.203,NOD,9,6,-5.08860505,-2.760206858,8.923813204,-168.0366241,-7.146892734,5.312586015,0.885917902,0.724926949,0.835268438,0.913697839,0.867623299,0.545384258,0.340687335,0.368313581,0.053699098,0.48747236
p02,575343.015,0.234,NOD,9,7,-5.337468055,-3.234004333,8.861308938,-168.2854871,-7.620690208,5.250081749,0.886764288,0.726301074,0.835696876,0.913955808,0.866471171,0.547371566,0.339949012,0.366584241,0.059694589,0.488099289
p02,575343.062,0.281,NOD,9,8,-5.570781338,-3.390981812,8.823072187,-168.5188004,-7.777667688,5.211844998,0.886415958,0.727018118,0.83532387,0.914470792,0.865645945,0.548269987,0.341138244,0.366200805,0.060884447,0.488115068
p02,575343.093,0.312,NOD,9,9,-5.148218155,-3.040927694,8.710306326,-168.0962372,-7.42761357,5.099079136,0.886243224,0.726295829,0.834930182,0.913384497,0.865896255,0.548217267,0.339021087,0.36516723,0.060016825,0.487663041
p02,575343.125,0.344,NOD,9,10,-5.429008875,-3.229942789,8.78998766,-168.3770279,-7.616628664,5.17876047,0.886089385,0.725598335,0.834765851,0.912891507,0.865402967,0.547823966,0.339912176,0.365067542,0.060858125,0.486962957
p02,575343.156,0.375,NOD,9,11,-4.992401127,-2.923697699,8.785903517,-167.9404202,-7.310383575,5.174676328,0.885950029,0.725334764,0.83440429,0.911882162,0.866077065,0.547059506,0.340018988,0.364822656,0.058446628,0.488662791
p02,575343.187,0.406,NOD,9,12,-5.431747507,-3.42022541,8.640290308,-168.3797666,-7.806911286,5.029063118,0.887048781,0.724235296,0.835545719,0.911574185,0.865160227,0.546246767,0.339244723,0.365327418,0.064521428,0.487202768
p02,575343.218,0.437,NOD,9,13,-5.531674318,-3.223223947,8.529435337,-168.4796934,-7.609909823,4.918208147,0.887495279,0.72196877,0.836523294,0.910681486,0.865941972,0.544914097,0.338916779,0.36576739,0.063594691,0.484063584
p02,575343.25,0.469,NOD,9,14,-5.476113968,-3.468686709,8.532573039,-168.424133,-7.855372585,4.921345849,0.888235092,0.720970869,0.836732149,0.909268081,0.866307676,0.543850243,0.337640345,0.365417838,0.064943117,0.484707115
p02,575343.281,0.5,NOD,9,15,-5.736672297,-3.884259593,8.545385748,-168.6846914,-8.270945469,4.934158558,0.889826119,0.719440937,0.837892056,0.908455968,0.866892368,0.542637944,0.336221874,0.365818024,0.068210171,0.483308589
p02,575343.328,0.547,NOD,9,16,-5.516632956,-4.106393966,8.543398856,-168.464652,-8.493079842,4.932171667,0.8908723,0.718751431,0.838347793,0.907939315,0.86828506,0.54152891,0.334617615,0.366410404,0.067501646,0.483672183
p02,575343.359,0.578,NOD,9,17,-6.040363912,-4.223333887,8.70398106,-168.988383,-8.610019763,5.092753871,0.891270399,0.717949569,0.838803291,0.908644259,0.868329346,0.541010052,0.336931288,0.367634207,0.068088224,0.481292311
p02,575343.39,0.609,NOD,9,18,-5.075483001,-3.483548589,8.666073988,-168.0235021,-7.870234465,5.054846799,0.891705811,0.718430519,0.83954066,0.907426655,0.871027619,0.540732026,0.333826721,0.366694629,0.061942892,0.484595298
p02,575343.421,0.64,NOD,9,19,-5.646095285,-4.116687751,8.693673658,-168.5941143,-8.503373627,5.082446469,0.892378867,0.717747331,0.839405477,0.907675803,0.870172113,0.540791303,0.336629272,0.3668845,0.065967981,0.482320806
p02,575343.453,0.672,NOD,9,20,-4.903004546,-4.314945543,8.757367267,-167.8510236,-8.701631419,5.146140077,0.892885804,0.718634307,0.839396477,0.90677315,0.872764021,0.539610386,0.335324645,0.367162764,0.060006872,0.487587356
p02,575343.484,0.703,NOD,9,21,-5.03116532,-4.581236755,9.178311557,-167.9791844,-8.967922631,5.567084367,0.892650008,0.717389882,0.839276731,0.907432795,0.875144511,0.538945973,0.337019742,0.368486822,0.051942051,0.484261304
p02,575343.515,0.734,NOD,9,22,-4.597976636,-3.818669707,9.198197739,-167.5459957,-8.205355583,5.586970549,0.891669154,0.716949224,0.839619339,0.906720996,0.876579583,0.538001627,0.33644104,0.368719369,0.044850567,0.485321935
p02,575343.562,0.781,NOD,9,23,-4.497142983,-3.650027887,9.145931477,-167.445162,-8.036713763,5.534704288,0.891919553,0.71648711,0.839829147,0.905611157,0.876462668,0.537997723,0.336614072,0.367613435,0.045918713,0.485535539
p02,575343.593,0.812,NOD,9,24,-4.438269081,-3.568164594,9.142854203,-167.3862881,-7.95485047,5.531627014,0.891782701,0.716046572,0.839649737,0.905103922,0.876422018,0.537588239,0.337615907,0.367515683,0.04549751,0.485580184
p02,575343.609,0.828,NOD,9,25,-4.46686387,-3.154192957,9.29936653,-167.4148829,-7.540878833,5.688139341,0.890776813,0.7146402,0.83908993,0.903536677,0.876981497,0.537204504,0.338405669,0.366332173,0.040765618,0.484357392
p02,575343.656,0.875,NOD,9,26,-4.48494095,-3.355295156,9.306970387,-167.43296,-7.741981032,5.695743198,0.891371429,0.714272559,0.839426517,0.903133273,0.877666324,0.536742389,0.337993085,0.366390884,0.040548476,0.484537627
p02,575343.687,0.906,NOD,9,27,-4.43307141,-3.217161451,9.277088181,-167.3810905,-7.603847327,5.665860992,0.89187187,0.714557946,0.840839326,0.903565943,0.878693938,0.536497891,0.33841449,0.367068052,0.03894021,0.485087312
p02,575343.718,0.937,NOD,9,28,-4.282996192,-3.295781812,9.176453476,-167.2310153,-7.682467687,5.565226286,0.893131077,0.715039492,0.84146136,0.903383911,0.879713982,0.536205381,0.340005636,0.36717853,0.03946139,0.487049476
p02,575343.75,0.969,NOD,9,29,-4.42741798,-3.599854375,9.108090769,-167.375437,-7.986540251,5.49686358,0.894358695,0.714929223,0.842515945,0.903712153,0.880519956,0.536094725,0.341607332,0.367617428,0.040510659,0.486469041
p02,575343.781,1,NOD,9,30,-4.78985252,-3.865265752,8.96045178,-167.7378716,-8.251951628,5.349224591,0.896589696,0.7141518,0.844938934,0.904459596,0.88123557,0.535430461,0.34163332,0.369029135,0.044943294,0.484301433
p02,575343.812,1.031,NOD,9,31,-5.042262495,-4.338614944,8.910498699,-167.9902816,-8.72530082,5.29927151,0.899339736,0.713913202,0.846818447,0.905367017,0.882238209,0.535088539,0.341821015,0.370278478,0.050030646,0.482946415
p02,575343.859,1.078,NOD,9,32,-5.183395615,-4.438361112,8.863624105,-168.1314147,-8.825046988,5.252396916,0.900877297,0.714449644,0.848213673,0.905660868,0.883016586,0.534923822,0.344119012,0.370737046,0.051902714,0.484240311
p02,575343.89,1.109,NOD,9,33,-4.819598902,-4.205904363,8.702265583,-167.767618,-8.592590239,5.091038394,0.902130663,0.715676606,0.849612296,0.905288041,0.88437891,0.534560263,0.343707502,0.370727777,0.05164785,0.488542682
p02,575343.921,1.14,NOD,9,34,1.232116617,-47.61923258,-176.8144573,-161.7159024,-52.00591846,179.5743155,0.903547943,0.715283632,0.850733876,0.905350626,0.884539485,0.534873247,0.343744755,0.370477378,0.055298175,0.486967344
p02,575343.953,1.172,NOD,9,35,-4.78692271,-3.894192538,8.707000635,-167.7349418,-8.280878414,5.095773445,0.902803779,0.71483016,0.851221621,0.905824304,0.886489213,0.53410247,0.343188643,0.371721834,0.047538188,0.486190678
p02,575344,1.219,NOD,9,36,-4.814658758,-3.671223414,8.572175986,-167.7626778,-8.05790929,4.960948797,0.902562022,0.715148568,0.851659715,0.905839682,0.88605082,0.534129262,0.34427315,0.37171042,0.047959598,0.486990132
p02,575344.015,1.234,NOD,9,37,-4.811788092,-3.386072875,8.444421777,-167.7598072,-7.772758751,4.833194587,0.901273847,0.714893818,0.85144949,0.905723631,0.885207087,0.534388006,0.344880521,0.371335626,0.046586452,0.486098827
p02,575344.062,1.281,NOD,9,38,-5.032702465,-3.370471881,8.393050844,-167.9807215,-7.757157757,4.781823655,0.899710417,0.714774609,0.850447118,0.905966282,0.883303434,0.534504205,0.347001672,0.371462077,0.047282144,0.485299617
p02,575344.078,1.297,NOD,9,39,-5.221836373,-3.444004505,8.378312281,-168.1698554,-7.830690381,4.767085091,0.89728421,0.715250075,0.849054337,0.907097876,0.881820172,0.534278393,0.347136259,0.372819483,0.044547457,0.485413693
p02,575344.125,1.344,NOD,9,40,-4.816921377,-3.500886481,8.224042592,-167.7649404,-7.887572357,4.612815402,0.896420956,0.716213346,0.848131776,0.906093717,0.880707324,0.5342094,0.345513344,0.371884316,0.045479089,0.489410113
p02,575344.156,1.375,NOD,9,41,-4.953499571,-3.382996974,8.068784707,-167.9015186,-7.76968285,4.457557518,0.895633817,0.715383053,0.847751737,0.906135082,0.878953606,0.5338355,0.34614414,0.372299582,0.048188627,0.487638346
p02,575344.187,1.406,NOD,9,42,-5.161255416,-3.165259218,7.973274162,-168.1092745,-7.551945094,4.362046973,0.894491911,0.71434027,0.847837031,0.905695081,0.877732068,0.534309208,0.344104886,0.371385872,0.048705622,0.484754738
p02,575344.218,1.437,NOD,9,43,-5.227250546,-3.422032053,7.84185247,-168.1752696,-7.808717929,4.23062528,0.894494057,0.71418041,0.848112881,0.905868173,0.87656334,0.534201831,0.341683984,0.371666342,0.052477485,0.484247722
p02,575344.25,1.469,NOD,9,44,-5.199013569,-3.454483987,7.754900663,-168.1470326,-7.841169863,4.143673474,0.893373907,0.713554621,0.846931577,0.904542565,0.874658018,0.533727229,0.33755964,0.370815337,0.055444686,0.484951334
p02,575344.281,1.5,NOD,9,45,-5.032849082,-3.443643183,7.723916312,-167.9808681,-7.830329059,4.112689123,0.891111016,0.713507891,0.84468013,0.90311408,0.87237227,0.533031404,0.336964846,0.370082676,0.05561039,0.48766532
p02,575344.328,1.547,NOD,9,46,-5.26177709,-3.77553,7.750185381,-168.2097962,-8.162215876,4.138958192,0.889053822,0.71199894,0.842677236,0.90317893,0.869566143,0.531837761,0.336488008,0.371341169,0.057914929,0.485163492
p02,575344.359,1.578,NOD,9,47,-5.597521921,-3.792852678,7.546789108,-168.545541,-8.179538554,3.935561919,0.885916471,0.708727479,0.840417385,0.899943233,0.865822971,0.530163258,0.335720897,0.369779974,0.059851802,0.482893161
p02,575344.39,1.609,NOD,9,48,-5.561288718,-3.8095355,7.627439224,-168.5093078,-8.196221376,4.016212034,0.882398725,0.706383586,0.837463856,0.89982909,0.863271564,0.528452873,0.338721514,0.371376216,0.05646869,0.47911176
p02,575344.421,1.64,NOD,9,49,0.601161784,-44.18529858,-177.5324922,-162.3468573,-48.57198445,178.8562806,0.878193617,0.702179313,0.834528804,0.895395815,0.859501183,0.526127398,0.336331725,0.369268417,0.055577373,0.476758657
p02,575344.453,1.672,NOD,9,50,-5.73195091,-4.110989783,7.296585931,-168.67997,-8.497675659,3.685358742,0.875514865,0.701194286,0.833559573,0.894570589,0.856961638,0.524132907,0.336943924,0.370437682,0.055063249,0.477978855
p02,575344.484,1.703,NOD,9,51,-5.212438643,-3.784780829,7.134858491,-168.1604577,-8.171466705,3.523631301,0.872560382,0.700850725,0.830370069,0.893875003,0.854738474,0.521864533,0.338399827,0.372010469,0.05266524,0.481132136
p02,575344.515,1.734,NOD,9,52,1.361700777,-43.00494272,-177.9085114,-161.5863183,-47.39162859,178.4802614,0.869030535,0.700861514,0.827926755,0.892214,0.851882041,0.520988613,0.337952435,0.371225387,0.050742332,0.484538253
p02,575344.546,1.765,NOD,9,53,-5.264961893,-3.901619489,6.813013816,-168.212981,-8.288305365,3.201786627,0.86868608,0.700309694,0.827971756,0.892800331,0.849708766,0.520984977,0.337951064,0.371815354,0.05615403,0.482295082
p02,575344.593,1.812,NOD,9,54,-5.641664492,-4.297144934,6.841556564,-168.5896836,-8.68383081,3.230329375,0.866719902,0.698799074,0.825781643,0.892683625,0.847211927,0.52020207,0.337852001,0.372481555,0.057741183,0.479478785
p02,575344.625,1.844,NOD,9,55,-5.657052101,-4.697858812,6.78326002,-168.6050712,-9.084544688,3.172032831,0.866308987,0.698628187,0.824814618,0.892719984,0.845929056,0.5200755,0.337606072,0.372644484,0.060366008,0.479150222
p02,575344.656,1.875,NOD,9,56,-5.687058721,-4.740618237,6.840774267,-168.6350778,-9.127304113,3.229547078,0.866140306,0.698089242,0.824025989,0.892099977,0.844968498,0.520419568,0.336148858,0.371680409,0.062983431,0.478017323
p02,575344.671,1.89,NOD,9,57,-6.01509426,-5.021298743,6.891398672,-168.9631133,-9.407984619,3.280171483,0.866261184,0.697904885,0.824333131,0.892139077,0.844150633,0.521268666,0.334397316,0.370870411,0.066120601,0.476274768
p02,575344.718,1.937,NOD,9,58,-6.010546936,-4.769746947,6.827213805,-168.958566,-9.156432823,3.215986616,0.865960717,0.698165834,0.824586868,0.892311394,0.843716025,0.521228611,0.334775388,0.371082783,0.066446617,0.476813344
p02,575344.75,1.969,NOD,9,59,-6.333828644,-4.820856949,6.816672492,-169.2818477,-9.207542825,3.205445303,0.866347551,0.69767642,0.825244129,0.89266175,0.843550265,0.5212816,0.334148943,0.37138015,0.068224925,0.474971051
p02,575344.781,2,NOD,9,60,-6.390770345,-4.867018345,6.934728479,-169.3387894,-9.253704221,3.32350129,0.865776598,0.697128236,0.824251533,0.892640471,0.84344098,0.521198124,0.333983958,0.371442348,0.066876322,0.473640428
p02,575347.812,0,NOD,10,0,-2.956651189,-25.64161541,-176.7958304,-165.9046703,-30.02830129,179.5929424,0.50767529,0.486210823,0.492838979,0.558149397,0.496901885,0.410088107,0.135344744,0.14806129,0.079599733,0.514129763
p02,575347.859,0.047,NOD,10,1,-3.518961833,-26.10613067,-177.2098389,-166.4669809,-30.49281655,179.1789339,0.508960485,0.481139988,0.494219601,0.554216683,0.49741441,0.405917779,0.135685086,0.148298904,0.085094653,0.507233748
p02,575347.89,0.078,NOD,10,2,1.922510124,-26.44423954,0.067856891,-161.0255089,-30.83092542,-3.543370299,0.511138558,0.472570479,0.496203989,0.550882936,0.498437747,0.399543956,0.136669308,0.15133898,0.092930968,0.482536113
p02,575347.921,0.109,NOD,10,3,1.095812177,-26.07420722,0.241641466,-161.8522069,-30.46089309,-3.369585724,0.514213204,0.46469602,0.498362064,0.547135651,0.500052959,0.393250927,0.137677968,0.153884724,0.102850484,0.464276705
p02,575347.953,0.141,NOD,10,4,-0.759228491,-25.56610552,0.816816945,-163.7072476,-29.9527914,-2.794410244,0.514663756,0.456018001,0.499335319,0.54214561,0.501016051,0.388033912,0.137382209,0.154111698,0.09934114,0.441135164
p02,575347.984,0.172,NOD,10,5,-2.400859558,-26.85623915,1.228685899,-165.3488786,-31.24292503,-2.38254129,0.516388237,0.449174076,0.501007318,0.539405823,0.502115786,0.38339968,0.13652277,0.156006142,0.104542644,0.421614143
p02,575348.015,0.203,NOD,10,6,-5.02393757,-25.64406259,1.791625296,-167.9719566,-30.03074847,-1.819601893,0.516495943,0.441827297,0.502829015,0.534566045,0.502664924,0.379654214,0.136204869,0.154911831,0.101545705,0.401344965
p02,575348.062,0.25,NOD,10,7,-5.4870788,-25.77775224,2.380079602,-168.4350979,-30.16443811,-1.231147587,0.515984297,0.437597483,0.502281606,0.532062888,0.50308235,0.376866311,0.136177182,0.155196577,0.094743823,0.391317731
p02,575348.078,0.266,NOD,10,8,-6.216193662,-25.93664278,2.860008988,-169.1642127,-30.32332866,-0.751218202,0.51606065,0.434741914,0.501994789,0.529932857,0.503421009,0.375263482,0.136051953,0.154669374,0.092903053,0.384552095
p02,575348.125,0.313,NOD,10,9,-6.926590868,-25.5143174,3.056027912,-169.8746099,-29.90100328,-0.555199277,0.516240656,0.432372063,0.502530396,0.528551221,0.503701672,0.373919338,0.136300743,0.154631883,0.091994982,0.378012117
p02,575348.156,0.344,NOD,10,10,-7.105581244,-25.83321738,3.227213546,-170.0536003,-30.21990326,-0.384013643,0.516649902,0.430882037,0.502412438,0.52792263,0.503980026,0.373068735,0.136552691,0.154853895,0.09278379,0.373340958
p02,575348.187,0.375,NOD,10,11,-7.712978501,-25.98948816,3.377493378,-170.6609976,-30.37617404,-0.233733811,0.517175496,0.429743528,0.502741754,0.526820958,0.504189804,0.372637019,0.136226356,0.154183939,0.095324369,0.370379108
p02,575348.218,0.406,NOD,10,12,-7.887371796,-25.34366733,3.500108702,-170.8353909,-29.7303532,-0.111118488,0.517065465,0.429201961,0.502882838,0.526152313,0.504501536,0.372611165,0.136089832,0.153541148,0.09232085,0.368570877
p02,575348.265,0.453,NOD,10,13,-8.040089765,-24.80299302,3.603071045,-170.9881088,-29.18967889,-0.008156144,0.517336786,0.428834528,0.503361404,0.525622368,0.5050589,0.372535869,0.13661176,0.153086498,0.0898743,0.367757176
p02,575348.281,0.469,NOD,10,14,-7.886042599,-25.39391022,3.544879868,-170.8340617,-29.7805961,-0.066347322,0.517544627,0.429356456,0.50377214,0.525921047,0.505310863,0.372538775,0.136288166,0.153382272,0.089763949,0.370431863
p02,575348.328,0.516,NOD,10,15,-8.155112743,-24.66194556,3.656511141,-171.1031318,-29.04863143,0.045283952,0.517344475,0.428978801,0.504034996,0.526053429,0.505631968,0.372803196,0.136552244,0.153250232,0.085773079,0.3665613
p02,575348.359,0.547,NOD,10,16,-7.755792541,-25.12539368,3.24849836,-170.7038116,-29.51207956,-0.36272883,0.518032491,0.430723459,0.504546225,0.526264071,0.505463883,0.373872921,0.136535197,0.152391151,0.092053977,0.373056686
p02,575348.39,0.578,NOD,10,17,-7.751517369,-24.44431211,3.227062218,-170.6995364,-28.83099799,-0.384164971,0.517840683,0.431520164,0.505118787,0.527066171,0.505924508,0.374650061,0.136645555,0.15241611,0.087204999,0.373123962
p02,575348.421,0.609,NOD,10,18,-7.162694279,-24.23489361,3.008554013,-170.1107133,-28.62157949,-0.602673177,0.517851353,0.432983041,0.504979312,0.527724981,0.505855069,0.375466064,0.136651397,0.152258918,0.087787497,0.377757691
p02,575348.468,0.656,NOD,10,19,-7.084363452,-24.41157945,2.902407315,-170.0323825,-28.79826533,-0.708819874,0.518085301,0.433404177,0.505508006,0.528061509,0.506066009,0.375753686,0.136859,0.152307823,0.087822442,0.378513003
p02,575348.484,0.672,NOD,10,20,-7.1118287,-24.42760589,2.803156211,-170.0598478,-28.81429176,-0.808070978,0.51818037,0.433843821,0.505650342,0.528644323,0.506115213,0.376015499,0.136980027,0.152628824,0.088079683,0.378882052
p02,575348.515,0.703,NOD,10,21,-7.371097012,-24.41412592,2.872248062,-170.3191161,-28.8008118,-0.738979127,0.518520951,0.433970153,0.506126702,0.529374778,0.506606549,0.376705885,0.136827797,0.152668893,0.087075891,0.37508799
p02,575348.562,0.75,NOD,10,22,-6.965380881,-24.53711736,2.76351995,-169.9133999,-28.92380323,-0.847707239,0.518761873,0.435125947,0.506219089,0.529972255,0.506748542,0.376943037,0.136813521,0.153029218,0.087808068,0.38020785
p02,575348.593,0.781,NOD,10,23,-6.762630412,-24.2391059,2.529356433,-169.7106495,-28.62579178,-1.081870757,0.519333482,0.435165197,0.506783426,0.529872,0.507010907,0.377218962,0.136753768,0.152653039,0.090107754,0.379594376
p02,575348.625,0.813,NOD,10,24,-6.586377103,-23.99316652,2.587056771,-169.5343962,-28.37985239,-1.024170419,0.519440293,0.435264736,0.507071435,0.529823005,0.507592976,0.377422631,0.136592925,0.152400374,0.086734487,0.379540443
p02,575348.656,0.844,NOD,10,25,-6.544494932,-24.77948823,2.482040534,-169.492514,-29.1661741,-1.129186655,0.520121098,0.435904354,0.507437408,0.530186772,0.507831544,0.37772122,0.136665493,0.152465552,0.089924337,0.381614947
p02,575348.687,0.875,NOD,10,26,-6.8010585,-23.93201791,2.91307897,-169.7490776,-28.31870378,-0.69814822,0.519709587,0.436079353,0.507316411,0.530332208,0.50843817,0.378190547,0.1367217,0.15214166,0.082440586,0.380492797
p02,575348.718,0.906,NOD,10,27,-6.755956195,-24.53457982,2.753263653,-169.7039753,-28.92126569,-0.857963536,0.520330429,0.436452717,0.507636309,0.530528367,0.508384317,0.37817207,0.136844635,0.152356297,0.087296896,0.382528639
p02,575348.765,0.953,NOD,10,28,-6.285102221,-24.51859814,2.771251532,-169.2331213,-28.90528402,-0.839975657,0.520580471,0.43667233,0.507816315,0.530845523,0.509074718,0.378138095,0.136707753,0.152707428,0.084163133,0.383309677
p02,575348.796,0.984,NOD,10,29,-6.094716566,-24.60310055,2.86465522,-169.0427356,-28.98978642,-0.746571969,0.521189392,0.437085718,0.507870317,0.531239748,0.509341404,0.37804687,0.136662692,0.153192878,0.086695115,0.385388985
p02,575348.828,1.016,NOD,10,30,-6.401927815,-25.15870084,2.888839558,-169.3499469,-29.54538672,-0.722387631,0.521525502,0.436887115,0.507907867,0.531517148,0.509295732,0.378177121,0.13653931,0.153340027,0.089569593,0.382874551
p02,575348.859,1.047,NOD,10,31,-6.459112203,-25.06200155,2.934966383,-169.4071313,-29.44868743,-0.676260806,0.5218153,0.436725885,0.508220553,0.531586528,0.509679809,0.378306612,0.136544347,0.153279915,0.08887582,0.381128031
p02,575348.89,1.078,NOD,10,32,-6.289343275,-24.92244703,2.974510018,-169.2373623,-29.30913291,-0.636717172,0.52189976,0.436952204,0.508151293,0.531414688,0.509771869,0.378312811,0.136455417,0.153101876,0.088878049,0.383008972
p02,575348.921,1.109,NOD,10,33,-6.041571085,-24.63871225,2.987684303,-168.9895901,-29.02539812,-0.623542886,0.521887422,0.437023282,0.508017421,0.531157136,0.509944856,0.378264576,0.136521041,0.15289256,0.087477837,0.384313703
p02,575348.968,1.156,NOD,10,34,-6.324762638,-24.73123311,2.959645644,-169.2727817,-29.11791898,-0.651581545,0.521928847,0.437176198,0.508176625,0.531299412,0.509785548,0.378389016,0.136389107,0.152910396,0.089034229,0.384455101
p02,575348.984,1.172,NOD,10,35,-6.313848797,-24.89107775,2.990564007,-169.2618679,-29.27776363,-0.620663182,0.521892369,0.437685072,0.508090496,0.531431496,0.509727135,0.378696978,0.136164546,0.152734518,0.089342151,0.386213248
p02,575349.031,1.219,NOD,10,36,-6.219491463,-24.82158044,2.986363634,-169.1675105,-29.20826632,-0.624863556,0.5217399,0.437903047,0.508194804,0.531642258,0.509798855,0.378791213,0.136322737,0.152851045,0.087593939,0.386728357
p02,575349.062,1.25,NOD,10,37,-6.147415197,-24.79822137,2.935109859,-169.0954343,-29.18490725,-0.67611733,0.521989286,0.43814975,0.508227706,0.531617999,0.509710625,0.378880396,0.13628602,0.152737603,0.090094796,0.388046904
p02,575349.093,1.281,NOD,10,38,-6.114127656,-24.81243866,2.856229924,-169.0621467,-29.19912453,-0.754997266,0.521885753,0.438205779,0.508329868,0.531459391,0.509681791,0.378855795,0.136472523,0.152603596,0.089424313,0.388916024
p02,575349.125,1.313,NOD,10,39,-6.136955638,-24.62704635,2.980934883,-169.0849747,-29.01373223,-0.630292306,0.521670699,0.438218415,0.508252323,0.531699777,0.509808317,0.378957063,0.136539221,0.152742714,0.086878936,0.38798153
p02,575349.156,1.344,NOD,10,40,-6.175626676,-24.55098233,2.955502048,-169.1236457,-28.93766821,-0.655725142,0.521620929,0.438323557,0.508153379,0.531638026,0.509687915,0.378996804,0.136525691,0.152641222,0.087404896,0.388667965
p02,575349.187,1.375,NOD,10,41,-6.117048014,-24.37933867,3.002881547,-169.0650671,-28.76602455,-0.608345642,0.521413982,0.438292742,0.508034408,0.53148824,0.509717703,0.378876776,0.136644006,0.152611464,0.085596723,0.389328328
p02,575349.218,1.406,NOD,10,42,-6.279986736,-24.79077733,2.906807608,-169.2280058,-29.17746321,-0.704419581,0.521811128,0.438258946,0.508282363,0.531651378,0.509531006,0.378922969,0.136411726,0.152728409,0.090022477,0.388506483
p02,575349.265,1.453,NOD,10,43,-6.307263622,-24.70198331,3.074009482,-169.2552827,-29.08866918,-0.537217707,0.52150178,0.43821454,0.507995963,0.531790316,0.509679094,0.378977165,0.136360437,0.152813151,0.086701729,0.387645797
p02,575349.281,1.469,NOD,10,44,-6.461637149,-24.6763974,3.045798699,-169.4096562,-29.06308327,-0.565428491,0.521498382,0.438278168,0.508059561,0.531912923,0.509494796,0.379120678,0.136209637,0.152792245,0.088125818,0.387176003
p02,575349.328,1.516,NOD,10,45,-6.061887909,-24.57222351,3.025384721,-169.009907,-28.95890938,-0.585842468,0.521450043,0.438521922,0.507975757,0.532137811,0.509736881,0.379090354,0.136263967,0.153047457,0.085959351,0.388321171
p02,575349.359,1.547,NOD,10,46,-6.171271252,-24.72088703,2.930592632,-169.1192903,-29.10757291,-0.680634558,0.521598637,0.438653976,0.508216083,0.531890213,0.509601802,0.37907137,0.136287868,0.152818844,0.088025704,0.389890438
p02,575349.39,1.578,NOD,10,47,-6.153089009,-24.45096299,3.022574992,-169.1011081,-28.83764886,-0.588652197,0.521631181,0.438442647,0.508240879,0.53210628,0.509889498,0.379105717,0.136475116,0.153000563,0.086035339,0.387821647
p02,575349.421,1.609,NOD,10,48,-6.385865633,-24.56852583,3.013863417,-169.3338847,-28.9552117,-0.597363772,0.522128522,0.438283831,0.508580029,0.532005131,0.510003,0.379264936,0.136189938,0.152740195,0.089033905,0.386400547
p02,575349.468,1.656,NOD,10,49,-6.231002594,-24.53677141,3.037936211,-169.1790217,-28.92345728,-0.573290978,0.522337139,0.438190758,0.508805394,0.532191694,0.510375872,0.379156142,0.136477292,0.153035551,0.087642906,0.385757527
p02,575349.484,1.672,NOD,10,50,-6.290670592,-24.79114144,3.029368395,-169.2386897,-29.17782732,-0.581858794,0.522465348,0.438353539,0.508876681,0.532344818,0.510311142,0.379197717,0.136254877,0.153147101,0.089201993,0.386267982
p02,575349.531,1.719,NOD,10,51,-6.365006352,-24.78453713,3.075369165,-169.3130254,-29.17122301,-0.535858024,0.522585154,0.438310802,0.508857012,0.532435954,0.510349557,0.37929216,0.136364222,0.153143793,0.089727325,0.385380566
p02,575349.562,1.75,NOD,10,52,-6.354105012,-24.82742546,3.151700863,-169.3021241,-29.21411134,-0.459526326,0.522597194,0.438385129,0.508902729,0.532397509,0.510603696,0.379390687,0.13609764,0.153006822,0.088124215,0.385567398
p02,575349.593,1.781,NOD,10,53,-6.472775376,-24.8683355,3.086359009,-169.4207944,-29.25502137,-0.52486818,0.522556543,0.438771546,0.509025335,0.532394886,0.510424852,0.379483312,0.136214733,0.152911574,0.089062987,0.387728882
p02,575349.625,1.813,NOD,10,54,-6.450053391,-24.90935625,3.123243632,-169.3980725,-29.29604213,-0.487983557,0.522755623,0.438680768,0.508975625,0.532577395,0.510554597,0.379441395,0.136155069,0.153136,0.089611251,0.386841583
p02,575349.656,1.844,NOD,10,55,-6.48330544,-24.92372696,3.09382749,-169.4313245,-29.31041283,-0.517399699,0.523019135,0.438545376,0.509113193,0.532389224,0.510600656,0.379429579,0.135988891,0.152959645,0.091319803,0.386479698
p02,575349.687,1.875,NOD,10,56,-6.444702682,-24.75028796,3.077370047,-169.3927217,-29.13697384,-0.533857142,0.522957087,0.438576996,0.509150267,0.532576978,0.510650218,0.379386097,0.136305332,0.153190881,0.090288977,0.38638657
p02,575349.718,1.906,NOD,10,57,-6.64789051,-24.9244066,2.994558687,-169.5959096,-29.31109247,-0.616668503,0.523138225,0.438522696,0.509504974,0.532224953,0.51054664,0.379504964,0.136146367,0.152719989,0.092485652,0.38644406
p02,575349.765,1.953,NOD,10,58,-6.661326864,-24.89009809,2.912007553,-169.6093459,-29.27678396,-0.699219636,0.52306819,0.438477427,0.509658277,0.532381833,0.510554343,0.379434228,0.136252671,0.152947605,0.091842942,0.386035459
p02,575349.796,1.984,NOD,10,59,-6.672747079,-24.9215082,2.751763789,-169.6207661,-29.30819408,-0.859463401,0.522996426,0.438368082,0.509612083,0.532318413,0.51019235,0.379349157,0.13605094,0.152969256,0.094112368,0.385822134
p02,575349.828,2.016,NOD,10,60,-6.608811693,-24.86245732,2.631254694,-169.5568308,-29.2491432,-0.979972495,0.522845626,0.438099891,0.509615898,0.532054365,0.510100022,0.379184768,0.1362198,0.152869597,0.093566456,0.38539464
p02,575355.656,0,NOD,11,0,5.454156547,34.73784663,-4.595954302,-157.4938625,30.35116075,-8.207181492,0.414479464,0.551226735,0.463735402,0.641690195,0.421366602,0.435133785,0.194593817,0.20655641,-0.035392378,0.562039931
p02,575355.687,0.031,NOD,11,1,0.404369132,40.73968008,173.8043775,-162.5436499,36.3529942,170.1931503,0.410116941,0.543742001,0.460921258,0.636926711,0.416088566,0.42174761,0.20209384,0.215179101,-0.029548775,0.566943494
p02,575355.734,0.078,NOD,11,2,7.275776894,33.38114517,-1.732074337,-155.6722422,28.9944593,-5.343301526,0.405947626,0.53054297,0.454874098,0.631386101,0.414444029,0.405565023,0.204391062,0.225821078,-0.04156935,0.553437914
p02,575355.75,0.094,NOD,11,3,7.700455749,33.9627703,-0.800976775,-155.2475633,29.57608442,-4.412203965,0.402256548,0.515279233,0.452756464,0.62365514,0.411447644,0.388396963,0.212754011,0.235258177,-0.043200576,0.539332029
p02,575355.796,0.14,NOD,11,4,-2.697181289,40.72036163,174.9636634,-165.6452004,36.33367575,171.3524362,0.398641646,0.506878912,0.449667871,0.617344201,0.41001001,0.378100753,0.216807336,0.239243448,-0.05243533,0.538272462
p02,575355.828,0.172,NOD,11,5,6.132363213,31.56856593,-0.588589546,-156.8156558,27.18188006,-4.199816735,0.395556927,0.494718432,0.443693966,0.611456454,0.40739727,0.367441669,0.221017689,0.244014785,-0.053571927,0.521594474
p02,575355.859,0.203,NOD,11,6,3.886255249,32.2924465,-1.12076917,-159.0617638,27.90576062,-4.731996359,0.390865415,0.484879673,0.440320075,0.608089626,0.405748859,0.360873729,0.220665872,0.247215897,-0.067447873,0.501609909
p02,575355.89,0.234,NOD,11,7,2.553338811,32.26523443,-1.573489827,-160.3946803,27.87854855,-5.184717016,0.387867779,0.477993369,0.437437594,0.60764122,0.402238443,0.356467843,0.221135318,0.251173377,-0.064985842,0.483831238
p02,575355.921,0.265,NOD,11,8,1.1866441,33.19248093,-1.679819962,-161.761375,28.80579505,-5.291047151,0.384393305,0.473613799,0.434745848,0.606375694,0.400485978,0.354140192,0.221748888,0.252235502,-0.072571606,0.473658963
p02,575355.953,0.297,NOD,11,9,1.696634421,33.37746194,-1.528875096,-161.2513846,28.99077606,-5.140102285,0.382260412,0.472635895,0.434441894,0.604778886,0.398773596,0.352492347,0.222219229,0.252286538,-0.074310328,0.476218622
p02,575355.984,0.328,NOD,11,10,2.323256417,33.68468292,-1.692987901,-160.6247626,29.29799705,-5.30421509,0.38051042,0.472319633,0.433817536,0.603629589,0.395949677,0.352394223,0.221422553,0.251235366,-0.069727572,0.477342866
p02,575356.031,0.375,NOD,11,11,2.412193927,33.64264449,-1.946506816,-160.5358251,29.25595861,-5.557734006,0.379526317,0.472897232,0.433987588,0.603123605,0.394710973,0.35262692,0.223574698,0.250496686,-0.067917595,0.480127358
p02,575356.062,0.406,NOD,11,12,2.446132392,33.23903551,-1.864603157,-160.5018867,28.85234964,-5.475830347,0.379172146,0.474780947,0.432788759,0.604115009,0.393872395,0.35362424,0.224576682,0.25049077,-0.065457592,0.483677333
p02,575356.093,0.437,NOD,11,13,2.174788751,33.64973187,-2.0199104,-160.7732303,29.26304599,-5.63113759,0.378010154,0.475347191,0.432041615,0.604620993,0.392840222,0.354550108,0.223558426,0.250070885,-0.066336429,0.483051367
p02,575356.14,0.484,NOD,11,14,2.395071433,33.15885952,-2.600269615,-160.5529476,28.77217364,-6.211496804,0.377609074,0.476061404,0.43237412,0.604238093,0.391013369,0.355587259,0.224275291,0.248650834,-0.05976715,0.484511324
p02,575356.156,0.5,NOD,11,15,2.030825399,34.05566373,-2.61896547,-160.9171937,29.66897785,-6.230192659,0.375629872,0.475592285,0.431341946,0.603695154,0.390318453,0.355819851,0.221133947,0.247875303,-0.066423909,0.48319632
p02,575356.187,0.531,NOD,11,16,2.190747344,34.23092028,-2.916521744,-160.7572717,29.8442344,-6.527748934,0.374397874,0.474912554,0.431248367,0.603162467,0.388424963,0.354949966,0.223231703,0.248212501,-0.062836455,0.483305987
p02,575356.234,0.578,NOD,11,17,1.423602117,35.07453259,-2.981425076,-161.5244169,30.68784672,-6.592652265,0.373397142,0.473588526,0.430284262,0.603588581,0.388703167,0.354553595,0.219572097,0.249034986,-0.069708428,0.477984772
p02,575356.25,0.594,NOD,11,18,1.349223697,34.90091589,-3.507234153,-161.5987954,30.51423001,-7.118461342,0.373105228,0.472135633,0.430763453,0.601760209,0.387582153,0.353622377,0.221102238,0.248137832,-0.065476158,0.47761059
p02,575356.296,0.64,NOD,11,19,1.001405573,35.29898258,-3.217514714,-161.9466135,30.9122967,-6.828741903,0.371980667,0.471584141,0.429513603,0.601282954,0.38788256,0.352798939,0.219686538,0.248484015,-0.072384469,0.478039613
p02,575356.328,0.672,NOD,11,20,1.248713501,35.28967398,-3.314909177,-161.6993056,30.9029881,-6.926136366,0.371978283,0.471048862,0.429883063,0.600483418,0.387246132,0.351991311,0.220326275,0.248492107,-0.069296542,0.479120052
p02,575356.359,0.703,NOD,11,21,0.873709002,35.32955404,-3.030873194,-162.0743101,30.94286817,-6.642100384,0.371103823,0.468823642,0.428194344,0.600219727,0.387566149,0.351708174,0.218927801,0.248511553,-0.075195229,0.471267699
p02,575356.39,0.734,NOD,11,22,1.364973907,35.12821122,-3.260017587,-161.5830452,30.74152534,-6.871244777,0.371609032,0.469410658,0.42974627,0.600187659,0.386894137,0.351368994,0.220430791,0.248818666,-0.069341966,0.474408397
p02,575356.421,0.765,NOD,11,23,1.317292365,34.8725686,-2.792260998,-161.6307267,30.48588273,-6.403488187,0.371810615,0.469144315,0.427909136,0.60031873,0.387662932,0.351669773,0.219167531,0.248648956,-0.072329679,0.472451374
p02,575356.468,0.812,NOD,11,24,1.354021279,34.71158619,-3.418044945,-161.5939978,30.32490032,-7.029272135,0.373023838,0.469364643,0.430722237,0.600102365,0.387627929,0.351393983,0.221285641,0.248708382,-0.065996562,0.47433327
p02,575356.484,0.828,NOD,11,25,1.324914142,34.5945893,-2.797232299,-161.6231049,30.20790342,-6.408459488,0.372255385,0.46888119,0.427844256,0.599907815,0.388146907,0.35175176,0.218620509,0.248156056,-0.072689988,0.471999081
p02,575356.531,0.875,NOD,11,26,1.652635654,34.29671574,-3.301089916,-161.2953834,29.91002987,-6.912317105,0.37440747,0.46936211,0.430854857,0.5999102,0.38803941,0.351202652,0.221643448,0.248707548,-0.061503915,0.475093977
p02,575356.546,0.89,NOD,11,27,1.631059091,34.40408644,-2.783168567,-161.31696,30.01740056,-6.394395757,0.373718202,0.469034851,0.428678811,0.600144148,0.388639957,0.351490304,0.218235999,0.248653844,-0.068374396,0.472723626
p02,575356.593,0.937,NOD,11,28,1.711270228,34.07638886,-3.299696404,-161.2367488,29.68970298,-6.910923594,0.375522405,0.468805909,0.43144986,0.600171864,0.388723969,0.35074757,0.222214222,0.249424294,-0.059409179,0.473323336
p02,575356.625,0.969,NOD,11,29,1.358759156,34.14818858,-2.842055,-161.5892599,29.76150271,-6.453282189,0.374413222,0.468242973,0.428777605,0.600025117,0.38923271,0.35096471,0.21887809,0.249060407,-0.067706585,0.470882804
p02,575356.656,1,NOD,11,30,1.433687926,34.26478973,-3.325552985,-161.5143311,29.87810386,-6.936780174,0.375816166,0.467602909,0.431393057,0.599766254,0.389054716,0.350351706,0.22142598,0.249414548,-0.059787696,0.470105707
p02,575356.687,1.031,NOD,11,31,0.97074447,34.57803748,-2.783414873,-161.9772746,30.1913516,-6.394642062,0.37468195,0.467084855,0.428841233,0.599776626,0.389864951,0.34959051,0.218619794,0.250186116,-0.069449346,0.469627759
p02,575356.734,1.078,NOD,11,32,1.261113403,34.26668475,-3.21390197,-161.6869057,29.87999887,-6.82512916,0.376036197,0.466914177,0.431009799,0.59962523,0.38964054,0.349567413,0.220869303,0.250057817,-0.061594539,0.469278526
p02,575356.75,1.094,NOD,11,33,0.501630057,34.73724606,-2.890963365,-162.446389,30.35056018,-6.502190555,0.374969214,0.466478616,0.428794205,0.599985361,0.390354604,0.349139437,0.218859404,0.250845924,-0.07029805,0.467773911
p02,575356.796,1.14,NOD,11,34,0.317698378,35.13644158,-3.136774807,-162.6303207,30.7497557,-6.748001996,0.375373453,0.465815246,0.430053473,0.599807203,0.390589193,0.34857063,0.219198078,0.251236573,-0.069415479,0.466670178
p02,575356.828,1.172,NOD,11,35,0.160383176,35.01107059,-3.15203548,-162.7876359,30.62438471,-6.76326267,0.375452846,0.465202183,0.429757625,0.599679232,0.390672505,0.348308802,0.218922615,0.25137043,-0.069520724,0.46502439
p02,575356.859,1.203,NOD,11,36,0.488874672,34.76452678,-3.275292261,-162.4591444,30.37784091,-6.88651945,0.376501292,0.465401471,0.430772156,0.599394143,0.390639931,0.348195598,0.220354468,0.251198545,-0.06416316,0.466586592
p02,575356.89,1.234,NOD,11,37,0.535018332,34.89284972,-3.265507135,-162.4130007,30.50616384,-6.876734324,0.37621218,0.465176553,0.430473149,0.598868251,0.390463561,0.348093271,0.219851166,0.25077498,-0.064822859,0.466885817
p02,575356.921,1.265,NOD,11,38,0.629163882,34.64201295,-3.486021793,-162.3188552,30.25532707,-7.097248982,0.377205282,0.464847594,0.431524485,0.598606944,0.390432417,0.348365769,0.220570862,0.250241175,-0.059967735,0.465478255
p02,575356.953,1.297,NOD,11,39,0.482398548,34.8608471,-3.406175564,-162.4656205,30.47416122,-7.017402753,0.376368672,0.46492818,0.430399895,0.598709822,0.390225008,0.348427325,0.219014645,0.250282496,-0.063266712,0.465477436
p02,575357,1.344,NOD,11,40,0.863146799,34.41481066,-3.617404983,-162.0848723,30.02812478,-7.228632173,0.377156526,0.464922518,0.43193686,0.598802686,0.389901951,0.348589778,0.22018829,0.250212908,-0.05788421,0.464935005
p02,575357.015,1.359,NOD,11,41,0.902286743,34.75862852,-3.367037019,-162.0457323,30.37194264,-6.978264208,0.375751078,0.465585411,0.430340707,0.598526239,0.389354035,0.34871538,0.219145179,0.24981086,-0.06207281,0.467834068
p02,575357.062,1.406,NOD,11,42,0.742533577,34.52504314,-3.591526038,-162.2054855,30.13835726,-7.202753227,0.376516491,0.465374023,0.431020498,0.598745883,0.389366552,0.34876518,0.220023096,0.249980703,-0.058403237,0.466471379
p02,575357.093,1.437,NOD,11,43,0.772641907,34.75854833,-3.452414203,-162.1753772,30.37186245,-7.063641392,0.375124365,0.465793192,0.430103123,0.598870099,0.389021218,0.348830998,0.219183773,0.250039101,-0.063402744,0.467775616
p02,575357.125,1.469,NOD,11,44,0.665416042,34.84565476,-3.619107985,-162.282603,30.45896889,-7.230335174,0.375504494,0.465508223,0.430821687,0.599145651,0.389032349,0.348773688,0.219396919,0.250371963,-0.061659276,0.466244436
p02,575357.156,1.5,NOD,11,45,0.754534987,34.78314416,-3.406260648,-162.1934841,30.39645828,-7.017487837,0.374769241,0.46585682,0.429682851,0.59901464,0.388878956,0.348836243,0.21869117,0.250178397,-0.064518909,0.46774853
p02,575357.187,1.531,NOD,11,46,0.582901294,34.77501462,-3.599166526,-162.3651178,30.38832874,-7.210393715,0.375364661,0.465554506,0.430449069,0.599343896,0.389012843,0.34878315,0.219199777,0.250560746,-0.062263668,0.466040101
p02,575357.218,1.562,NOD,11,47,0.647091205,34.75077776,-3.267895997,-162.3009279,30.36409188,-6.879123186,0.375267267,0.465657473,0.429447085,0.599104643,0.389351904,0.348418355,0.219520986,0.250686288,-0.064160778,0.467672638
p02,575357.25,1.594,NOD,11,48,0.374555566,35.09491946,-3.453880129,-162.5734635,30.70823358,-7.065107319,0.375454128,0.464822978,0.430314034,0.599087536,0.389576107,0.348242164,0.219328076,0.250845373,-0.064387468,0.464751703
p02,575357.296,1.64,NOD,11,49,0.39725323,34.86321458,-3.292294601,-162.5507658,30.47652871,-6.90352179,0.375515401,0.465198696,0.429505169,0.599138141,0.389756531,0.348253399,0.219065428,0.250884742,-0.065008565,0.466131562
p02,575357.328,1.672,NOD,11,50,0.31339359,34.98620936,-3.398704094,-162.6346255,30.59952348,-7.009931284,0.37593177,0.465139836,0.430357277,0.599472642,0.390033022,0.348253474,0.219620138,0.251219168,-0.064207463,0.465276449
p02,575357.359,1.703,NOD,11,51,0.327887218,34.69508656,-3.234615747,-162.6201318,30.30840068,-6.845842936,0.37613225,0.465309709,0.429608732,0.599309802,0.39032732,0.348224074,0.219246507,0.251085728,-0.064744793,0.466317367
p02,575357.39,1.734,NOD,11,52,0.499446738,35.05648561,-3.260713903,-162.4485723,30.66979973,-6.871941093,0.376309425,0.465093732,0.430592299,0.599018455,0.390474886,0.348310187,0.219583631,0.250708267,-0.064510551,0.465814493
p02,575357.421,1.765,NOD,11,53,0.654279531,34.61816128,-3.267881718,-162.2937395,30.2314754,-6.879108908,0.376747191,0.465512276,0.430480331,0.598613262,0.390583903,0.34841451,0.21963793,0.250198752,-0.062997824,0.468018983
p02,575357.453,1.797,NOD,11,54,0.623977778,34.72432421,-3.396590398,-162.3240413,30.33763833,-7.007817588,0.377154768,0.465327561,0.431164771,0.598587871,0.390733212,0.348525614,0.219820321,0.250062257,-0.061770653,0.46709147
p02,575357.484,1.828,NOD,11,55,0.552426632,34.83957274,-3.325439372,-162.3955924,30.45288686,-6.936666561,0.376937866,0.465452701,0.430768162,0.598688006,0.390727654,0.348566383,0.219507486,0.250121623,-0.062821493,0.467317924
p02,575357.515,1.859,NOD,11,56,0.661766227,34.81194083,-3.439618148,-162.2862528,30.42525496,-7.050845337,0.377436519,0.465622127,0.431657791,0.598621249,0.390875414,0.348653436,0.219359159,0.249967813,-0.061264346,0.46793501
p02,575357.562,1.906,NOD,11,57,0.730086546,34.85284359,-3.210457876,-162.2179325,30.46615772,-6.821685065,0.376732528,0.465781748,0.430750996,0.598958313,0.390760794,0.348554,0.219540924,0.250404313,-0.063898183,0.468153869
p02,575357.593,1.937,NOD,11,58,0.545076829,34.65194117,-3.470152187,-162.4029422,30.2652553,-7.081379377,0.377117157,0.465405434,0.431406289,0.599006355,0.390792593,0.348667681,0.219764292,0.250338674,-0.062227745,0.466319292
p02,575357.625,1.969,NOD,11,59,0.552616665,34.89603731,-3.31103494,-162.3954024,30.50935143,-6.922262129,0.376702279,0.465360254,0.43056494,0.599322557,0.390522555,0.348290339,0.219118178,0.251032218,-0.063072246,0.466354143
p02,575357.656,2,NOD,11,60,0.50412614,34.62459414,-3.46937232,-162.4438929,30.23790826,-7.080599509,0.377321929,0.464913547,0.431086391,0.59949708,0.39046669,0.348418087,0.219651461,0.251078993,-0.059843724,0.463979319
p02,575361.218,0,NOD,12,0,7.502923335,-5.448203138,-0.010828018,-155.4450957,-9.834889014,-3.622055207,0.668991268,0.447152078,0.651196837,0.621828794,0.656592071,0.277963653,0.318022788,0.343865141,0.03898839,0.492019704
p02,575361.25,0.032,NOD,12,1,-2.6120282,-22.14469912,-177.4220524,-165.5600473,-26.53138499,178.9667204,0.668549776,0.450033277,0.651057959,0.623483479,0.655700862,0.279821321,0.317988873,0.343662158,0.040406803,0.49528862
p02,575361.296,0.078,NOD,12,2,-2.234955771,-21.98744923,-177.5189955,-165.1829748,-26.3741351,178.8697773,0.667856276,0.451997608,0.650663674,0.625245035,0.655429542,0.281607568,0.317517042,0.343637466,0.039137219,0.49584244
p02,575361.328,0.11,NOD,12,3,-2.137785216,-22.07135693,-177.5024207,-165.0858043,-26.45804281,178.8863521,0.667332053,0.45364219,0.649842858,0.625740707,0.65535593,0.283143565,0.316582203,0.342597142,0.037829425,0.497665052
p02,575361.359,0.141,NOD,12,4,-0.329811618,-22.12130582,-177.8013012,-163.2778307,-26.50799169,178.5874716,0.667726517,0.459010333,0.648822725,0.626350641,0.655020207,0.286467776,0.315745234,0.339882866,0.040242285,0.507653002
p02,575361.39,0.172,NOD,12,5,0.070633283,-22.44099948,-177.7527673,-162.8773858,-26.82768535,178.6360055,0.667807162,0.468513548,0.646905601,0.626136363,0.653759688,0.293663353,0.315536946,0.33247301,0.044519267,0.52590794
p02,575361.421,0.203,NOD,12,6,1.763407329,-22.25966183,-177.4252257,-161.1846117,-26.64634771,178.9635471,0.66410023,0.483096093,0.641117036,0.632625699,0.652291149,0.303419486,0.31470269,0.329206213,0.037524563,0.545787412
p02,575361.468,0.25,NOD,12,7,2.296051949,-23.65576611,-176.7608795,-160.6519671,-28.04245199,179.6278933,0.66240406,0.49990344,0.637437105,0.641264856,0.651784211,0.315949768,0.314657688,0.325315088,0.033750483,0.565463083
p02,575361.484,0.266,NOD,12,8,3.836983164,-24.90153854,-176.6868405,-159.1110359,-29.28822442,179.7019323,0.663864076,0.5099473,0.637937069,0.641162217,0.654867232,0.325380936,0.313526154,0.31578128,0.028695674,0.584475316
p02,575361.531,0.313,NOD,12,9,5.110162714,-22.25627343,-177.2414852,-157.8378563,-26.64295931,179.1472876,0.662622452,0.508531094,0.639331639,0.642379344,0.654408365,0.329672441,0.310344756,0.312706903,0.026467618,0.571968995
p02,575361.562,0.344,NOD,12,10,4.921571057,-22.31133676,-177.8479498,-158.026448,-26.69802263,178.540823,0.669254482,0.505023718,0.646225333,0.641572475,0.656799257,0.323849574,0.313096821,0.317722902,0.039780746,0.570226896
p02,575361.593,0.375,NOD,12,11,2.399331262,-24.06508913,-178.2317449,-160.5486878,-28.45177501,178.1570279,0.67623502,0.490323722,0.64960295,0.636051536,0.657828271,0.31299378,0.316643715,0.323057756,0.058130788,0.548910959
p02,575361.625,0.407,NOD,12,12,-1.04906589,-25.13379616,-177.6971657,-163.997085,-29.52048203,178.6916071,0.678060591,0.474151582,0.65312463,0.628423631,0.660297215,0.300500333,0.31924656,0.327923298,0.055641559,0.529548371
p02,575361.671,0.453,NOD,12,13,8.880822185,-8.704398403,-1.366032672,-154.0671969,-13.09108428,-4.977259862,0.681988716,0.461374938,0.657558858,0.627187252,0.662083238,0.289443806,0.316755652,0.337743446,0.062841744,0.509058383
p02,575361.687,0.469,NOD,12,14,8.49078472,-8.250811336,-1.440740722,-154.4572343,-12.63749721,-5.051967911,0.68242991,0.454519451,0.65863806,0.624451756,0.662305623,0.282780141,0.317225397,0.341671616,0.063438447,0.502644358
p02,575361.718,0.5,NOD,12,15,8.102431314,-8.443366795,-1.57731294,-154.8455877,-12.83005267,-5.188540129,0.682566762,0.449006915,0.660177052,0.621600747,0.662967503,0.27948308,0.316256106,0.342117667,0.061972745,0.495513244
p02,575361.765,0.547,NOD,12,16,7.891478441,-8.443147037,-1.55406942,-155.0565406,-12.82983291,-5.165296609,0.682445168,0.446979761,0.660418749,0.619826198,0.662874579,0.277880594,0.315081596,0.341945603,0.062112765,0.494520664
p02,575361.796,0.578,NOD,12,17,7.92818207,-9.019087244,-1.901092256,-155.019837,-13.40577312,-5.512319446,0.683400631,0.446265072,0.660678506,0.620080173,0.662090838,0.276165396,0.314292014,0.343914777,0.067802528,0.494598334
p02,575361.828,0.61,NOD,12,18,8.196866872,-8.867026358,-2.123037052,-154.7511522,-13.25371223,-5.734264241,0.683307469,0.445911378,0.660842717,0.619564414,0.661596864,0.275256351,0.314921856,0.344308063,0.068939656,0.495646327
p02,575361.859,0.641,NOD,12,19,8.231209798,-8.944826635,-2.297832003,-154.7168093,-13.33151251,-5.909059193,0.682883084,0.446616411,0.660891533,0.620200098,0.660642654,0.275254592,0.314732373,0.344945505,0.070664577,0.496779394
p02,575361.89,0.672,NOD,12,20,7.890801834,-8.549931756,-2.386095557,-155.0572172,-12.93661763,-5.997322746,0.681803465,0.446923375,0.660456419,0.620057404,0.658746094,0.278032631,0.313787758,0.342024773,0.073480787,0.493796817
p02,575361.921,0.703,NOD,12,21,7.535172232,-8.534441576,-2.166950156,-155.4128468,-12.92112745,-5.778177345,0.680357635,0.44786483,0.660097122,0.620695114,0.658159673,0.279949784,0.314618528,0.34074533,0.070555164,0.49278752
p02,575361.968,0.75,NOD,12,22,7.491638652,-8.086699116,-2.036321972,-155.4563804,-12.47338499,-5.647549161,0.678899944,0.448368073,0.65951556,0.620494366,0.65730238,0.280637071,0.315352112,0.339857295,0.06848714,0.493533622
p02,575362,0.782,NOD,12,23,7.764881252,-7.906504249,-2.136234161,-155.1831378,-12.29319013,-5.74746135,0.678228855,0.449357212,0.658878624,0.620748878,0.656534642,0.282879516,0.315135926,0.337869361,0.068840812,0.492728002
p02,575362.031,0.813,NOD,12,24,7.89548009,-8.064389232,-2.029409384,-155.052539,-12.45107511,-5.640636574,0.677166224,0.451507926,0.657732189,0.621192873,0.655880034,0.283845812,0.315308064,0.33734706,0.067509182,0.497001852
p02,575362.062,0.844,NOD,12,25,8.31508101,-7.1824338,-2.018651461,-154.6329381,-11.56911968,-5.62987865,0.675400913,0.452179998,0.656091809,0.621783555,0.654799253,0.284039721,0.315668136,0.337743834,0.065263667,0.497833744
p02,575362.093,0.875,NOD,12,26,8.087377736,-6.785506624,-1.829194426,-154.8606413,-11.1721925,-5.440421616,0.674041748,0.45113951,0.655344188,0.621150434,0.654045671,0.283382073,0.315035194,0.337768361,0.063472517,0.496664152
p02,575362.125,0.907,NOD,12,27,8.085451405,-7.077128964,-2.009201655,-154.8625677,-11.46381484,-5.620428845,0.673554182,0.449659854,0.654723167,0.619555056,0.65297538,0.282366201,0.314197123,0.337188855,0.065496467,0.496142297
p02,575362.156,0.938,NOD,12,28,7.906987532,-7.021164208,-1.981085335,-155.0410315,-11.40785008,-5.592312524,0.672344565,0.448126167,0.653774977,0.61855042,0.651873618,0.281594008,0.313912988,0.336956412,0.06521217,0.494224633
p02,575362.187,0.969,NOD,12,29,7.847544927,-6.579892524,-1.911481903,-155.1004741,-10.9665784,-5.522709093,0.670721889,0.447139919,0.652432442,0.617701769,0.65083766,0.281459048,0.313636124,0.33624272,0.063399038,0.492741881
p02,575362.218,1,NOD,12,30,7.799906401,-6.938079068,-1.971442577,-155.1481127,-11.32476494,-5.582669766,0.670413077,0.446443677,0.652175725,0.616829276,0.650301337,0.281566247,0.313079238,0.335263029,0.064238497,0.491785301
p02,575362.265,1.047,NOD,12,31,7.840837742,-6.870056079,-1.846381582,-155.1071813,-11.25674195,-5.457608771,0.669483423,0.446076065,0.650872588,0.615959048,0.649690062,0.281610757,0.31259501,0.334348291,0.063319505,0.491898157
p02,575362.296,1.078,NOD,12,32,7.853897566,-7.188016915,-1.768012075,-155.0941215,-11.57470279,-5.379239264,0.668514311,0.446334779,0.650315464,0.616488099,0.649404645,0.281558946,0.312107027,0.334929153,0.061227927,0.491972203
p02,575362.328,1.11,NOD,12,33,7.865550566,-7.217867299,-1.746503382,-155.0824685,-11.60455317,-5.357730572,0.667822242,0.446495175,0.649157941,0.616442621,0.648888707,0.282064527,0.311569989,0.334378093,0.060768159,0.49175066
p02,575362.375,1.157,NOD,12,34,7.896085174,-7.012085653,-1.681513577,-155.0519339,-11.39877153,-5.292740766,0.667183816,0.446782798,0.648537338,0.616154194,0.648187727,0.283065259,0.311382174,0.333088934,0.061005707,0.49151299
p02,575362.39,1.172,NOD,12,35,8.040085289,-6.624425833,-1.523369156,-154.9079338,-11.01111171,-5.134596346,0.666863501,0.447639197,0.648166418,0.616439581,0.648187459,0.285566404,0.311270595,0.330873176,0.05999938,0.48983358
p02,575362.421,1.203,NOD,12,36,9.107898374,-5.273192451,-1.387117052,-153.8401207,-9.659878327,-4.998344241,0.666549027,0.449536055,0.647416174,0.617396712,0.647952169,0.286703214,0.311197698,0.330693498,0.059758982,0.492398073
p02,575362.468,1.25,NOD,12,37,9.380649008,-6.341358169,-1.625546211,-153.5673701,-10.72804405,-5.2367734,0.667524934,0.450995803,0.64742744,0.617031097,0.648234814,0.285319656,0.311690867,0.331711441,0.061888626,0.499458644
p02,575362.5,1.282,NOD,12,38,9.902081949,-7.087266305,-1.815680193,-153.0459371,-11.47395218,-5.426907382,0.667349935,0.450906903,0.647129297,0.615986407,0.649264127,0.281987354,0.313350558,0.333999053,0.05771749,0.505748585
p02,575362.531,1.313,NOD,12,39,9.170278903,-7.586592425,-1.832672178,-153.7777402,-11.9732783,-5.443899367,0.66661638,0.450050712,0.646839559,0.616339982,0.648547739,0.281374872,0.312288404,0.33496511,0.057858829,0.503562416
p02,575362.562,1.344,NOD,12,40,8.573461157,-7.467391421,-1.673600253,-154.3745579,-11.8540773,-5.284827443,0.665636897,0.447186261,0.646837652,0.615283012,0.648405701,0.280885875,0.311930567,0.334397137,0.055240486,0.497314025
p02,575362.593,1.375,NOD,12,41,-3.116224545,-24.39181022,-178.4095114,-166.0642436,-28.7784961,177.9792614,0.665045261,0.445575416,0.646694601,0.615563869,0.647799671,0.279890239,0.31080699,0.33567363,0.055486496,0.493590088
p02,575362.625,1.407,NOD,12,42,8.010034107,-7.906021249,-1.599662655,-154.937985,-12.29270713,-5.210889844,0.665382564,0.445099413,0.646705091,0.614416003,0.648099959,0.279625222,0.31064558,0.334790781,0.05563448,0.494261493
p02,575362.671,1.453,NOD,12,43,8.241968423,-8.21844451,-1.66840731,-154.7060506,-12.60513039,-5.279634499,0.665430725,0.444911987,0.646304965,0.61446774,0.648116499,0.278519869,0.310411096,0.335947871,0.055778372,0.495291478
p02,575362.687,1.469,NOD,12,44,8.209242171,-8.408991191,-1.635934626,-154.7387769,-12.79567707,-5.247161815,0.66554594,0.444271624,0.645989537,0.6143924,0.64823246,0.278672963,0.310268283,0.335719436,0.055801644,0.493265038
p02,575362.734,1.516,NOD,12,45,8.320307071,-8.352954531,-1.550744998,-154.627712,-12.73964041,-5.161972188,0.665327609,0.444469005,0.64572984,0.613880038,0.648352265,0.278130427,0.309962451,0.335749611,0.054765805,0.495424484
p02,575362.765,1.547,NOD,12,46,8.169634586,-8.404818705,-1.625301806,-154.7783845,-12.79150458,-5.236528996,0.665430427,0.44434014,0.64610523,0.614030778,0.64816764,0.27816847,0.309253424,0.335862309,0.055820842,0.494761292
p02,575362.796,1.578,NOD,12,47,8.297576796,-8.713945378,-1.6115187,-154.6504423,-13.10063125,-5.222745889,0.665744543,0.444605142,0.645633578,0.613703191,0.648172587,0.278796092,0.309267431,0.3349071,0.056817997,0.495089684
p02,575362.828,1.61,NOD,12,48,8.257748006,-9.010903949,-1.769032877,-154.6902711,-13.39758983,-5.380260067,0.665899158,0.44509846,0.645613194,0.613393009,0.647561491,0.27899313,0.309050739,0.334399879,0.059335458,0.496726645
p02,575362.875,1.657,NOD,12,49,8.143550634,-8.909993487,-1.773558012,-154.8044684,-13.29667936,-5.384785202,0.665726781,0.445738792,0.645755172,0.613579571,0.647393316,0.279301807,0.309147418,0.334277764,0.059303309,0.497900259
p02,575362.89,1.672,NOD,12,50,8.207600554,-9.140314045,-1.882820115,-154.7404185,-13.52699992,-5.494047305,0.666380227,0.44645831,0.646196544,0.614373803,0.647473127,0.280091554,0.308950305,0.334282249,0.061197868,0.497683489
p02,575362.921,1.703,NOD,12,51,-3.368371747,-24.94692956,-178.2441714,-166.3163908,-29.33361543,178.1446014,0.665963352,0.447161883,0.646090388,0.613633037,0.647642344,0.280326977,0.308825314,0.333306059,0.059324824,0.500545673
p02,575362.968,1.75,NOD,12,52,8.285138654,-9.04637775,-1.882832855,-154.6628804,-13.43306363,-5.494060045,0.66656518,0.447036386,0.646484911,0.613861084,0.64765349,0.280336022,0.30867058,0.333525062,0.061268196,0.499813604
p02,575363,1.782,NOD,12,53,8.422670523,-9.226300311,-1.935083975,-154.5253485,-13.61298619,-5.546311164,0.667215288,0.44694829,0.646838903,0.613748074,0.648042083,0.280369088,0.308304131,0.333378986,0.062189257,0.499669172
p02,575363.031,1.813,NOD,12,54,8.455123488,-9.26327485,-1.845927154,-154.4928956,-13.64996073,-5.457154343,0.667123556,0.447277755,0.646549821,0.613215387,0.648260683,0.280183196,0.30814153,0.333032191,0.061214966,0.501736958
p02,575363.062,1.844,NOD,12,55,8.55537016,-9.28690533,-1.938248376,-154.3926489,-13.67359121,-5.549475565,0.667226434,0.446792454,0.64692378,0.612960339,0.648418993,0.280403703,0.307348788,0.332556635,0.061192501,0.500332071
p02,575363.093,1.875,NOD,12,56,8.406600268,-9.11480809,-1.879544253,-154.5414188,-13.50149397,-5.490771443,0.667332292,0.446560234,0.647210002,0.612741828,0.648574173,0.280333549,0.307046503,0.332408279,0.061092108,0.500067825
p02,575363.125,1.907,NOD,12,57,8.323458015,-9.032540154,-1.858275041,-154.624561,-13.41922603,-5.46950223,0.667442679,0.446311653,0.647485852,0.612241447,0.648893535,0.280134603,0.306349576,0.332106844,0.060548947,0.500372252
p02,575363.156,1.938,NOD,12,58,8.329055018,-9.20020509,-1.894753173,-154.618964,-13.58689097,-5.505980363,0.66773355,0.446013033,0.647596955,0.611926675,0.649169028,0.280285567,0.30586189,0.331641108,0.060695768,0.499719312
p02,575363.187,1.969,NOD,12,59,-3.120824503,-25.57589408,-178.3198655,-166.0688436,-29.96257996,178.0689073,0.668181717,0.44661516,0.647794366,0.611441016,0.649365366,0.28082782,0.305374771,0.330613196,0.061617244,0.50145409
p02,575363.218,2,NOD,12,60,8.407822187,-9.102392839,-1.802171494,-154.5401969,-13.48907872,-5.413398683,0.668286741,0.446922004,0.648081243,0.611674428,0.649893224,0.281446949,0.305386364,0.330227479,0.060230314,0.501094142
p02,575367.156,0,NOD,13,0,-10.2826321,-24.89803925,3.562815016,-173.2306512,-29.28472512,-0.048412173,0.473077953,0.429015249,0.462484628,0.530156374,0.461771637,0.376809165,0.135477126,0.153347209,0.083455532,0.340443654
p02,575367.187,0.031,NOD,13,1,-11.85718915,-23.84243715,3.750599746,-174.8052082,-28.22912303,0.139372556,0.472783327,0.424075425,0.462873131,0.525536954,0.461495355,0.374269977,0.135344297,0.151266977,0.083401906,0.329255257
p02,575367.234,0.078,NOD,13,2,-13.482816,-23.9154254,3.856288631,-176.4308351,-28.30211127,0.245061442,0.472759217,0.41966486,0.463276744,0.522007763,0.46074079,0.371963248,0.135181636,0.150044516,0.088905769,0.317916399
p02,575367.265,0.109,NOD,13,3,-14.7464698,-23.24469585,4.055608454,-177.6944889,-27.63138172,0.444381265,0.471877009,0.416285694,0.463350326,0.519353688,0.460475057,0.370385945,0.13512522,0.148967743,0.084380631,0.30811871
p02,575367.296,0.14,NOD,13,4,-15.21730167,-22.7347968,4.229543509,-178.1653207,-27.12148267,0.61831632,0.471121907,0.414592564,0.463018417,0.517552614,0.460322663,0.369696081,0.135087043,0.147856534,0.079942856,0.303648965
p02,575367.328,0.172,NOD,13,5,-15.29902031,-23.14693126,4.187738766,-178.2470394,-27.53361714,0.576511577,0.4708561,0.414127916,0.46295616,0.516738415,0.460012883,0.369683281,0.134945542,0.147055134,0.080352543,0.302231104
p02,575367.359,0.203,NOD,13,6,-16.22126063,-23.32609382,4.398070518,-179.1692797,-27.71277969,0.786843329,0.470679939,0.41345644,0.462986648,0.516082406,0.459586591,0.3699224,0.13454473,0.146160007,0.082451005,0.297851933
p02,575367.437,0.281,NOD,13,7,-16.34970361,-23.1769626,4.476716065,-179.2977227,-27.56364848,0.865488876,0.470597953,0.414346516,0.462715834,0.516078413,0.459296674,0.370557547,0.134159654,0.145520866,0.084237539,0.300911964
p02,575367.453,0.297,NOD,13,8,-15.9577486,-23.00162969,4.694115687,-178.9057677,-27.38831557,1.082888498,0.469844401,0.415624797,0.461825103,0.517164171,0.459228769,0.371570095,0.134009808,0.145594075,0.079215336,0.302585815
p02,575367.468,0.312,NOD,13,9,-15.64125802,-22.88066459,4.623511623,-178.5892771,-27.26735047,1.012284434,0.469767869,0.416913748,0.461550623,0.518504441,0.459093362,0.372489363,0.134059906,0.146015078,0.079624899,0.304245188
p02,575367.5,0.344,NOD,13,10,-14.75614997,-22.31813548,4.857228635,-177.704169,-26.70482136,1.246001445,0.468824893,0.419164032,0.460293412,0.520009577,0.459142387,0.373448491,0.134319127,0.146561086,0.072085834,0.31192141
p02,575367.531,0.375,NOD,13,11,-14.44997698,-22.170133,4.765805775,-177.397996,-26.55681887,1.154578585,0.468871236,0.4202739,0.460253596,0.520487547,0.459219038,0.374322906,0.134100944,0.146164641,0.071977102,0.314378318
p02,575367.562,0.406,NOD,13,12,-13.8930285,-21.94197577,4.58008266,-176.8410476,-26.32866165,0.968855471,0.468870968,0.420877993,0.460188895,0.520358384,0.459197342,0.374253273,0.13420251,0.146105111,0.072082297,0.319117654
p02,575367.609,0.453,NOD,13,13,-14.08031968,-22.06300606,4.610568146,-177.0283387,-26.44969194,0.999340956,0.468983799,0.420830399,0.460383862,0.520532727,0.459270224,0.374563739,0.134114116,0.145968989,0.072427687,0.316962257
p02,575367.625,0.469,NOD,13,14,-13.7575149,-21.7904938,4.631211389,-176.705534,-26.17717968,1.019984199,0.468778789,0.42146948,0.460225046,0.521202147,0.459329262,0.374673784,0.1342583,0.146528363,0.070383184,0.319362716
p02,575367.656,0.5,NOD,13,15,-13.37632467,-22.18573915,4.434227625,-176.3243437,-26.57242502,0.823000436,0.468907446,0.422418326,0.460618049,0.521767557,0.459523201,0.375226393,0.134478509,0.146541163,0.069782486,0.322038748
p02,575367.703,0.547,NOD,13,16,-13.0503009,-21.88467075,4.504663861,-175.99832,-26.27135663,0.893436671,0.468824744,0.423379242,0.460455775,0.5222978,0.459812537,0.375691697,0.134737194,0.146606103,0.066887302,0.325276674
p02,575367.734,0.578,NOD,13,17,-12.82579836,-22.42090897,4.441123777,-175.7738174,-26.80759484,0.829896588,0.469064027,0.423951834,0.460461885,0.523206294,0.459899843,0.375968203,0.134934664,0.147238091,0.067915716,0.325891427
p02,575367.765,0.609,NOD,13,18,-12.43420414,-22.25483276,4.437673126,-175.3822232,-26.64151863,0.826445937,0.469020993,0.424846977,0.460321456,0.52385211,0.459984019,0.376474574,0.134906232,0.147377536,0.066987069,0.328221004
p02,575367.796,0.64,NOD,13,19,-11.83179587,-22.10882147,4.455910472,-174.7798149,-26.49550735,0.844683283,0.46888721,0.426332593,0.460238665,0.524888456,0.46020548,0.377068236,0.134903401,0.147820219,0.064355156,0.333272111
p02,575367.843,0.687,NOD,13,20,-11.72997019,-22.00726635,4.467232926,-174.6779893,-26.39395222,0.856005736,0.469281822,0.426438034,0.460246861,0.524696827,0.460417747,0.377054825,0.1350407,0.147642002,0.065640025,0.334479401
p02,575367.859,0.703,NOD,13,21,-11.71460967,-22.07483724,4.43328651,-174.6626287,-26.46152312,0.822059321,0.46920228,0.426493704,0.460342377,0.524641752,0.460412383,0.37699759,0.134903938,0.147644162,0.065156712,0.335239223
p02,575367.906,0.75,NOD,13,22,-11.81036329,-21.96318424,4.379861081,-174.7583824,-26.34987012,0.768633892,0.469387621,0.426409751,0.46056366,0.524543226,0.460434392,0.376951143,0.134828508,0.147592083,0.066404566,0.335103395
p02,575367.921,0.765,NOD,13,23,-11.74985548,-22.05111799,4.282361322,-174.6978745,-26.43780386,0.671134132,0.469418705,0.426320791,0.460558802,0.524898648,0.460353792,0.376836464,0.135317743,0.148062184,0.066989832,0.334213139
p02,575367.968,0.812,NOD,13,24,-11.63974963,-21.92820515,4.17399769,-174.5877687,-26.31489102,0.562770501,0.469397634,0.426558137,0.460766762,0.524589121,0.460385755,0.376858965,0.135002166,0.147730157,0.066753592,0.336418599
p02,575368,0.844,NOD,13,25,-11.64721202,-22.05439696,4.235747446,-174.5952311,-26.44108283,0.624520257,0.469269186,0.42650339,0.460619748,0.524839759,0.460329533,0.376791015,0.135306597,0.148048744,0.066069607,0.335783834
p02,575368.031,0.875,NOD,13,26,-11.88790297,-22.02396656,4.199261067,-174.835922,-26.41065243,0.588033878,0.469218433,0.426205158,0.460732996,0.524636209,0.460185081,0.376738831,0.135308057,0.147897378,0.066761376,0.334463853
p02,575368.062,0.906,NOD,13,27,-11.99320542,-21.82703512,4.157980934,-174.9412245,-26.21372099,0.546753745,0.46870023,0.426060468,0.460495621,0.524547756,0.459871486,0.376767546,0.134866744,0.14778021,0.065462723,0.333555637
p02,575368.109,0.953,NOD,13,28,-11.53861747,-22.74855928,4.074603186,-174.4866365,-27.13524516,0.463375997,0.468571335,0.426579922,0.460209548,0.525128245,0.459596857,0.376837641,0.134898067,0.148290604,0.066527845,0.33543785
p02,575368.125,0.969,NOD,13,29,-11.507635,-22.38844704,3.976241065,-174.4556541,-26.77513291,0.365013876,0.468114495,0.426692039,0.459984869,0.525017023,0.459181502,0.376894176,0.134626806,0.148122847,0.066353746,0.336192989
p02,575368.156,1,NOD,13,30,-11.357701,-22.46689088,3.962857985,-174.3057201,-26.85357676,0.351630796,0.467717797,0.426851213,0.459624082,0.52526778,0.458988786,0.37698248,0.134824902,0.1482853,0.064743313,0.336302606
p02,575368.203,1.047,NOD,13,31,-11.20691723,-22.33707132,3.797851943,-174.1549363,-26.72375719,0.186624754,0.467520773,0.427110791,0.459662914,0.525027394,0.458738312,0.376917616,0.134999692,0.148109779,0.065055417,0.338891706
p02,575368.234,1.078,NOD,13,32,-11.16425103,-22.20469213,3.80198,-174.1122701,-26.59137801,0.190752811,0.467198372,0.427192599,0.459512144,0.52535677,0.45860666,0.377060398,0.135077208,0.148296371,0.06360593,0.338054126
p02,575368.265,1.109,NOD,13,33,-11.13239413,-21.67817721,3.776130938,-174.0804132,-26.06486309,0.164903748,0.466814458,0.427205473,0.459116489,0.52529937,0.45833905,0.376969144,0.135004818,0.148330227,0.062778559,0.338678977
p02,575368.296,1.14,NOD,13,34,-11.0388282,-22.03470479,3.681178387,-173.9868473,-26.42139067,0.069951198,0.466595173,0.42730549,0.458985537,0.525390685,0.458035961,0.376888022,0.134941727,0.148502663,0.06342895,0.339505481
p02,575368.328,1.172,NOD,13,35,-10.90980369,-21.68805115,3.588380354,-173.8578228,-26.07473702,-0.022846835,0.466266423,0.427346826,0.458804905,0.525368869,0.45783861,0.376907811,0.13499248,0.148461059,0.062431727,0.339745759
p02,575368.359,1.203,NOD,13,36,-10.82112455,-21.94631701,3.535752743,-173.7691436,-26.33300288,-0.075474446,0.465979785,0.427466244,0.458724141,0.525756538,0.457706034,0.376990154,0.134968847,0.148766384,0.061301187,0.339297682
p02,575368.406,1.25,NOD,13,37,-10.45150865,-22.05448486,3.353169763,-173.3995277,-26.44117074,-0.258057426,0.466064632,0.427922785,0.458747774,0.525517464,0.457537949,0.376929134,0.134802997,0.14858833,0.063252917,0.343187458
p02,575368.421,1.265,NOD,13,38,-10.54141086,-22.30946825,3.316233319,-173.4894299,-26.69615412,-0.29499387,0.466026545,0.427772373,0.458599925,0.525833011,0.457319736,0.376971141,0.134910941,0.14886187,0.06453745,0.341264236
p02,575368.453,1.297,NOD,13,39,-10.65883057,-22.36075488,3.348206516,-173.6068496,-26.74744075,-0.263020674,0.465800554,0.427797049,0.458447069,0.526003182,0.457083404,0.37692003,0.134877145,0.149083152,0.064630294,0.341266058
p02,575368.5,1.344,NOD,13,40,-10.43111786,-22.59473669,3.254437661,-173.3791369,-26.98142257,-0.356789528,0.465732962,0.427867025,0.458511502,0.526166022,0.45714964,0.376920536,0.134458482,0.149245486,0.063836227,0.341360335
p02,575368.531,1.375,NOD,13,41,-10.09766546,-22.54415784,3.219716124,-173.0456845,-26.93084372,-0.391511066,0.465638369,0.428175569,0.458240986,0.52651912,0.457139567,0.377039403,0.134484917,0.149479717,0.063195212,0.342094345
p02,575368.562,1.406,NOD,13,42,-10.3484638,-22.56186283,3.270763878,-173.2964829,-26.9485487,-0.340463312,0.465506643,0.428110719,0.458333164,0.526432097,0.457091853,0.377107695,0.134726167,0.149324402,0.062458468,0.341558534
p02,575368.593,1.437,NOD,13,43,-10.46522028,-22.13543131,3.352358056,-173.4132393,-26.52211719,-0.258869134,0.465239435,0.428128183,0.457920372,0.526402235,0.456849933,0.377224997,0.134567082,0.149177238,0.062344391,0.341226227
p02,575368.625,1.469,NOD,13,44,-10.61654994,-21.95396946,3.339422875,-173.564569,-26.34065533,-0.271804315,0.465214193,0.428055197,0.458016574,0.526293993,0.456881255,0.377305552,0.13466078,0.148988441,0.061880957,0.340628068
p02,575368.656,1.5,NOD,13,45,-10.62743587,-21.82591477,3.358748781,-173.5754549,-26.21260065,-0.252478408,0.465207279,0.428102434,0.458146304,0.526129365,0.457095772,0.377406538,0.134494662,0.148722827,0.060310993,0.340875016
p02,575368.687,1.531,NOD,13,46,-10.55977729,-21.91351516,3.434587121,-173.5077963,-26.30020104,-0.176640069,0.465313792,0.428215444,0.457947314,0.526356697,0.4570847,0.377355382,0.134818673,0.149001315,0.06103822,0.341339687
p02,575368.734,1.578,NOD,13,47,-10.5232167,-21.75548195,3.396276699,-173.4712358,-26.14216782,-0.214950491,0.465328872,0.428384423,0.458072841,0.526329398,0.457181901,0.377557039,0.134726822,0.148772359,0.060470301,0.341645346
p02,575368.75,1.594,NOD,13,48,-10.62703174,-21.91323528,3.372099718,-173.5750508,-26.29992116,-0.239127472,0.465464801,0.428167909,0.458266258,0.5265131,0.457268819,0.377570912,0.134932876,0.148942187,0.060741175,0.33970897
p02,575368.796,1.64,NOD,13,49,-10.42595485,-22.06789068,3.300238491,-173.3739739,-26.45457656,-0.310988699,0.465536892,0.428377151,0.458387554,0.526662946,0.457396224,0.377607226,0.134857833,0.149055719,0.060364816,0.340610379
p02,575368.828,1.672,NOD,13,50,-10.31018443,-22.17666025,3.296923733,-173.2582035,-26.56334613,-0.314303456,0.465748608,0.428702235,0.458492875,0.526815772,0.457415059,0.377656475,0.134944439,0.149159297,0.061755408,0.342223123
p02,575368.859,1.703,NOD,13,51,-10.4659005,-22.35752975,3.275090508,-173.4139196,-26.74421562,-0.336136681,0.465955377,0.428746015,0.45871079,0.526961088,0.457442194,0.377776548,0.134748995,0.14918454,0.063178077,0.341653811
p02,575368.89,1.734,NOD,13,52,-10.19716563,-22.28316141,3.225448762,-173.1451847,-26.66984729,-0.385778427,0.465925604,0.428986371,0.458639532,0.52687186,0.457505256,0.377800971,0.134743482,0.149070889,0.062491692,0.34336281
p02,575368.921,1.765,NOD,13,53,-10.37558314,-22.46698801,3.351563543,-173.3236022,-26.85367388,-0.259663646,0.466056257,0.428866744,0.458646804,0.527074337,0.457589999,0.377896741,0.134807289,0.149177596,0.062802677,0.34167331
p02,575368.953,1.797,NOD,13,54,-10.13993801,-22.23956333,3.361543032,-173.0879571,-26.62624921,-0.249684157,0.466131419,0.429192305,0.458636105,0.527061105,0.457790643,0.378025204,0.134840101,0.149035901,0.061856791,0.343320639
p02,575369,1.844,NOD,13,55,-10.28856091,-22.23926706,3.47171586,-173.23658,-26.62595294,-0.13951133,0.466063797,0.429151684,0.458517373,0.527525008,0.457784832,0.378094047,0.134886146,0.14943096,0.061377437,0.341680443
p02,575369.015,1.859,NOD,13,56,-10.23436052,-22.21639148,3.407812486,-173.1823796,-26.60307736,-0.203414703,0.466189921,0.429243237,0.458563268,0.527665675,0.457875744,0.378157645,0.134736747,0.149508029,0.061706829,0.34169129
p02,575369.062,1.906,NOD,13,57,-9.932326278,-22.151029,3.427735061,-172.8803453,-26.53771488,-0.183492128,0.466300458,0.429394394,0.45850715,0.527578771,0.458089173,0.378037751,0.134926111,0.14954102,0.060857642,0.343428467
p02,575369.093,1.937,NOD,13,58,-10.04925676,-22.48391779,3.429224412,-172.9972758,-26.87060366,-0.182002777,0.466587394,0.429318994,0.458825588,0.527253985,0.458227471,0.377976328,0.134947717,0.149277657,0.061949354,0.343940728
p02,575369.125,1.969,NOD,13,59,-10.11122452,-22.28993014,3.545751559,-173.0592436,-26.67661602,-0.06547563,0.466469049,0.429307193,0.458825231,0.527132511,0.45840995,0.378060073,0.134701461,0.149072438,0.059829339,0.343773272
p02,575369.156,2,NOD,13,60,-9.947713999,-22.01841433,3.547373835,-172.8957331,-26.4051002,-0.063853355,0.466574252,0.429368168,0.458794713,0.527174532,0.458481088,0.377895057,0.135066509,0.149279475,0.059919838,0.344810369
p02,575371.625,0,NOD,14,0,-2.518287882,-23.97969119,5.68245459,-165.4663069,-28.36637706,2.0712274,0.577652216,0.462459475,0.55412358,0.561126828,0.56569013,0.387943655,0.151381612,0.173183173,0.079019412,0.430271708
p02,575371.671,0.046,NOD,14,1,-1.238816511,-24.00694041,5.583420562,-164.1868356,-28.39362629,1.972193373,0.579503,0.469165057,0.554244995,0.564185143,0.566705644,0.392242014,0.149734527,0.171943128,0.085466966,0.447374916
p02,575371.687,0.062,NOD,14,2,0.327785644,-24.55231839,5.400450988,-162.6202334,-28.93900427,1.789223799,0.580934227,0.476668626,0.55430609,0.568614364,0.568198502,0.397535756,0.149506986,0.171078607,0.085184812,0.462552689
p02,575371.734,0.109,NOD,14,3,1.584667337,-24.67158421,5.506764002,-161.3633517,-29.05827009,1.895536813,0.58190465,0.484437674,0.554085672,0.571807027,0.569810748,0.403449923,0.147978723,0.168357104,0.081727301,0.481047426
p02,575371.765,0.14,NOD,14,4,3.676530114,-26.81695631,5.451304062,-159.2714889,-31.20364219,1.840076872,0.582635224,0.494009733,0.552774131,0.578927398,0.57179904,0.409577921,0.146571457,0.169349477,0.073931066,0.498565533
p02,575371.796,0.171,NOD,14,5,4.628153767,-27.67288708,5.303705173,-158.3198653,-32.05957296,1.692477984,0.583048701,0.501328886,0.552750587,0.582826972,0.5728845,0.415950775,0.143830925,0.166876197,0.070667704,0.511625457
p02,575371.828,0.203,NOD,14,6,6.642996134,-29.31079042,5.421415113,-156.3050229,-33.6974763,1.810187924,0.583039343,0.509004951,0.550895512,0.586243927,0.574382067,0.422350675,0.141428173,0.163893253,0.06121324,0.528723875
p02,575371.875,0.25,NOD,14,7,2.990849229,-36.5292926,-172.2995094,-159.9571698,-40.91597848,-175.9107366,0.581040502,0.518583179,0.549165964,0.589528561,0.574031889,0.427589417,0.142594099,0.161939144,0.049150787,0.561900969
p02,575371.89,0.265,NOD,14,8,9.252360926,-29.57562954,5.906422443,-153.6956581,-33.96231542,2.295195254,0.580321968,0.522835791,0.547484457,0.593426645,0.574929178,0.434526682,0.140316039,0.158899963,0.038433167,0.555752862
p02,575371.921,0.296,NOD,14,9,7.376299517,-27.71060283,7.501993339,-155.5717195,-32.09728871,3.89076615,0.576788366,0.526589453,0.546042442,0.595461428,0.572823852,0.44043003,0.140723586,0.155031398,0.028172346,0.555754667
p02,575371.968,0.343,NOD,14,10,9.225662756,-27.21813545,8.469951259,-153.7223563,-31.60482133,4.85872407,0.575595915,0.532063365,0.544006467,0.597011924,0.574563533,0.445290402,0.13853094,0.151721522,0.007452359,0.571922573
p02,575372,0.375,NOD,14,11,8.255438942,-25.75872607,9.191901314,-154.6925801,-30.14541194,5.580674125,0.574492335,0.535883486,0.544792175,0.598943293,0.573325723,0.451028094,0.141083926,0.147915199,0.008268922,0.57367595
p02,575372.031,0.406,NOD,14,12,8.72163872,-25.58381722,8.899967897,-154.2263803,-29.97050309,5.288740707,0.573143959,0.539633095,0.54440558,0.601133227,0.572384208,0.453576148,0.140566885,0.14755708,0.005404905,0.583211242
p02,575372.062,0.437,NOD,14,13,8.83053203,-24.82131138,9.730374677,-154.117487,-29.20799726,6.119147488,0.572270036,0.541183472,0.543548286,0.602099895,0.572745234,0.456833452,0.139112234,0.145266443,-0.003415933,0.580657292
p02,575372.093,0.468,NOD,14,14,8.595191165,-24.7861064,9.724290703,-154.3528279,-29.17279228,6.113063514,0.572542608,0.54199028,0.543814421,0.601623952,0.572260141,0.458093166,0.138621867,0.143530786,0.002037676,0.584523475
p02,575372.125,0.5,NOD,14,15,9.402458934,-24.21383278,10.22654549,-153.5455601,-28.60051866,6.615318301,0.572706163,0.543888211,0.543174446,0.602072597,0.572825283,0.458942577,0.138153732,0.143130019,-0.000862227,0.5934858
p02,575372.156,0.531,NOD,14,16,9.182602011,-24.37655906,10.87234172,-153.7654171,-28.76324494,7.261114529,0.573042154,0.544096112,0.543063402,0.602190554,0.573788404,0.459460571,0.137288392,0.142729983,-0.005435639,0.592976607
p02,575372.187,0.562,NOD,14,17,9.054235857,-26.06299682,10.27131522,-153.8937832,-30.4496827,6.66008803,0.574314892,0.543300211,0.543094814,0.601587296,0.573949993,0.456932455,0.136810511,0.14465484,0.00266719,0.597060949
p02,575372.218,0.593,NOD,14,18,8.08245762,-27.00270983,9.770396621,-154.8655614,-31.3893957,6.159169431,0.574443996,0.54156059,0.543560147,0.600773513,0.573107302,0.45490022,0.136819184,0.145873293,0.009769783,0.594079754
p02,575372.265,0.64,NOD,14,19,8.398241537,-27.01199832,9.476100991,-154.5497775,-31.3986842,5.864873801,0.575151622,0.539372861,0.543812215,0.599335551,0.573641151,0.452460065,0.13747564,0.146875486,0.010987191,0.591744738
p02,575372.296,0.671,NOD,14,20,8.803859455,-27.80211231,8.239155547,-154.1441596,-32.18879818,4.627928358,0.576742709,0.536106825,0.545226693,0.598919868,0.573818564,0.448489964,0.138414443,0.150429904,0.021126005,0.582443107
p02,575372.328,0.703,NOD,14,21,8.709991634,-27.47164491,8.387957732,-154.2380274,-31.85833078,4.776730543,0.576565683,0.53149116,0.546071172,0.596956253,0.575452924,0.442964643,0.141175866,0.15399161,0.007882077,0.574878834
p02,575372.359,0.734,NOD,14,22,7.727541011,-30.05074793,7.191141176,-155.2204781,-34.4374338,3.579913987,0.577986479,0.526887059,0.546554565,0.594521403,0.574238837,0.436396077,0.141666502,0.158125326,0.026453975,0.572273805
p02,575372.39,0.765,NOD,14,23,9.610980706,-28.04004684,6.220395981,-153.3370384,-32.42673271,2.609168792,0.578267753,0.521477222,0.547137022,0.589864194,0.57511586,0.430825248,0.141926587,0.159038946,0.022207915,0.569998584
p02,575372.421,0.796,NOD,14,24,7.362291684,-27.10225582,6.574481965,-155.5857274,-31.4889417,2.963254776,0.578517795,0.512792706,0.549002647,0.586936057,0.574579805,0.424913019,0.142888784,0.162023038,0.027559822,0.542390075
p02,575372.468,0.843,NOD,14,25,6.702945163,-26.00860996,6.04632807,-156.2450739,-30.39529584,2.435100881,0.580340862,0.5068717,0.550906241,0.583182752,0.573935062,0.418757796,0.142875135,0.164424956,0.044834957,0.535891304
p02,575372.5,0.875,NOD,14,26,4.356568091,-26.16164607,5.698838908,-158.591451,-30.54833195,2.087611719,0.58361268,0.497233927,0.554008663,0.57823509,0.573485196,0.412371576,0.143949926,0.165863514,0.07035422,0.511639657
p02,575372.531,0.906,NOD,14,27,2.928075716,-24.72010875,6.03921719,-160.0199433,-29.10679462,2.42799,0.584183216,0.485984653,0.555522382,0.573223829,0.574394494,0.405539945,0.144780368,0.167683885,0.067610837,0.479740249
p02,575372.562,0.937,NOD,14,28,-1.08170166,-26.56597137,6.042131021,-164.0297207,-30.95265725,2.430903832,0.585722446,0.478319824,0.557351112,0.56980747,0.571475089,0.400045842,0.14584285,0.169761628,0.097689793,0.461081711
p02,575372.593,0.968,NOD,14,29,-1.204092744,-26.61153992,6.061387009,-164.1521118,-30.9982258,2.45015982,0.585614979,0.469665438,0.557383239,0.564014673,0.57200712,0.394331932,0.146246076,0.169682741,0.093047691,0.443966813
p02,575372.625,1,NOD,14,30,-3.032326578,-26.5136523,6.229383112,-165.9803456,-30.90033818,2.618155923,0.584959149,0.460724324,0.558296204,0.559553444,0.571247667,0.38827078,0.145475686,0.171282664,0.094252742,0.423005702
p02,575372.671,1.046,NOD,14,31,-5.514988893,-25.43944414,6.285360477,-168.463008,-29.82613002,2.674133287,0.583850801,0.453170717,0.558833241,0.555323541,0.568932027,0.38331379,0.146847725,0.172009751,0.1015935,0.406121899
p02,575372.687,1.062,NOD,14,32,-7.048852835,-25.37248412,6.43300674,-169.9968719,-29.75917,2.82177955,0.582749307,0.445828825,0.559073865,0.550887942,0.567840666,0.379256472,0.146436214,0.17163147,0.101809799,0.387879642
p02,575372.734,1.109,NOD,14,33,-8.583427289,-24.41205168,6.39321117,-171.5314464,-28.79873755,2.78198398,0.580656648,0.439298242,0.558498561,0.546100676,0.565736234,0.375466689,0.14770475,0.170633987,0.101015123,0.374084637
p02,575372.765,1.14,NOD,14,34,-10.07105924,-24.55227579,6.372156731,-173.0190783,-28.93896166,2.760929541,0.579654634,0.433569282,0.558770061,0.542870522,0.56449917,0.372091681,0.147822678,0.170778841,0.102524623,0.359983715
p02,575372.796,1.171,NOD,14,35,-11.90117291,-23.42244562,6.489578522,-174.849192,-27.80913149,2.878351333,0.57807219,0.426455379,0.558314264,0.538972795,0.563157767,0.369096681,0.148105472,0.169876114,0.100701365,0.337650161
p02,575372.828,1.203,NOD,14,36,-13.04912474,-22.53273504,6.443273367,-175.9971438,-26.91942092,2.832046177,0.576713681,0.422693402,0.558298111,0.535130024,0.561601728,0.366933852,0.148550212,0.168196172,0.101729596,0.331514972
p02,575372.859,1.234,NOD,14,37,-14.1544431,-22.27789426,6.489309418,-177.1024622,-26.66458014,2.878082229,0.576130807,0.4180426,0.558329999,0.531360149,0.560851336,0.364466637,0.148505121,0.166893512,0.102888518,0.321018847
p02,575372.89,1.265,NOD,14,38,-15.07968798,-22.89486456,6.27706679,-178.027707,-27.28155044,2.6658396,0.575677097,0.414509863,0.559330344,0.528315723,0.560039222,0.362583444,0.147750467,0.165732279,0.105839764,0.31331506
p02,575372.921,1.296,NOD,14,39,-15.83489929,-23.64801719,5.95516576,-178.7829184,-28.03470307,2.34393857,0.575814009,0.4128941,0.560051024,0.526270211,0.558793932,0.36129415,0.147295713,0.16497606,0.115550386,0.312772347
p02,575372.968,1.343,NOD,14,40,-16.05047109,-24.00533082,5.725875646,-178.9984902,-28.3920167,2.114648457,0.575155199,0.412071168,0.560090899,0.525539577,0.557840854,0.360729501,0.146591544,0.164810076,0.118112847,0.311520199
p02,575373,1.375,NOD,14,41,-15.87321009,-23.81528465,5.493543078,-178.8212292,-28.20197052,1.882315889,0.573851049,0.412380904,0.559443533,0.52488786,0.556921244,0.360914215,0.146532476,0.163973644,0.115536199,0.313871712
p02,575373.031,1.406,NOD,14,42,-15.45698253,-23.21535074,5.389487391,-178.4050016,-27.60203662,1.778260202,0.571977735,0.41295141,0.557666481,0.525019407,0.555770129,0.361380666,0.145873874,0.163638741,0.11110698,0.315149964
p02,575373.078,1.453,NOD,14,43,-15.04624586,-22.96878022,5.295348172,-177.9942649,-27.35546609,1.684120982,0.570544779,0.413766295,0.556218624,0.525059462,0.554424256,0.361833885,0.146373719,0.163225576,0.110132634,0.318163431
p02,575373.093,1.468,NOD,14,44,-14.80137848,-21.86023847,5.253120999,-177.7493975,-26.24692435,1.641893809,0.568624377,0.414216846,0.554796159,0.525072217,0.55335018,0.362111181,0.14679864,0.162961036,0.104048626,0.31974309
p02,575373.125,1.5,NOD,14,45,-14.49364841,-21.51461248,5.403825785,-177.4416675,-25.90129836,1.792598595,0.56738466,0.4145087,0.553269744,0.525565684,0.552633405,0.362236425,0.146919549,0.163329259,0.100403627,0.320042322
p02,575373.156,1.531,NOD,14,46,-14.49658039,-21.1239342,5.46256067,-177.4445995,-25.51062008,1.85133348,0.566522121,0.414370865,0.552656114,0.525127411,0.552012593,0.362138703,0.147632688,0.162988707,0.098281275,0.320464908
p02,575373.187,1.562,NOD,14,47,-14.70409958,-21.02837911,5.38551867,-177.6521186,-25.41506499,1.774291481,0.565945625,0.41384536,0.552354634,0.5255059,0.551403731,0.361948952,0.147546947,0.163556948,0.098557744,0.317298707
p02,575373.234,1.609,NOD,14,48,-14.67085816,-21.53186279,5.131165738,-177.6188772,-25.91854866,1.519938549,0.565526426,0.413952917,0.552210987,0.525735199,0.550674379,0.362059608,0.14750272,0.163675591,0.100689987,0.317049771
p02,575373.265,1.64,NOD,14,49,-14.08098356,-21.27530968,4.880269831,-177.0290026,-25.66199555,1.269042642,0.564489186,0.414653957,0.551552534,0.526421189,0.550212562,0.362372905,0.147851586,0.164048284,0.096560504,0.318693073
p02,575373.296,1.671,NOD,14,50,-13.6074615,-21.32432401,4.863051865,-176.5554806,-25.71100989,1.251824676,0.563914061,0.416002184,0.550842524,0.527488947,0.549894899,0.363106489,0.147848934,0.164382458,0.094820849,0.321784305
p02,575373.328,1.703,NOD,14,51,-13.19375547,-21.26665026,4.752023888,-176.1417745,-25.65333614,1.140796699,0.563686252,0.417615831,0.550285399,0.528223217,0.549325138,0.363825396,0.147764623,0.164397821,0.097189117,0.327196765
p02,575373.359,1.734,NOD,14,52,-12.78006502,-21.41583264,4.692544835,-175.7280841,-25.80251851,1.081317646,0.563212276,0.418685406,0.549738526,0.528860688,0.54910475,0.364461854,0.147954553,0.164398834,0.095350397,0.3298293
p02,575373.406,1.781,NOD,14,53,-12.31220361,-20.90917392,4.765146919,-175.2602227,-25.29585979,1.15391973,0.562330663,0.420007974,0.548626363,0.529882014,0.54869175,0.365051642,0.1480259,0.164830372,0.092138697,0.333411442
p02,575373.421,1.796,NOD,14,54,-11.6070574,-21.23813801,4.510684644,-174.5550765,-25.62482388,0.899457454,0.562241375,0.421147525,0.548600733,0.531436324,0.548717886,0.365354866,0.148163915,0.166081458,0.091273839,0.335935511
p02,575373.468,1.843,NOD,14,55,-11.11392352,-21.0385756,4.454923609,-174.0619426,-25.42526147,0.84369642,0.561856508,0.422364026,0.548147559,0.531464934,0.548618376,0.365521193,0.148325533,0.165943742,0.089250527,0.342542799
p02,575373.484,1.859,NOD,14,56,-10.85646382,-20.75687244,4.484327517,-173.8044829,-25.14355831,0.873100327,0.561631143,0.422901392,0.547880054,0.532209933,0.548676237,0.36607942,0.148430586,0.166130513,0.087279219,0.342032124
p02,575373.531,1.906,NOD,14,57,-11.12316456,-20.56505006,4.675042764,-174.0711836,-24.95173594,1.063815575,0.561777353,0.422932059,0.547903955,0.532486975,0.549007058,0.366288334,0.1483863,0.166198641,0.086061147,0.34081942
p02,575373.562,1.937,NOD,14,58,-10.55106148,-20.882427,4.40694152,-173.4990805,-25.26911288,0.795714331,0.562411964,0.424019754,0.54806906,0.532648563,0.548986018,0.366679311,0.148221284,0.165969253,0.09058042,0.345488349
p02,575373.593,1.968,NOD,14,59,-10.45374611,-20.59251285,4.504565952,-173.4017652,-24.97919872,0.893338763,0.5624336,0.424233675,0.547993779,0.53291589,0.549215168,0.366677806,0.148557484,0.166238084,0.088978571,0.346225532
p02,575373.625,2,NOD,14,60,-10.36255657,-20.44468621,4.589945709,-173.3105756,-24.83137209,0.978718519,0.562529743,0.424421936,0.547871768,0.532919288,0.549521059,0.366922319,0.148284167,0.165996969,0.087728071,0.346389562
p02,575375.703,0,NOD,15,0,1.65993013,-1.570759941,178.3574571,-161.2880889,-5.957445817,174.7462299,0.458219886,0.502594531,0.459906012,0.589637101,0.449837551,0.413129658,0.168028593,0.176507443,0.049886363,0.506861759
p02,575375.75,0.047,NOD,15,1,3.712976667,1.024060786,178.2537008,-159.2350424,-3.36262509,174.6424736,0.458245188,0.511553407,0.460586607,0.593954504,0.448753417,0.420066863,0.167303771,0.17388764,0.056733757,0.526124475
p02,575375.765,0.062,NOD,15,2,6.23748483,4.223050806,179.4676152,-156.7105342,-0.16363507,175.856388,0.45644629,0.52086848,0.457330048,0.596179247,0.448182091,0.427488819,0.166295469,0.168690428,0.049695875,0.553556372
p02,575375.796,0.093,NOD,15,3,5.707649679,1.458066613,178.9788893,-157.2403694,-2.928619263,175.3676621,0.456814885,0.527443945,0.456511736,0.600213289,0.448417068,0.435908213,0.166756272,0.164305076,0.050359831,0.557108364
p02,575375.828,0.125,NOD,15,4,9.247926102,3.394894223,179.2928022,-153.700093,-0.991791653,175.681575,0.455864489,0.534740984,0.455658525,0.60506475,0.449558184,0.444815144,0.164568126,0.160249606,0.038320334,0.561161072
p02,575375.875,0.172,NOD,15,5,9.710826962,-0.535966942,179.4712693,-153.2371921,-4.922652818,175.8600421,0.456418335,0.540872216,0.453947127,0.607500434,0.451291069,0.451605946,0.16451332,0.155894488,0.031166267,0.57260697
p02,575375.89,0.187,NOD,15,6,12.35426784,-3.12970398,179.576812,-150.5937512,-7.516389856,175.9655848,0.457638979,0.547210395,0.452638119,0.611135602,0.452846855,0.458808422,0.161593109,0.15232718,0.029655497,0.580342742
p02,575375.937,0.234,NOD,15,7,13.56358509,-4.073253792,179.6128387,-149.384434,-8.459939668,176.0016115,0.458230346,0.55227071,0.452538759,0.61342907,0.454203397,0.464799672,0.159578681,0.148629397,0.025234883,0.588517748
p02,575375.968,0.265,NOD,15,8,15.38010504,-5.063636844,-179.2852768,-147.567914,-9.45032272,177.1034961,0.45864439,0.558048129,0.451950282,0.615857422,0.456813276,0.469124809,0.156528026,0.146732613,0.011698316,0.606022874
p02,575376,0.297,NOD,15,9,17.88311907,-4.578907634,-179.2025557,-145.0649,-8.96559351,177.1862171,0.459975362,0.560766876,0.451874495,0.617341399,0.457327113,0.473723412,0.155255914,0.143617988,0.017057317,0.606076339
p02,575376.031,0.328,NOD,15,10,17.88374371,-4.020007009,-179.3708417,-145.0642754,-8.406692885,177.0179312,0.460585803,0.563248038,0.453199029,0.618335009,0.457077965,0.478515029,0.152485251,0.13981998,0.023004439,0.606015031
p02,575376.062,0.359,NOD,15,11,18.92086758,-3.318689944,-178.6842444,-144.0271515,-7.70537582,177.7045284,0.461761832,0.565349162,0.45248279,0.619238436,0.456706718,0.483480528,0.150508404,0.135757908,0.033586926,0.603048726
p02,575376.093,0.39,NOD,15,12,18.93459959,-5.552981351,-178.5914209,-144.0134195,-9.939667227,177.7973519,0.462825567,0.565244496,0.451342046,0.620035768,0.457934782,0.483115405,0.149517477,0.136920363,0.032710455,0.599831095
p02,575376.125,0.422,NOD,15,13,20.46931145,-4.822292747,-178.6659603,-142.4787076,-9.208978623,177.7228126,0.462016761,0.56498456,0.452172935,0.619464219,0.458725214,0.481007397,0.152656674,0.138456821,0.021561765,0.606522394
p02,575376.171,0.468,NOD,15,14,18.28495368,-3.871674726,-178.5530973,-144.6630654,-8.258360602,177.8356755,0.461021632,0.561244547,0.452426046,0.617619157,0.457833633,0.476258665,0.15371269,0.141360492,0.020739987,0.601199678
p02,575376.203,0.5,NOD,15,15,16.7361014,-5.296944435,-179.056642,-146.2119177,-9.683630311,177.3321308,0.46104154,0.557593644,0.453205526,0.614316702,0.458612233,0.467866004,0.156385183,0.146450698,0.015534122,0.612681545
p02,575376.218,0.515,NOD,15,16,15.23678554,-4.927792474,-179.8783583,-147.7112335,-9.31447835,176.5104145,0.461042672,0.550451279,0.452929169,0.609409809,0.455887899,0.454103962,0.160506666,0.155305848,0.032115636,0.620371471
p02,575376.265,0.562,NOD,15,17,12.80908659,-4.982333345,-179.5891714,-150.1389325,-9.369019221,176.7996015,0.461514205,0.5403741,0.455586195,0.604326725,0.457194626,0.442954198,0.162882626,0.161372527,0.026519577,0.603695711
p02,575376.296,0.593,NOD,15,18,8.945691813,-2.874324796,-179.8811167,-154.0023272,-7.261010672,176.5076561,0.462478727,0.525729656,0.457930207,0.597441792,0.455178052,0.430791482,0.164479315,0.16665031,0.044386584,0.569684952
p02,575376.328,0.625,NOD,15,19,5.288724884,-3.071183998,179.362713,-157.6592942,-7.457869874,175.7514858,0.461676568,0.514193356,0.459317565,0.593390763,0.452900916,0.421088219,0.16626963,0.172302544,0.052779641,0.54035846
p02,575376.359,0.656,NOD,15,20,1.819146344,-5.744519121,178.4991034,-161.1288727,-10.131205,174.8878762,0.461737394,0.501337647,0.461717606,0.58694458,0.452153653,0.412336186,0.167630851,0.174608395,0.057171704,0.509720407
p02,575376.406,0.703,NOD,15,21,2.350273935,-13.16277618,-1.754387099,-160.5977451,-17.54946206,-5.365614288,0.460628659,0.487379909,0.460623085,0.580934107,0.452375695,0.404178038,0.166214705,0.176756069,0.049652427,0.470715777
p02,575376.421,0.718,NOD,15,22,0.910171164,-13.3728525,-1.799468478,-162.0378479,-17.75953837,-5.410695667,0.459661335,0.476353228,0.460576355,0.57401967,0.452340662,0.396491915,0.166055024,0.177527755,0.044085822,0.449852548
p02,575376.468,0.765,NOD,15,23,0.172293361,-13.69659871,-2.079570667,-162.7757257,-18.08328458,-5.690797856,0.460078299,0.466032237,0.461423486,0.566002965,0.451858729,0.388141632,0.164787412,0.177861333,0.049879841,0.437928826
p02,575376.5,0.797,NOD,15,24,-2.272767387,-13.73138682,-1.745500981,-165.2207864,-18.11807269,-5.356728171,0.458883315,0.45398429,0.460963637,0.559329927,0.45162794,0.380851969,0.163197309,0.178477958,0.04445769,0.40975548
p02,575376.531,0.828,NOD,15,25,-3.064422296,-14.77805435,-1.744322017,-166.0124414,-19.16474022,-5.355549207,0.459103435,0.443932444,0.460701466,0.552010477,0.451420754,0.373151362,0.162522852,0.178859115,0.04727139,0.395736511
p02,575376.562,0.859,NOD,15,26,-4.682311016,-14.22294411,-1.400862252,-167.6303301,-18.60962998,-5.012089441,0.458753139,0.43324858,0.460353732,0.544217765,0.450910196,0.365880281,0.162712991,0.178337485,0.048201087,0.377757368
p02,575376.593,0.89,NOD,15,27,-6.767521519,-13.55535112,-0.976352737,-169.7155406,-17.942037,-4.587579926,0.458864719,0.422732413,0.460193753,0.536980033,0.450642228,0.359697729,0.162877291,0.177282304,0.050482731,0.355561058
p02,575376.625,0.922,NOD,15,28,-10.2500093,-11.60419141,-0.775947839,-173.1980284,-15.99087729,-4.387175028,0.458868623,0.411123425,0.461051077,0.527855635,0.450412527,0.353433862,0.161663234,0.174421772,0.052306859,0.330747484
p02,575376.671,0.968,NOD,15,29,-12.95852188,-11.7302409,-0.514127029,-175.9065409,-16.11692678,-4.125354218,0.459413409,0.401506573,0.461713463,0.520771265,0.45093447,0.348573714,0.160734773,0.172197551,0.052751122,0.307396117
p02,575376.687,0.984,NOD,15,30,-15.17465381,-11.32664656,-0.69307612,-178.1226729,-15.71333243,-4.304303309,0.459213406,0.393009871,0.462963432,0.514702797,0.450639963,0.344130799,0.159924418,0.170571998,0.053609341,0.286559768
p02,575376.75,1.047,NOD,15,31,-16.17705021,-11.06346213,-0.88542359,-179.1250693,-15.45014801,-4.496650779,0.459234834,0.387144774,0.463590473,0.509092331,0.450497463,0.340528369,0.159112394,0.168563962,0.054913198,0.276550247
p02,575376.765,1.062,NOD,15,32,-17.96750056,-11.2487197,-1.17855476,179.0844804,-15.63540558,-4.78978195,0.458975017,0.38069284,0.464405209,0.503757,0.449911699,0.337324202,0.15811336,0.166432798,0.057321648,0.260577471
p02,575376.796,1.093,NOD,15,33,-19.77219849,-10.01610161,-1.274529222,177.2797825,-14.40278748,-4.885756412,0.458420813,0.375557125,0.464729398,0.499859184,0.449703783,0.334938809,0.156897336,0.164920375,0.055558816,0.246290462
p02,575376.828,1.125,NOD,15,34,-20.98497661,-10.35244634,-1.419689378,176.0670043,-14.73913221,-5.030916567,0.458700657,0.371094286,0.465342581,0.495787621,0.449635386,0.333271235,0.15607959,0.162516385,0.058081075,0.232733771
p02,575376.859,1.156,NOD,15,35,-21.61803312,-9.604296248,-1.688131305,175.4339478,-13.99098212,-5.299358494,0.45813936,0.368491054,0.465287477,0.494015932,0.449287117,0.331797689,0.156024992,0.162218243,0.056736061,0.226197521
p02,575376.89,1.187,NOD,15,36,-22.37535579,-8.80529662,-1.753168314,174.6766251,-13.1919825,-5.364395504,0.458243936,0.367478698,0.465798229,0.493308365,0.449608803,0.331611842,0.155840069,0.161696523,0.055410226,0.22181588
p02,575376.937,1.234,NOD,15,37,-22.05217401,-9.317971176,-1.595698784,174.9998069,-13.70465705,-5.206925973,0.458827049,0.368274659,0.46602124,0.493391305,0.450174451,0.332022429,0.155706614,0.161368877,0.055569879,0.224654414
p02,575376.953,1.25,NOD,15,38,-21.27028248,-8.823461902,-1.504345995,175.7816985,-13.21014778,-5.115573184,0.45918721,0.370735228,0.466253608,0.49507755,0.45111528,0.33338505,0.15573293,0.1616925,0.051831872,0.230995116
p02,575377,1.297,NOD,15,39,-20.48511987,-10.45261369,-1.4412935,176.5668611,-14.83929957,-5.052520689,0.460597217,0.373990804,0.467641115,0.499393404,0.452050105,0.335815623,0.155298114,0.16357778,0.055036807,0.233376321
p02,575377.031,1.328,NOD,15,40,-19.45906942,-10.46617162,-1.395404348,177.5929115,-14.85285749,-5.006631537,0.461505592,0.379216939,0.467721999,0.503056288,0.452799588,0.338853657,0.154660493,0.164202631,0.056291062,0.245813857
p02,575377.062,1.359,NOD,15,41,-18.9208205,-10.86442313,-1.357682444,178.1311604,-15.25110901,-4.968909633,0.462567449,0.382720292,0.468589336,0.506465197,0.453742638,0.340860069,0.154566467,0.165605128,0.057093952,0.252771296
p02,575377.093,1.39,NOD,15,42,-17.4559666,-11.15264287,-1.49176975,179.5960143,-15.53932875,-5.102996939,0.463515133,0.385336727,0.469102621,0.508207977,0.454556152,0.341511458,0.155465662,0.166696519,0.057626747,0.262904523
p02,575377.14,1.437,NOD,15,43,-16.52953557,-11.77167295,-1.435699445,-179.4775546,-16.15835883,-5.046926634,0.464371175,0.387096703,0.469651133,0.5088346,0.45532456,0.341666266,0.156088173,0.167168334,0.057958358,0.271764608
p02,575377.156,1.453,NOD,15,44,-16.74718863,-11.80991906,-1.473021658,-179.6952077,-16.19660494,-5.084248847,0.465045452,0.386936754,0.470344573,0.509108007,0.455820337,0.341663659,0.156287074,0.167444348,0.059026732,0.270376969
p02,575377.203,1.5,NOD,15,45,-16.13550108,-11.41571928,-1.461327617,-179.0835201,-15.80240516,-5.072554806,0.465346843,0.38765648,0.470350951,0.509874046,0.456336856,0.341579005,0.156356633,0.168295041,0.057624592,0.273789856
p02,575377.234,1.531,NOD,15,46,-16.51125258,-11.56424267,-1.36880192,-179.4592716,-15.95092855,-4.980029109,0.465885729,0.387918204,0.470805854,0.510206938,0.456713736,0.341915503,0.156940818,0.168291435,0.058442365,0.27335141
p02,575377.265,1.562,NOD,15,47,-16.26255045,-11.94233857,-1.238959111,-179.2105695,-16.32902445,-4.8501863,0.466090232,0.389384449,0.470743924,0.512240648,0.457084,0.34313716,0.156988978,0.169103488,0.057368563,0.273485125
p02,575377.296,1.593,NOD,15,48,-15.95281148,-11.39076747,-1.213650081,-178.9008305,-15.77745334,-4.82487727,0.466428161,0.39225322,0.470927864,0.513621747,0.457325384,0.344756261,0.157402724,0.168865487,0.057831125,0.281270971
p02,575377.328,1.625,NOD,15,49,-15.85590602,-10.71197313,-1.023113255,-178.8039251,-15.09865901,-4.634340445,0.465814471,0.395281851,0.470300764,0.517415762,0.457597241,0.347487286,0.156749606,0.169928476,0.052422654,0.281262838
p02,575377.359,1.656,NOD,15,50,-13.88613745,-10.70994797,-1.270450753,-176.8341565,-15.09663385,-4.881677943,0.466476887,0.401416987,0.470519453,0.521497905,0.458166569,0.350508302,0.157236755,0.170989603,0.052852261,0.297729709
p02,575377.406,1.703,NOD,15,51,-12.23857719,-10.66993705,-1.203808795,-175.1865963,-15.05662293,-4.815035984,0.466597766,0.407120407,0.469545603,0.524585843,0.458196282,0.353553101,0.157186538,0.171032742,0.053449127,0.313199126
p02,575377.437,1.734,NOD,15,52,-11.2347677,-11.2353165,-1.203136018,-174.1827868,-15.62200237,-4.814363207,0.467518896,0.411906809,0.470108777,0.528636873,0.459134459,0.356839567,0.157500267,0.171797305,0.053234426,0.320536117
p02,575377.468,1.765,NOD,15,53,-9.753761933,-11.96426443,-1.370440092,-172.701781,-16.35095031,-4.981667281,0.46814236,0.416122466,0.470173806,0.530534744,0.459493622,0.358521551,0.15739733,0.172013193,0.054948443,0.334863357
p02,575377.5,1.797,NOD,15,54,-8.860635614,-12.57774892,-1.229857823,-171.8086547,-16.96443479,-4.841085012,0.468652785,0.418299198,0.469849944,0.531514287,0.459856436,0.359535336,0.157887936,0.171978951,0.055712611,0.341692175
p02,575377.531,1.828,NOD,15,55,-8.40322286,-12.95079984,-1.232770252,-171.3512419,-17.33748571,-4.843997442,0.468867511,0.419357955,0.470072925,0.532706976,0.460255086,0.35996291,0.158008814,0.172744066,0.054505973,0.343832622
p02,575377.562,1.859,NOD,15,56,-7.513301333,-13.25025892,-1.240645717,-170.4613204,-17.63694479,-4.851872906,0.469142318,0.420290768,0.470049918,0.532506347,0.460679635,0.359954879,0.157994717,0.172551468,0.053563072,0.349668943
p02,575377.593,1.89,NOD,15,57,-8.11359668,-13.19184546,-1.177592622,-171.0616157,-17.57853133,-4.788819812,0.469585538,0.4199211,0.470437497,0.532772064,0.460697174,0.360039681,0.157995969,0.172732383,0.056256903,0.346671643
p02,575377.625,1.922,NOD,15,58,-7.427887224,-12.52593647,-1.282688855,-170.3759063,-16.91262234,-4.893916045,0.4696545,0.420304984,0.470524609,0.532574534,0.461128339,0.359630719,0.158614129,0.172943816,0.05375411,0.350832233
p02,575377.656,1.953,NOD,15,59,-8.045006045,-13.54565148,-1.313317651,-170.9930251,-17.93233735,-4.92454484,0.470333725,0.419754714,0.471138209,0.532806635,0.461186662,0.359728262,0.157839775,0.173078373,0.057951571,0.346816595
p02,575377.687,1.984,NOD,15,60,-7.645356992,-13.09753045,-1.304478855,-170.5933761,-17.48421632,-4.915706045,0.470223099,0.420086503,0.471147746,0.532514572,0.461524874,0.359614089,0.158608049,0.172900483,0.054841006,0.349752718
p02,575377.734,2.031,NOD,15,61,-8.252518299,-13.21684722,-1.483409316,-171.2005374,-17.6035331,-5.094636505,0.470944881,0.419943005,0.471987724,0.532369018,0.46174638,0.359993383,0.158123553,0.172375634,0.058172875,0.347784777
p02,575379.859,0,NOD,16,0,10.0274829,-14.90243666,1.12178759,-152.9205362,-19.28912253,-2.489439599,0.663562179,0.554656744,0.629867971,0.68719852,0.649328291,0.3750588,0.293971986,0.31213972,0.048419196,0.575376771
p02,575379.89,0.031,NOD,16,1,6.868757064,-31.48452752,-176.677207,-156.079262,-35.8712134,179.7115658,0.663644791,0.579529166,0.623683691,0.694846213,0.650462419,0.401347399,0.279957175,0.293498814,0.047087101,0.607095357
p02,575379.937,0.078,NOD,16,2,6.001000332,-30.39934232,-173.9431773,-156.9470187,-34.78602819,-177.5544045,0.654266953,0.592484355,0.613881707,0.695823371,0.648746789,0.428169787,0.266561836,0.267653584,0.02070876,0.613907594
p02,575379.953,0.094,NOD,16,3,6.231057581,-25.26259793,-171.5293472,-156.7169615,-29.6492838,-175.1405744,0.642582893,0.599203765,0.603939712,0.697071195,0.643642634,0.461905718,0.255169034,0.235165477,-0.004153093,0.583835899
p02,575380,0.141,NOD,16,4,3.14968607,-19.40563121,-171.4477964,-159.798333,-23.79231709,-175.0590236,0.626216829,0.606467247,0.597664595,0.704231739,0.628486335,0.480705991,0.23646754,0.223525748,-0.009597539,0.562625366
p02,575380.031,0.172,NOD,16,5,-10.17831132,-25.7450967,-173.2836218,-173.1263304,-30.13178258,-176.894849,0.615592837,0.602611363,0.598324418,0.707338572,0.607051641,0.494913355,0.225102365,0.212425217,0.037943611,0.506992578
p02,575380.062,0.203,NOD,16,6,-12.15511782,-20.15162928,-173.0349987,-175.1031369,-24.53831516,-176.6462259,0.60900563,0.612538695,0.5986287,0.712185442,0.601640403,0.509243578,0.218386054,0.202941865,0.033725719,0.508988708
p02,575380.093,0.234,NOD,16,7,-1.060819502,9.504216843,7.207412963,-164.0088386,5.117530967,3.596185774,0.606861889,0.621335268,0.600790918,0.716533124,0.601173848,0.51716429,0.214767724,0.199368834,0.026484619,0.522503822
p02,575380.14,0.281,NOD,16,8,5.204761014,18.52457156,9.017701726,-157.743258,14.13788568,5.406474536,0.606936455,0.630332649,0.600958288,0.722161174,0.601709992,0.522342384,0.213738978,0.19981879,0.02445255,0.540440991
p02,575380.156,0.297,NOD,16,9,8.030395089,2.378234176,-169.7625062,-154.917624,-2.0084517,-173.3737334,0.612050056,0.63428843,0.598390222,0.725310564,0.606372386,0.522383451,0.213019103,0.202927113,0.026653338,0.551454053
p02,575380.203,0.344,NOD,16,10,-2.137580104,-13.52320404,-172.4209582,-165.0855992,-17.90988991,-176.0321854,0.615870416,0.629505098,0.601792634,0.720676303,0.607464194,0.519532919,0.213499486,0.201143384,0.039373499,0.546735253
p02,575380.234,0.375,NOD,16,11,6.21787267,9.022828523,-170.4525195,-156.7301464,4.636142647,-174.0637467,0.608252823,0.6228531,0.599272251,0.714852214,0.602682084,0.509899303,0.215149462,0.204952911,0.025892417,0.551120727
p02,575380.265,0.406,NOD,16,12,8.658094339,8.482481393,-170.8929928,-154.2899247,4.095795517,-174.50422,0.615289867,0.618317068,0.606749475,0.712698996,0.605887204,0.503058597,0.220724821,0.209640399,0.042599027,0.549791314
p02,575380.296,0.437,NOD,16,13,5.637795946,-1.894521131,-171.5945356,-157.3102231,-6.281207007,-175.2057628,0.62252754,0.611903489,0.605753183,0.70860064,0.610938787,0.496463507,0.225796402,0.212137133,0.051323902,0.544176211
p02,575380.343,0.484,NOD,16,14,4.170264014,-3.490652829,7.863225862,-158.777755,-7.877338705,4.251998672,0.636858463,0.611819327,0.610362828,0.708333254,0.622653395,0.483553812,0.235093951,0.224779442,0.060422943,0.570628318
p02,575380.359,0.5,NOD,16,15,7.520405455,-7.047192127,6.662289099,-155.4276136,-11.433878,3.05106191,0.647475481,0.608652711,0.614286363,0.707002521,0.630689681,0.468376756,0.240917712,0.238625765,0.069674414,0.587849159
p02,575380.406,0.547,NOD,16,16,10.12149461,-7.396136121,5.647372362,-152.8265245,-11.782822,2.036145172,0.653469503,0.593469381,0.62068814,0.692421556,0.639546216,0.443185672,0.256441385,0.249235883,0.05429423,0.602977818
p02,575380.437,0.578,NOD,16,17,4.614458534,-27.26831908,-176.6974779,-158.3335605,-31.65500495,179.6912949,0.662015855,0.576982021,0.627733052,0.685388744,0.642139465,0.416090444,0.268761277,0.2692983,0.07395556,0.597447431
p02,575380.468,0.609,NOD,16,18,4.707363697,-27.45661257,-178.3874263,-158.2406554,-31.84329845,178.0013465,0.66687876,0.558544695,0.633071244,0.676880717,0.643923819,0.39365986,0.276929766,0.283220857,0.08289084,0.582177588
p02,575380.5,0.641,NOD,16,19,9.901045717,-12.02834508,-0.818629716,-153.0469733,-16.41503096,-4.429856906,0.667403996,0.539538085,0.637906194,0.670533895,0.646273792,0.376533926,0.280936241,0.29399997,0.075213522,0.554435975
p02,575380.531,0.672,NOD,16,20,3.384244844,-26.21446986,-179.3625083,-159.5637742,-30.60115574,177.0262645,0.667020023,0.526171029,0.639633656,0.66065824,0.646327376,0.36533089,0.282044202,0.29532735,0.073366679,0.544616469
p02,575380.562,0.703,NOD,16,21,2.084744996,-25.31126493,-179.4225421,-160.8632741,-29.69795081,176.9662307,0.666464329,0.510717332,0.64147824,0.653070986,0.646166742,0.356408551,0.285205781,0.296662435,0.071168217,0.520149378
p02,575380.593,0.734,NOD,16,22,6.670710977,-9.693003627,-0.781077108,-156.2773081,-14.0796895,-4.392304297,0.66475004,0.498266548,0.641263127,0.648210645,0.645046651,0.347819492,0.284442663,0.300391153,0.069270158,0.500837173
p02,575380.625,0.766,NOD,16,23,5.78953256,-8.860021431,-0.780665183,-157.1584865,-13.24670731,-4.391892372,0.664310038,0.487624228,0.642799795,0.642398775,0.644164205,0.339296505,0.28332153,0.30310227,0.071105904,0.489365267
p02,575380.656,0.797,NOD,16,24,5.230624096,-8.144462978,-0.521299706,-157.717395,-12.53114885,-4.132526896,0.662756562,0.478100121,0.642328143,0.636150122,0.644078583,0.333185986,0.282622725,0.302964136,0.066088032,0.478321089
p02,575380.703,0.844,NOD,16,25,3.8056711,-8.502619162,-0.554901537,-159.142348,-12.88930504,-4.166128726,0.662869513,0.467632681,0.642460585,0.63097775,0.642639548,0.32715036,0.281166404,0.30382739,0.071950152,0.462375434
p02,575380.734,0.875,NOD,16,26,2.811978601,-9.101761725,-0.567098493,-160.1360405,-13.4884476,-4.178325682,0.662357986,0.459698766,0.642728388,0.628583431,0.64214623,0.321084827,0.279859543,0.307498604,0.072221072,0.450779085
p02,575380.765,0.906,NOD,16,27,2.093507902,-9.902023492,-0.692901052,-160.8545112,-14.28870937,-4.304128242,0.662229061,0.453685105,0.642317772,0.625996053,0.640967369,0.315967903,0.279979378,0.310028151,0.075940207,0.444208702
p02,575380.796,0.937,NOD,16,28,1.163898256,-10.241882,-0.769216235,-161.7841208,-14.62856787,-4.380443425,0.662992895,0.446120411,0.642747581,0.622330546,0.640872091,0.311433673,0.278813958,0.310896873,0.079338939,0.433219983
p02,575380.843,0.984,NOD,16,29,0.371967552,-9.59072033,-0.839720983,-162.5760515,-13.97740621,-4.450948173,0.662323415,0.439180225,0.643681049,0.618775845,0.640102834,0.307329386,0.27844739,0.311446458,0.079801724,0.423349938
p02,575380.859,1,NOD,16,30,-0.093316701,-8.960260351,-0.70372869,-163.0413358,-13.34694623,-4.314955879,0.660915613,0.43344003,0.643784046,0.615476429,0.640465081,0.304146573,0.278096735,0.311329857,0.073537478,0.415294113
p02,575380.906,1.047,NOD,16,31,-0.179279561,-9.180018176,-0.800277149,-163.1272986,-13.56670405,-4.411504338,0.661616504,0.429577678,0.644639254,0.611712217,0.640892506,0.30157733,0.27827096,0.310134888,0.074474169,0.412724766
p02,575380.937,1.078,NOD,16,32,-0.670827044,-10.0821553,-0.835561745,-163.6188461,-14.46884117,-4.446788934,0.662328243,0.425933897,0.645074427,0.609685659,0.641040713,0.299747467,0.278499573,0.309938192,0.076436493,0.407134176
p02,575380.968,1.109,NOD,16,33,-1.102359012,-10.57156507,-0.837906107,-164.0503781,-14.95825095,-4.449133296,0.663126826,0.423839837,0.645856738,0.608404517,0.641013473,0.298662722,0.277691066,0.309741795,0.079632929,0.404133757
p02,575381,1.141,NOD,16,34,-0.937337784,-10.16568547,-0.730287302,-163.8853568,-14.55237135,-4.341514491,0.662955105,0.423911601,0.64563334,0.607930422,0.641181707,0.29872334,0.277073473,0.309207082,0.078583481,0.404868674
p02,575381.031,1.172,NOD,16,35,-0.526658516,-10.12586362,-0.580754326,-163.4746776,-14.51254949,-4.191981515,0.662605286,0.424727082,0.645263314,0.608289838,0.642213047,0.29844296,0.27672264,0.309846878,0.073691979,0.407569453
p02,575381.078,1.219,NOD,16,36,-0.162342194,-9.851147531,-0.47601951,-163.1103613,-14.23783341,-4.0872467,0.661902428,0.42548117,0.644743741,0.607838333,0.64272356,0.298460633,0.276912987,0.3093777,0.069259544,0.410567852
p02,575381.093,1.234,NOD,16,37,-0.000622708,-9.884589445,-0.454921998,-162.9486418,-14.27127532,-4.066149188,0.661534607,0.425906092,0.644271553,0.608063996,0.642561466,0.298743322,0.276604831,0.309320673,0.068592952,0.411103364
p02,575381.14,1.281,NOD,16,38,0.154529761,-9.856255097,-0.45093057,-162.7934893,-14.24294097,-4.062157759,0.661394715,0.426807463,0.644042134,0.607761204,0.642373145,0.299368769,0.27615127,0.308392435,0.068880982,0.413235474
p02,575381.156,1.297,NOD,16,39,0.37519734,-9.874385268,-0.423802625,-162.5728217,-14.26107114,-4.035029814,0.660742402,0.428119004,0.643486023,0.608133316,0.64207381,0.299773917,0.275899798,0.308359399,0.067664392,0.41621915
p02,575381.203,1.344,NOD,16,40,0.424236926,-9.603476433,-0.319009316,-162.5237821,-13.99016231,-3.930236505,0.659963012,0.428460181,0.642673612,0.608289123,0.642010033,0.299792722,0.276187956,0.308496401,0.065002757,0.417079287
p02,575381.234,1.375,NOD,16,41,0.432260075,-9.514914808,-0.377329013,-162.515759,-13.90160068,-3.988556202,0.659828186,0.428813815,0.642697155,0.607909262,0.641604155,0.300032049,0.276319772,0.307877213,0.065952684,0.418289371
p02,575381.265,1.406,NOD,16,42,0.428724967,-9.572794154,-0.332359659,-162.5192941,-13.95948003,-3.943586849,0.659447789,0.428601384,0.642081499,0.608205736,0.641438037,0.299969316,0.27627477,0.30823642,0.065187827,0.417316255
p02,575381.296,1.437,NOD,16,43,0.563703442,-9.747842783,-0.41575513,-162.3843156,-14.13452866,-4.026982319,0.6598019,0.428685367,0.642115474,0.607503653,0.641339988,0.299990088,0.276149452,0.307513565,0.066854787,0.418502772
p02,575381.343,1.484,NOD,16,44,0.490334318,-10.02016232,-0.406890644,-162.4576847,-14.40684819,-4.018117834,0.659859061,0.427890241,0.642107368,0.607597709,0.641479492,0.299818635,0.275572658,0.307779074,0.06669591,0.41611538
p02,575381.359,1.5,NOD,16,45,0.369525044,-9.97266006,-0.41985955,-162.578494,-14.35934594,-4.031086739,0.659998,0.427222103,0.642249465,0.606918693,0.641480684,0.299703851,0.275725275,0.307214841,0.067158571,0.415078422
p02,575381.406,1.547,NOD,16,46,0.245372331,-10.48121718,-0.470975047,-162.7026467,-14.86790306,-4.082202236,0.660743654,0.427129984,0.642580032,0.607060313,0.641333491,0.299369931,0.275227726,0.307690382,0.070524011,0.41522277
p02,575381.421,1.562,NOD,16,47,0.339930231,-10.35247368,-0.453202783,-162.6080888,-14.73915955,-4.064429973,0.661067367,0.427080572,0.642696202,0.6068362,0.641701043,0.299425334,0.275342703,0.307410866,0.070335345,0.415259355
p02,575381.468,1.609,NOD,16,48,0.239874183,-10.45739577,-0.406373179,-162.7081449,-14.84408164,-4.017600368,0.661613822,0.427528918,0.642927766,0.6075297,0.641970813,0.299498245,0.275393844,0.308031455,0.071326971,0.415641555
p02,575381.5,1.641,NOD,16,49,0.47049043,-10.3803517,-0.284653958,-162.4775286,-14.76703757,-3.895881148,0.662195385,0.428545266,0.64291656,0.607738972,0.642824799,0.299899027,0.275643826,0.307839945,0.070273969,0.417899762
p02,575381.531,1.672,NOD,16,50,0.584539236,-10.73967587,-0.316758246,-162.3634798,-15.12636174,-3.927985435,0.663072109,0.429111451,0.64323467,0.607942641,0.643274009,0.300172523,0.275565207,0.307770118,0.071845427,0.418945572
p02,575381.562,1.703,NOD,16,51,0.509176381,-10.56426003,-0.286530672,-162.4388427,-14.95094591,-3.897757861,0.663302481,0.429565609,0.643522501,0.607556701,0.643337578,0.300436154,0.275288284,0.307120547,0.072523623,0.420452021
p02,575381.609,1.75,NOD,16,52,0.558913982,-10.78122098,-0.37736258,-162.3891051,-15.16790686,-3.988589769,0.664159358,0.429941654,0.644859731,0.608036518,0.644048393,0.300683692,0.2750054,0.307352826,0.073129345,0.420552379
p02,575381.625,1.766,NOD,16,53,0.583658071,-10.5364205,-0.325384299,-162.364361,-14.92310638,-3.936611488,0.664081037,0.429839969,0.644385278,0.60814929,0.644327521,0.300819695,0.275128365,0.307329595,0.071797453,0.419810769
p02,575381.671,1.812,NOD,16,54,0.606195799,-10.38850624,-0.298340029,-162.3418233,-14.77519212,-3.909567219,0.664519787,0.430014729,0.644609094,0.608391941,0.644625872,0.301000044,0.275330901,0.307391897,0.072254565,0.419707504
p02,575381.703,1.844,NOD,16,55,0.555334025,-10.51814688,-0.345556119,-162.392685,-14.90483276,-3.956783308,0.665188372,0.429581165,0.64491725,0.60755235,0.644836336,0.30104731,0.27548486,0.306505039,0.073877148,0.419353154
p02,575381.734,1.875,NOD,16,56,0.733836491,-11.16213372,-0.397963988,-162.2141826,-15.54881959,-4.009191177,0.66611886,0.430776447,0.646318793,0.609052062,0.645686626,0.301222935,0.275321841,0.307829127,0.074212179,0.420861772
p02,575381.765,1.906,NOD,16,57,0.737756437,-10.79525766,-0.351022066,-162.2102626,-15.18194353,-3.962249255,0.666211665,0.430579603,0.645485103,0.608297288,0.645934254,0.301525757,0.275007308,0.306771532,0.07373408,0.420683905
p02,575381.796,1.937,NOD,16,58,0.656513088,-11.18909499,-0.332514442,-162.291506,-15.57578087,-3.943741631,0.667267501,0.430720717,0.64626509,0.609680772,0.646472871,0.301884264,0.274962515,0.307796508,0.075627145,0.418576721
p02,575381.828,1.969,NOD,16,59,0.706137143,-10.9160089,-0.268774514,-162.2418819,-15.30269478,-3.880001703,0.667261183,0.431205899,0.645874977,0.608802676,0.646772236,0.30177404,0.274768949,0.307028636,0.074567915,0.421562823
p02,575381.859,2,NOD,16,60,0.664122562,-11.28466998,-0.321758043,-162.2838965,-15.67135585,-3.932985232,0.668388128,0.431186557,0.6470716,0.609411836,0.647420943,0.302085966,0.274987459,0.30732587,0.076247788,0.4200772
p02,575386.171,0,NOD,17,0,10.76589029,22.3199916,172.1375795,-152.1821288,17.93330573,168.5263523,0.282721817,0.654885232,0.304977834,0.732188463,0.267312944,0.52221033,0.236164957,0.209978133,0.065246232,0.631851043
p02,575386.203,0.032,NOD,17,1,12.70498416,21.01896608,171.837268,-150.2430349,16.63228021,168.2260408,0.278167129,0.658542395,0.30384773,0.740433276,0.26594618,0.530663371,0.238731667,0.209769905,0.051191151,0.609615682
p02,575386.234,0.063,NOD,17,2,10.71118798,19.5672502,170.8013235,-152.2368311,15.18056432,167.1900964,0.285348505,0.660230279,0.307118118,0.745756686,0.268656731,0.53638944,0.232715756,0.209367245,0.071726016,0.59150054
p02,575386.265,0.094,NOD,17,3,10.77869968,16.86174071,170.4270028,-152.1693194,12.47505483,166.8157757,0.287818193,0.667301178,0.307234526,0.750568032,0.270119414,0.54042393,0.234088391,0.210144103,0.075607251,0.603763069
p02,575386.296,0.125,NOD,17,4,11.28991845,18.49018021,170.2940038,-151.6581006,14.10349434,166.6827766,0.28896752,0.668800354,0.310270876,0.753747642,0.270378336,0.544196099,0.236383855,0.209551543,0.078639819,0.594623419
p02,575386.343,0.172,NOD,17,5,11.8063282,16.65416794,170.0916823,-151.1416909,12.26748206,166.4804551,0.288916588,0.671441138,0.308626235,0.754731596,0.270945609,0.547587246,0.239518732,0.20714435,0.075029536,0.597911033
p02,575386.375,0.204,NOD,17,6,11.45832317,17.60503516,169.9336855,-151.4896959,13.21834928,166.3224583,0.289895594,0.672339201,0.309800982,0.757512271,0.269784883,0.549076319,0.238244772,0.208435953,0.084411974,0.591370542
p02,575386.406,0.235,NOD,17,7,10.08670766,18.33494143,170.2339604,-152.8613114,13.94825555,166.6227332,0.288741797,0.67059195,0.310429275,0.757399082,0.269870386,0.548146576,0.241268456,0.209252506,0.078217484,0.585156072
p02,575386.437,0.266,NOD,17,8,10.88864203,19.86356985,168.9104206,-152.059377,15.47688397,165.2991934,0.285908818,0.670395792,0.311622232,0.75799191,0.26671803,0.550444186,0.242474496,0.207547724,0.079145595,0.577947102
p02,575386.468,0.297,NOD,17,9,10.00129659,20.02480139,167.5308016,-152.9467225,15.63811551,163.9195745,0.284870982,0.665844679,0.315259337,0.75311178,0.265971199,0.547727048,0.242658377,0.205384731,0.077886384,0.575104243
p02,575386.5,0.329,NOD,17,10,7.054435283,21.42501959,166.7520437,-155.8935838,17.03833371,163.1408165,0.279786319,0.656472087,0.311974674,0.752196133,0.262176573,0.542880893,0.251002014,0.20931524,0.070157785,0.542679998
p02,575386.531,0.36,NOD,17,11,8.431905124,17.76483602,165.5291524,-154.5161139,13.37815014,161.9179252,0.293120861,0.654250622,0.321969926,0.751933336,0.265849814,0.536576539,0.25358358,0.215356797,0.107542638,0.546414528
p02,575386.578,0.407,NOD,17,12,7.640034473,23.12479994,166.1781413,-155.3079846,18.73811407,162.5669141,0.29013443,0.653506875,0.324905574,0.750654697,0.262619376,0.526539296,0.253800243,0.224115402,0.108412243,0.566527683
p02,575386.593,0.422,NOD,17,13,11.59413591,20.09698891,166.165191,-151.3538831,15.71030304,162.5539638,0.280545592,0.653254628,0.316156089,0.747558475,0.258980043,0.518119812,0.25882116,0.229438663,0.083322203,0.588980143
p02,575386.625,0.454,NOD,17,14,4.127919793,21.12449248,167.3209312,-158.8200993,16.7378066,163.7097041,0.280703604,0.640990615,0.312725663,0.743318498,0.25566148,0.498380467,0.26778011,0.244938031,0.093517491,0.582229502
p02,575386.671,0.5,NOD,17,15,5.252167853,15.53007243,164.48446,-157.6958512,11.14338656,160.8732328,0.279337734,0.637034059,0.314720154,0.739752054,0.255406305,0.488267437,0.278447151,0.251484618,0.085946036,0.591553564
p02,575386.703,0.532,NOD,17,16,11.7149571,14.58610082,163.7343565,-151.233062,10.19941495,160.1231293,0.269488603,0.624458671,0.30910477,0.727456927,0.242313698,0.468637928,0.295891643,0.258818999,0.091840732,0.602045224
p02,575386.734,0.563,NOD,17,17,10.68930531,19.67893016,167.2127001,-152.2587137,15.29224429,163.6014729,0.258949041,0.609464407,0.295438439,0.713113308,0.232449114,0.438611954,0.308683202,0.274501354,0.085848297,0.622410237
p02,575386.781,0.61,NOD,17,18,10.49937543,21.62062942,170.8278062,-152.4486436,17.23394354,167.216579,0.246499524,0.593151152,0.276103705,0.706068397,0.222843401,0.40872933,0.330975279,0.297339067,0.071473986,0.620240806
p02,575386.796,0.625,NOD,17,19,7.956652873,24.57119918,173.9960587,-154.9913662,20.1845133,170.3848315,0.242223412,0.571708739,0.266900271,0.69012177,0.220498133,0.376603901,0.344002217,0.313517869,0.063154472,0.622308509
p02,575386.828,0.657,NOD,17,20,2.176137677,26.57919077,174.5957954,-160.7718814,22.1925049,170.9845682,0.240864933,0.542227387,0.266890585,0.678001881,0.219835166,0.3519319,0.345778197,0.326069981,0.06081866,0.58360321
p02,575386.875,0.704,NOD,17,21,0.229903895,24.63037232,173.7614659,-162.7181152,20.24368645,170.1502387,0.240267128,0.522130907,0.267416328,0.669043243,0.218619246,0.33460474,0.348040625,0.334438503,0.062199296,0.560719429
p02,575386.89,0.719,NOD,17,22,-1.462114112,21.5388589,173.7260014,-164.4101332,17.15217302,170.1147742,0.240521103,0.50112015,0.265846759,0.660740912,0.218759552,0.318053395,0.34852168,0.342687517,0.062439592,0.534208999
p02,575386.937,0.766,NOD,17,23,-2.442889854,21.74461819,174.3368838,-165.3909089,17.35793232,170.7256566,0.23810184,0.483429432,0.264584661,0.653059781,0.218957342,0.300615698,0.347714946,0.352444082,0.055058024,0.518702804
p02,575386.968,0.797,NOD,17,24,8.18021851,-5.188431442,-4.773051418,-154.7678006,-9.575117317,-8.384278608,0.23744072,0.464709073,0.26523757,0.641470432,0.217592668,0.286549121,0.350308776,0.354921311,0.056658736,0.501970286
p02,575387,0.829,NOD,17,25,6.598635185,-4.090608895,-4.068775684,-156.3493839,-8.477294771,-7.680002873,0.235780716,0.448001802,0.263588965,0.631764412,0.218960512,0.273336768,0.349336162,0.358427644,0.048149048,0.487309048
p02,575387.031,0.86,NOD,17,26,5.051802424,-7.01490409,-4.510925877,-157.8962166,-11.40158997,-8.122153067,0.238866597,0.430937171,0.26390475,0.622847974,0.220784634,0.262571499,0.349393636,0.360276476,0.051752411,0.467323524
p02,575387.078,0.907,NOD,17,27,3.932311228,-6.235403636,-4.052872492,-159.0157078,-10.62208951,-7.664099681,0.238491759,0.415955842,0.26434207,0.612171888,0.221935555,0.252268404,0.344566882,0.359903485,0.048049317,0.454809261
p02,575387.109,0.938,NOD,17,28,2.975287483,-8.304104437,-4.057593527,-159.9727316,-12.69079031,-7.668820717,0.240401506,0.401519567,0.263496071,0.60385859,0.223301604,0.24223806,0.344163939,0.36162053,0.049685339,0.440465885
p02,575387.14,0.969,NOD,17,29,1.276338632,-8.891546668,-3.797487946,-161.6716804,-13.27823254,-7.408715135,0.241937816,0.386171818,0.264249533,0.594536126,0.225708764,0.233099133,0.340246797,0.361436993,0.047697884,0.423511395
p02,575387.171,1,NOD,17,30,0.893081172,-9.571586206,-3.792148025,-162.0549379,-13.95827208,-7.403375215,0.243901953,0.374799788,0.266924143,0.586791515,0.227459963,0.224794745,0.340585664,0.36199677,0.048275636,0.414382268
p02,575387.203,1.032,NOD,17,31,0.484193379,-10.14785523,-3.652204403,-162.4638257,-14.53454111,-7.263431593,0.247069359,0.365417242,0.268006742,0.579601288,0.230926957,0.217850246,0.338613361,0.361751042,0.047672076,0.407924178
p02,575387.234,1.063,NOD,17,32,-0.406190527,-11.43518455,-3.674069537,-163.3542096,-15.82187042,-7.285296726,0.250898987,0.355467647,0.269772023,0.573288798,0.234035809,0.211831577,0.336528957,0.361457221,0.050109145,0.397380552
p02,575387.281,1.11,NOD,17,33,-0.406042799,-12.63051329,-3.882796775,-163.3540619,-17.01719917,-7.494023964,0.254797935,0.348928243,0.272744507,0.567129016,0.23695752,0.207343638,0.334058687,0.359785378,0.053405033,0.393525178
p02,575387.296,1.125,NOD,17,34,-0.799181467,-13.03029855,-3.841039651,-163.7472005,-17.41698442,-7.45226684,0.258458585,0.343880862,0.275240719,0.561871111,0.240667649,0.205706269,0.332545429,0.356164843,0.053499265,0.387951243
p02,575387.343,1.172,NOD,17,35,-1.58687869,-12.88804316,-3.669315435,-164.5348978,-17.27472904,-7.280542624,0.260131538,0.339961469,0.276689887,0.55607295,0.243036166,0.205994301,0.328401357,0.35007865,0.052056338,0.382677346
p02,575387.375,1.204,NOD,17,36,-1.597025396,-13.77893355,-3.756965749,-164.5450445,-18.16561942,-7.368192938,0.262225509,0.340390265,0.278985769,0.556065917,0.244862333,0.206793398,0.328055203,0.349272519,0.052927604,0.382500368
p02,575387.406,1.235,NOD,17,37,-1.341570675,-14.02378426,-3.72699325,-164.2895897,-18.41047013,-7.338220439,0.263584226,0.341971368,0.279896319,0.555088282,0.246249065,0.207944207,0.324739233,0.347144075,0.05338179,0.386085117
p02,575387.437,1.266,NOD,17,38,-1.123439446,-13.45079726,-3.575616931,-164.0714585,-17.83748314,-7.18684412,0.2637766,0.344342172,0.280115724,0.554206252,0.247442074,0.210050926,0.323083296,0.344155326,0.050558251,0.390205341
p02,575387.468,1.297,NOD,17,39,-0.833611219,-12.20824559,-3.326507666,-163.7816303,-16.59493147,-6.937734856,0.263419658,0.346848637,0.280195057,0.554657936,0.248263851,0.211433329,0.322753534,0.343224607,0.046957835,0.39453846
p02,575387.5,1.329,NOD,17,40,-0.578654587,-11.67638694,-3.219139578,-163.5266736,-16.06307281,-6.830366768,0.263541013,0.349253595,0.280311644,0.556182265,0.248751223,0.212826572,0.32174103,0.343355693,0.045967995,0.397334383
p02,575387.531,1.36,NOD,17,41,-0.158358861,-11.77231661,-3.355084005,-163.1063779,-16.15900249,-6.966311195,0.264373183,0.35183832,0.281033516,0.556072593,0.249499202,0.214301899,0.321897551,0.341770694,0.04620719,0.402423098
p02,575387.578,1.407,NOD,17,42,-0.353013516,-12.33055219,-3.644258299,-163.3010326,-16.71723806,-7.255485488,0.26515308,0.353259176,0.282388091,0.557618618,0.249601029,0.215845294,0.32032524,0.341773324,0.048550815,0.402061461
p02,575387.609,1.438,NOD,17,43,0.129683053,-12.37929692,-3.666289459,-162.818336,-16.7659828,-7.277516649,0.265718192,0.355267465,0.282672256,0.556851864,0.250175364,0.217276871,0.319873229,0.339574993,0.048590586,0.40636265
p02,575387.64,1.469,NOD,17,44,0.205935415,-12.43726889,-3.816846996,-162.7420836,-16.82395477,-7.428074186,0.266451806,0.356901765,0.283797354,0.558181763,0.250522926,0.218887798,0.319091961,0.339293964,0.0499194,0.406768115
p02,575387.671,1.5,NOD,17,45,0.575764213,-12.4260309,-3.781285289,-162.3722548,-16.81271677,-7.392512479,0.267185628,0.359416664,0.28433919,0.558988214,0.2515468,0.220116749,0.318690553,0.338871464,0.049072143,0.411070063
p02,575387.703,1.532,NOD,17,46,0.779961725,-12.19315375,-3.699039178,-162.1680573,-16.57983963,-7.310266368,0.267802536,0.360370785,0.284581363,0.558711112,0.252294794,0.220989749,0.317796066,0.337721363,0.048797781,0.412710156
p02,575387.734,1.563,NOD,17,47,0.938233928,-12.19807135,-3.650111092,-162.0097851,-16.58475723,-7.261338281,0.268270403,0.361808002,0.285119444,0.559291482,0.252844803,0.221780173,0.31727612,0.337511308,0.04861885,0.414883368
p02,575387.765,1.594,NOD,17,48,1.09934271,-11.98558416,-3.636302218,-161.8486764,-16.37227003,-7.247529407,0.268958628,0.362918228,0.285259724,0.560219646,0.253406584,0.222541064,0.317211822,0.337678581,0.049027315,0.415712371
p02,575387.812,1.641,NOD,17,49,1.086260555,-12.03791677,-3.460807353,-161.8617585,-16.42460265,-7.072034542,0.269446641,0.363420933,0.285387605,0.5604738,0.25424625,0.222696371,0.316615209,0.337777428,0.048009037,0.4166192
p02,575387.843,1.672,NOD,17,50,1.205508676,-11.55019666,-3.509657158,-161.7425104,-15.93688254,-7.120884347,0.26952529,0.363999188,0.285703421,0.560589075,0.25438875,0.223261669,0.317077279,0.337327406,0.0477377,0.417213414
p02,575387.875,1.704,NOD,17,51,1.196105913,-12.07641295,-3.670000769,-161.7519131,-16.46309882,-7.281227959,0.269919634,0.364310652,0.286573291,0.561066031,0.254523568,0.223354921,0.316149637,0.337711111,0.048698667,0.417385531
p02,575387.906,1.735,NOD,17,52,1.238862381,-11.80055918,-3.625054495,-161.7091567,-16.18724506,-7.236281685,0.269120693,0.364697844,0.285669178,0.561089635,0.253650121,0.224043354,0.316178977,0.337046281,0.048929793,0.417315062
p02,575387.937,1.766,NOD,17,53,1.281640931,-11.17825134,-3.502581293,-161.6663781,-15.56493722,-7.113808483,0.267915338,0.365041822,0.284518868,0.560538292,0.252624534,0.224407114,0.316294625,0.336131178,0.048343547,0.418392334
p02,575387.968,1.797,NOD,17,54,1.154210148,-10.78332986,-3.559809703,-161.7938089,-15.17001574,-7.171036893,0.267286777,0.365267724,0.284654081,0.560468674,0.252102561,0.224834397,0.315479815,0.335634276,0.048130547,0.418411754
p02,575388,1.829,NOD,17,55,1.006163915,-9.890445025,-3.471638578,-161.9418551,-14.2771309,-7.082865767,0.266615689,0.365368932,0.284876227,0.560390115,0.252028003,0.225128233,0.314538866,0.335261881,0.046378006,0.418301951
p02,575388.031,1.86,NOD,17,56,1.365070506,-10.10706982,-3.521802459,-161.5829486,-14.4937557,-7.133029649,0.267052114,0.366854191,0.284894556,0.561083078,0.252074793,0.225437135,0.314559937,0.335645944,0.047613568,0.421328066
p02,575388.078,1.907,NOD,17,57,1.294127541,-9.639115736,-3.497461267,-161.6538915,-14.02580161,-7.108688456,0.267527223,0.367918044,0.286020607,0.562261939,0.252795443,0.226717472,0.31424363,0.335544467,0.046880122,0.420810313
p02,575388.093,1.922,NOD,17,58,1.493077731,-9.818755816,-3.604109838,-161.4549413,-14.20544169,-7.215337027,0.268947423,0.369522721,0.287048906,0.562978029,0.254038192,0.228191845,0.314584866,0.334786184,0.047393348,0.422152652
p02,575388.14,1.969,NOD,17,59,1.445037109,-9.134383984,-3.475168085,-161.502982,-13.52106986,-7.086395274,0.269249052,0.371055752,0.287789017,0.564396262,0.254852645,0.230704419,0.313872516,0.333691843,0.045867051,0.420601629
p02,575388.171,2,NOD,17,60,1.519714327,-9.783159639,-3.746889485,-161.4283047,-14.16984552,-7.358116674,0.270187318,0.371226609,0.289086729,0.564069271,0.255491622,0.231058948,0.313845098,0.333010323,0.046824681,0.420910858
p02,575390.203,0,NOD,18,0,7.037960115,-22.02730137,-4.677622207,-155.9100589,-26.41398725,-8.288849396,0.418659836,0.425919831,0.410202295,0.543918431,0.399014652,0.317546085,0.211861849,0.226372346,0.092726389,0.478741101
p02,575390.234,0.031,NOD,18,1,7.209761215,-22.97033885,-4.814481801,-155.7382578,-27.35702473,-8.42570899,0.418044269,0.417896986,0.409217805,0.53918159,0.399609357,0.310043857,0.211660206,0.229137734,0.087096731,0.470691264
p02,575390.265,0.062,NOD,18,2,5.562162837,-23.24933032,-4.640506016,-157.3858562,-27.6360162,-8.251733205,0.415891796,0.407612145,0.408456326,0.534201562,0.398256347,0.301962078,0.211738318,0.232239485,0.083288891,0.454918626
p02,575390.296,0.093,NOD,18,3,4.316849216,-23.89907393,-5.139576885,-158.6311698,-28.2857598,-8.750804075,0.416009277,0.398184717,0.410061508,0.530261874,0.396861762,0.294554263,0.212916613,0.235707611,0.089929645,0.439656798
p02,575390.343,0.14,NOD,18,4,3.250770821,-22.7929978,-5.03974767,-159.6972482,-27.17968368,-8.65097486,0.414452672,0.38839379,0.409969211,0.524065197,0.395601586,0.287720308,0.213459581,0.236344889,0.088312206,0.425960055
p02,575390.359,0.156,NOD,18,5,1.865154172,-22.89155581,-4.790764893,-161.0828649,-27.27824169,-8.401992082,0.413360238,0.378786504,0.409179002,0.519248962,0.39452894,0.281448692,0.213427395,0.23780027,0.088232805,0.409325911
p02,575390.406,0.203,NOD,18,6,1.029945969,-22.99075948,-5.022391784,-161.9180731,-27.37744536,-8.633618974,0.41262269,0.370799869,0.409629762,0.512799025,0.393158138,0.275669619,0.212568492,0.237129405,0.09156838,0.401174413
p02,575390.437,0.234,NOD,18,7,0.415735365,-22.1265829,-5.196328936,-162.5322837,-26.51326877,-8.807556125,0.410444915,0.364166439,0.409199029,0.507368267,0.391787648,0.270970061,0.211724281,0.236398205,0.088120583,0.394234707
p02,575390.468,0.265,NOD,18,8,-0.607474265,-21.9159566,-5.226263286,-163.5554933,-26.30264248,-8.837490476,0.408956915,0.359014034,0.40865609,0.504562736,0.390201524,0.267482728,0.212255418,0.237080008,0.088362367,0.38607771
p02,575390.5,0.297,NOD,18,9,-1.820241915,-21.41783414,-5.090663494,-164.768261,-25.80452001,-8.701890684,0.4070912,0.35465911,0.408085644,0.501395285,0.38872084,0.265635386,0.212440819,0.235759899,0.086472836,0.377603335
p02,575390.546,0.343,NOD,18,10,-2.439024077,-20.25969997,-4.742152442,-165.3870431,-24.64638585,-8.353379632,0.40539661,0.353012741,0.407047749,0.49977684,0.387726739,0.264822468,0.21272108,0.234954372,0.083065917,0.375350634
p02,575390.562,0.359,NOD,18,11,-2.485018777,-20.10875556,-4.76176951,-165.4330378,-24.49544144,-8.372996699,0.404797137,0.352877885,0.406626016,0.498032421,0.387084901,0.264952302,0.212418795,0.233080119,0.083383561,0.377233303
p02,575390.609,0.406,NOD,18,12,-3.1606539,-20.0963745,-4.554559121,-166.108673,-24.48306038,-8.165786311,0.403188109,0.352470338,0.405415952,0.499670327,0.386120155,0.266016722,0.212123275,0.233653605,0.080462429,0.37000763
p02,575390.625,0.422,NOD,18,13,-2.794590291,-20.21220408,-4.47392482,-165.7426094,-24.59888995,-8.08515201,0.402454227,0.354931593,0.404062897,0.501220763,0.385458931,0.267712221,0.212068796,0.233508542,0.080140484,0.373516838
p02,575390.671,0.468,NOD,18,14,-2.340088708,-20.44227911,-4.461498648,-165.2881078,-24.82896498,-8.072725837,0.402092367,0.357759356,0.403374493,0.504330754,0.385416523,0.269481465,0.212874711,0.234849289,0.07833643,0.375891669
p02,575390.703,0.5,NOD,18,15,-2.121376964,-20.80882038,-4.509609013,-165.069396,-25.19550625,-8.120836202,0.401966989,0.35957092,0.40343082,0.505792379,0.38536647,0.270539463,0.212263852,0.235252917,0.078207001,0.378449964
p02,575390.734,0.531,NOD,18,16,-1.624811892,-21.13249185,-4.744745428,-164.572831,-25.51917773,-8.355972617,0.402024418,0.361730039,0.40322569,0.507038891,0.384966418,0.271842763,0.212382913,0.235196128,0.080317196,0.382180085
p02,575390.765,0.562,NOD,18,17,-1.939594268,-21.37410323,-4.723800673,-164.8876133,-25.7607891,-8.335027863,0.401933521,0.362200558,0.403421193,0.507722914,0.385019332,0.272678941,0.211479217,0.235043973,0.079980383,0.380871782
p02,575390.796,0.593,NOD,18,18,-1.516687984,-21.21119997,-4.757016996,-164.464707,-25.59788585,-8.368244185,0.401712507,0.36327523,0.403111398,0.508353591,0.385073155,0.273024619,0.211674929,0.235328972,0.078608043,0.383508288
p02,575390.843,0.64,NOD,18,19,-1.333564406,-20.94679141,-4.771175621,-164.2815835,-25.33347729,-8.38240281,0.401792884,0.363695383,0.4030478,0.508193254,0.384931952,0.273139119,0.212014586,0.235054135,0.079527227,0.385257055
p02,575390.859,0.656,NOD,18,20,-1.429810099,-21.56635745,-4.843920628,-164.3778292,-25.95304333,-8.455147818,0.401839733,0.363672972,0.40303418,0.508409023,0.384668157,0.273200139,0.211989284,0.235208884,0.081002098,0.384648874
p02,575390.906,0.703,NOD,18,21,-1.519349684,-21.50121275,-4.78851744,-164.4673687,-25.88789862,-8.399744629,0.401519865,0.363551944,0.402722418,0.508398294,0.384533271,0.273172885,0.211543143,0.235225409,0.080298484,0.384223199
p02,575390.937,0.734,NOD,18,22,-1.58748044,-21.58204419,-4.805220503,-164.5354995,-25.96873006,-8.416447693,0.401467621,0.363688767,0.402787,0.508764386,0.384376749,0.273372144,0.21143654,0.235392243,0.080832159,0.383685641
p02,575390.968,0.765,NOD,18,23,-1.428824853,-21.72227247,-4.764170021,-164.3768439,-26.10895834,-8.375397211,0.401321232,0.363909125,0.402295589,0.509201586,0.384297416,0.273230135,0.21155116,0.235971451,0.080471394,0.384279495
p02,575391.015,0.812,NOD,18,24,-1.21082002,-21.65044026,-4.819746791,-164.1588391,-26.03712614,-8.43097398,0.400970668,0.364309192,0.401902676,0.509461462,0.383819357,0.273240402,0.212035239,0.23622106,0.080888965,0.385523582
p02,575391.031,0.828,NOD,18,25,-1.099231451,-21.71103801,-4.768313093,-164.0472505,-26.09772388,-8.379540282,0.400663793,0.364643455,0.401558042,0.509818971,0.383631647,0.273068622,0.212421298,0.236750349,0.080180973,0.386799145
p02,575391.062,0.859,NOD,18,26,-0.756427217,-21.62755941,-4.836317671,-163.7044463,-26.01424528,-8.44754486,0.400427192,0.365240008,0.401008934,0.509120107,0.383061782,0.273045212,0.212508738,0.236074895,0.081716221,0.390531978
p02,575391.109,0.906,NOD,18,27,-0.991602295,-21.81514263,-4.749540879,-163.9396214,-26.2018285,-8.360768068,0.399620205,0.364925921,0.400533319,0.510188639,0.382673711,0.272881821,0.212883204,0.237306818,0.079604658,0.387869598
p02,575391.14,0.937,NOD,18,28,-0.527234122,-21.34731946,-4.791304602,-163.4752532,-25.73400534,-8.402531791,0.399168819,0.365807295,0.40014869,0.509962022,0.38242507,0.272965446,0.21311307,0.236996576,0.078567445,0.391743418
p02,575391.171,0.968,NOD,18,29,-1.111592326,-22.15263172,-4.795145108,-164.0596114,-26.5393176,-8.406372298,0.398902863,0.365919828,0.400219709,0.510835052,0.381985486,0.273431644,0.213214993,0.237403408,0.079344222,0.38958238
p02,575391.203,1,NOD,18,30,-0.916824499,-22.02834448,-4.804515474,-163.8648436,-26.41503035,-8.415742663,0.398102015,0.366905361,0.39934051,0.511172295,0.381300867,0.273898855,0.213321745,0.23727344,0.078759662,0.391980268
p02,575391.234,1.031,NOD,18,31,-0.814317746,-22.16764096,-4.809063486,-163.7623368,-26.55432684,-8.420290676,0.39804256,0.367354304,0.399274647,0.512105346,0.381194055,0.274084821,0.212935835,0.238020524,0.079124796,0.391854789
p02,575391.265,1.062,NOD,18,32,-0.440283433,-21.58198172,-4.725852733,-163.3883025,-25.9686676,-8.337079922,0.397669494,0.367827445,0.398519665,0.511850297,0.381083891,0.274305463,0.213448793,0.237544835,0.077702962,0.393702446
p02,575391.312,1.109,NOD,18,33,-0.486908871,-21.97089205,-4.843304299,-163.4349279,-26.35757793,-8.454531488,0.397698998,0.368268728,0.398679644,0.512676001,0.380807653,0.274337694,0.213559687,0.238338307,0.07909426,0.394108004
p02,575391.343,1.14,NOD,18,34,-0.191998128,-21.5201638,-4.788663796,-163.1400172,-25.90684968,-8.399890986,0.397334546,0.368699431,0.397932559,0.512389302,0.380477414,0.27455771,0.213887602,0.237831593,0.078813041,0.395833542
p02,575391.375,1.172,NOD,18,35,-0.362117545,-21.7691587,-4.8778375,-163.3101366,-26.15584457,-8.489064689,0.397378892,0.368769556,0.39846465,0.512667477,0.380334824,0.274699852,0.213586837,0.237967625,0.079799241,0.395304632
p02,575391.406,1.203,NOD,18,36,-0.27872297,-21.56144694,-4.725998542,-163.226742,-25.94813282,-8.337225732,0.396948099,0.368892461,0.397700787,0.513041139,0.380177498,0.274648279,0.213955194,0.23839286,0.078383707,0.395331396
p02,575391.437,1.234,NOD,18,37,0.041594135,-21.23945481,-4.648765651,-162.9064249,-25.62614069,-8.25999284,0.39651233,0.369269878,0.397054732,0.512473464,0.379917726,0.274757296,0.214213759,0.237716168,0.077467497,0.397585838
p02,575391.468,1.265,NOD,18,38,0.119007993,-21.84554132,-4.819198502,-162.8290111,-26.23222719,-8.430425691,0.396734446,0.369604409,0.39727658,0.512662947,0.379660159,0.274792179,0.213980466,0.237870768,0.079793671,0.398587141
p02,575391.515,1.312,NOD,18,39,-0.023716755,-21.62993335,-4.725967445,-162.9717358,-26.01661922,-8.337194634,0.39582625,0.36958015,0.396593183,0.512558937,0.379058287,0.274782062,0.214208603,0.237776875,0.078278666,0.398685061
p02,575391.531,1.328,NOD,18,40,-0.017738265,-21.84601785,-4.764309275,-162.9657573,-26.23270373,-8.375536464,0.395671815,0.369532794,0.3963902,0.513137102,0.378927916,0.274860501,0.214164525,0.238276601,0.078182408,0.39732098
p02,575391.578,1.375,NOD,18,41,0.1071161,-21.47019863,-4.607737837,-162.840903,-25.85688451,-8.218965027,0.395299196,0.369787335,0.395386845,0.512871563,0.378455758,0.27507624,0.214236587,0.237795323,0.078620736,0.3982883
p02,575391.609,1.406,NOD,18,42,-0.142950904,-22.14476207,-4.59237049,-163.09097,-26.53144795,-8.203597679,0.395436734,0.369818687,0.395247281,0.513434172,0.378252834,0.275340259,0.214571238,0.238093913,0.080084824,0.396811608
p02,575391.64,1.437,NOD,18,43,-0.238803929,-22.01570443,-4.431380785,-163.186823,-26.40239031,-8.042607975,0.395197153,0.369706869,0.394850224,0.513727963,0.378277391,0.275572121,0.214631081,0.238155842,0.078831835,0.395265332
p02,575391.671,1.468,NOD,18,44,-0.345622584,-22.61231471,-4.443374996,-163.2936416,-26.99900059,-8.054602185,0.39545989,0.370145202,0.394574016,0.514363289,0.378114104,0.275827348,0.214515984,0.238535941,0.08086011,0.395403113
p02,575391.703,1.5,NOD,18,45,-0.152209424,-22.33451049,-4.222886935,-163.1002285,-26.72119637,-7.834114124,0.394992739,0.369950086,0.393548369,0.513755322,0.378248721,0.275980815,0.214293092,0.237774506,0.078136058,0.395203305
p02,575391.734,1.531,NOD,18,46,-0.384795623,-23.04860542,-4.147603127,-163.3328147,-27.4352913,-7.758830316,0.395934582,0.370111346,0.394142032,0.514035463,0.378762946,0.276387557,0.214140207,0.237647906,0.080188753,0.394380874
p02,575391.765,1.562,NOD,18,47,-0.311142265,-22.79635003,-3.755764917,-163.2591613,-27.1830359,-7.366992106,0.396224171,0.369709581,0.393126369,0.513719916,0.37984933,0.276634604,0.214450181,0.237085313,0.076357321,0.392580107
p02,575391.812,1.609,NOD,18,48,-0.041755131,-23.01844946,-3.777686287,-162.9897742,-27.40513533,-7.388913476,0.397192866,0.370294958,0.393834233,0.513775468,0.380656466,0.276692167,0.214388311,0.237083301,0.077132935,0.394809719
p02,575391.843,1.64,NOD,18,49,-0.217890672,-23.19469964,-3.669605228,-163.1659097,-27.58138551,-7.280832417,0.397851586,0.37002489,0.394110739,0.514288127,0.381391138,0.277014077,0.214540988,0.237274051,0.076724027,0.391997409
p02,575391.875,1.672,NOD,18,50,-0.107967519,-23.91160953,-3.912763691,-163.0559866,-28.29829541,-7.52399088,0.39892593,0.370020747,0.394892812,0.513976872,0.381785288,0.277540267,0.213995099,0.236436605,0.080098291,0.39114282
p02,575391.906,1.703,NOD,18,51,0.233477329,-24.17275131,-3.966276102,-162.7145417,-28.55943719,-7.577503292,0.398839235,0.370956272,0.394547462,0.514542103,0.381699339,0.277390361,0.21439606,0.237151742,0.079945018,0.394540265
p02,575391.937,1.734,NOD,18,52,0.36291921,-24.4267486,-4.088558784,-162.5850999,-28.81343448,-7.699785973,0.398988932,0.371438265,0.394680411,0.514632821,0.381493792,0.277562439,0.214519709,0.237070382,0.081554933,0.395982934
p02,575391.968,1.765,NOD,18,53,0.149109657,-23.72280775,-4.0041438,-162.7989094,-28.10949363,-7.615370989,0.397828281,0.371824503,0.394235581,0.515207648,0.380496725,0.277252987,0.21477142,0.237954661,0.080697681,0.397435022
p02,575392.015,1.812,NOD,18,54,-0.001594895,-23.81844192,-4.156302708,-162.949614,-28.2051278,-7.767529897,0.397352904,0.371897519,0.394204199,0.515426576,0.379573524,0.277350515,0.21482721,0.238076061,0.082761304,0.397129401
p02,575392.031,1.828,NOD,18,55,0.090617607,-23.36841019,-3.972528958,-162.8574015,-27.75509607,-7.583756147,0.396238357,0.372441769,0.393292606,0.515450358,0.379334718,0.277392343,0.215189755,0.238058016,0.078552247,0.399270009
p02,575392.078,1.875,NOD,18,56,0.139687888,-23.56353465,-4.269423364,-162.8083312,-27.95022053,-7.880650553,0.395903826,0.373064876,0.393436253,0.515691102,0.378539681,0.27752243,0.215228677,0.238168672,0.080677652,0.401154548
p02,575392.109,1.906,NOD,18,57,0.092798561,-23.71391559,-4.353250591,-162.8552205,-28.10060146,-7.964477781,0.395687789,0.37328133,0.393536955,0.516708434,0.378126442,0.27781862,0.215386808,0.238889813,0.081533992,0.399609796
p02,575392.14,1.937,NOD,18,58,0.261969473,-23.27089399,-4.341023995,-162.6860496,-27.65757986,-7.952251185,0.394905657,0.373874158,0.392830819,0.516874969,0.37753737,0.277928442,0.215466082,0.238946527,0.080607986,0.401536348
p02,575392.171,1.968,NOD,18,59,0.409220566,-23.10681055,-4.398607015,-162.5387985,-27.49349643,-8.009834204,0.394742519,0.374195069,0.392606288,0.517149091,0.377252713,0.278116703,0.215792507,0.239032388,0.08104918,0.401947062
p02,575392.203,2,NOD,18,60,0.487212215,-22.81302967,-4.414541842,-162.4608068,-27.19971555,-8.025769031,0.394149005,0.374730557,0.392483503,0.517464221,0.376944125,0.27808024,0.216091365,0.239383981,0.079618548,0.403745969
p02,575395.078,0,NOD,19,0,-12.63126774,-42.77579492,-169.0518056,-175.5792868,-47.1624808,-172.6630328,0.520693421,0.435744703,0.474840194,0.54925108,0.493391782,0.324496284,0.176954508,0.224754795,0.154286204,0.494976841
p02,575395.109,0.031,NOD,19,1,6.594899524,-43.41403188,-2.464369245,-156.3531195,-47.80071775,-6.075596434,0.522555411,0.428802431,0.477493823,0.543889046,0.492374822,0.316682681,0.176552981,0.227206364,0.170943522,0.493470989
p02,575395.14,0.062,NOD,19,2,5.90009619,-42.90169497,-2.880239247,-157.0479229,-47.28838085,-6.491466437,0.522577226,0.418155968,0.479004443,0.538404107,0.491271853,0.308581427,0.177160859,0.22982268,0.176705921,0.476778625
p02,575395.171,0.093,NOD,19,3,3.807919927,-42.13095282,-2.655793016,-159.1400991,-46.51763869,-6.267020206,0.52422452,0.407168746,0.481900275,0.53129375,0.48978284,0.302573636,0.177855253,0.228720114,0.193650056,0.457306129
p02,575395.203,0.125,NOD,19,4,2.158728831,-40.99143286,-2.26381965,-160.7892902,-45.37811874,-5.875046839,0.525692761,0.395848662,0.485339373,0.526411176,0.489995316,0.29737559,0.180165291,0.229035586,0.198137195,0.429946602
p02,575395.234,0.156,NOD,19,5,0.828072036,-39.79156942,-2.158639655,-162.119947,-44.1782553,-5.769866845,0.524603784,0.38777265,0.485515475,0.521161318,0.488713264,0.292775095,0.180900991,0.228386223,0.19839869,0.415951337
p02,575395.265,0.187,NOD,19,6,0.527926804,-39.88889038,-2.808473826,-162.4200923,-44.27557626,-6.419701015,0.525732398,0.380853176,0.486659169,0.515710711,0.488085061,0.287745401,0.178468853,0.22796531,0.210946258,0.408429575
p02,575395.296,0.218,NOD,19,7,-24.41487733,-40.13394551,-167.803269,172.6371036,-44.52063138,-171.4144962,0.526034713,0.373681009,0.487732738,0.510081291,0.486626744,0.284247741,0.179750502,0.22583355,0.219237043,0.396014089
p02,575395.343,0.265,NOD,19,8,-25.40104788,-40.16080476,-167.3230146,171.6509331,-44.54749064,-170.9342418,0.526952744,0.368726224,0.488841563,0.506979585,0.48730287,0.281357974,0.178625137,0.225621611,0.221972533,0.387233517
p02,575395.375,0.297,NOD,19,9,-3.027174297,-40.43890435,-2.124919433,-165.9751934,-44.82559023,-5.736146622,0.527725041,0.365046978,0.490058392,0.504544973,0.487054825,0.279845491,0.177494943,0.224699482,0.229134506,0.379179721
p02,575395.406,0.328,NOD,19,10,-3.265393043,-40.53695628,-1.96394271,-166.2134121,-44.92364215,-5.575169899,0.527890801,0.363318622,0.490521878,0.503184557,0.487371966,0.278700531,0.176278532,0.224484026,0.229856891,0.376944823
p02,575395.437,0.359,NOD,19,11,-3.424086824,-40.81805867,-1.957809493,-166.3721059,-45.20474455,-5.569036682,0.527974725,0.363239408,0.490882754,0.503194153,0.487064511,0.278650701,0.175651461,0.224543452,0.23290563,0.376714198
p02,575395.468,0.39,NOD,19,12,-3.442310229,-40.85164594,-1.764928303,-166.3903293,-45.23833182,-5.376155492,0.526684642,0.363414973,0.489402801,0.502424896,0.486252099,0.279075459,0.175688207,0.223349437,0.230138057,0.377612388
p02,575395.5,0.422,NOD,19,13,-3.219577575,-40.40458378,-1.69383971,-166.1675966,-44.79126966,-5.3050669,0.525381744,0.364031583,0.488685846,0.501515031,0.486265153,0.279864952,0.175431371,0.221650079,0.222973754,0.379727503
p02,575395.546,0.468,NOD,19,14,-2.548649064,-40.04347892,-1.757374159,-165.4966681,-44.43016479,-5.368601348,0.523547709,0.365894377,0.486884594,0.502065182,0.485710993,0.280670896,0.176154703,0.221394286,0.214792537,0.384939841
p02,575395.562,0.484,NOD,19,15,-2.896712166,-41.0639606,-1.769165662,-165.8447312,-45.45064648,-5.380392851,0.522564471,0.366645008,0.485833466,0.502642334,0.484255448,0.282177821,0.176226556,0.220464513,0.217385073,0.383132807
p02,575395.609,0.531,NOD,19,16,-3.04751565,-41.00549635,-1.86684814,-165.9955347,-45.39218223,-5.47807533,0.521835744,0.367592186,0.485440314,0.503695846,0.482976124,0.282781228,0.176275522,0.220914617,0.220448196,0.38390831
p02,575395.64,0.562,NOD,19,17,-2.735479139,-40.20484369,-1.284329254,-165.6834982,-44.59152957,-4.895556444,0.520088077,0.368653029,0.483518004,0.504100859,0.483353272,0.283763409,0.176692635,0.220337451,0.207902296,0.385270958
p02,575395.671,0.593,NOD,19,18,-2.44148563,-40.22679397,-1.187385978,-165.3895047,-44.61347985,-4.798613167,0.519015133,0.370213062,0.48221305,0.505291104,0.482601076,0.284549803,0.176849753,0.220741302,0.205903918,0.388070825
p02,575395.703,0.625,NOD,19,19,-2.420870317,-39.70482994,-0.914459523,-165.3688894,-44.09151581,-4.525686713,0.517867684,0.371203363,0.480932355,0.506105304,0.482147783,0.285464644,0.177574247,0.220640659,0.201154739,0.38858984
p02,575395.734,0.656,NOD,19,20,-1.611935312,-39.33140379,-0.862015699,-164.5599544,-43.71808966,-4.473242888,0.517971516,0.373127162,0.480216235,0.50671649,0.48292166,0.286573485,0.177112341,0.220143005,0.19789618,0.393170239
p02,575395.765,0.687,NOD,19,21,-1.729914372,-39.93812395,-1.274192174,-164.6779334,-44.32480983,-4.885419363,0.517837584,0.374164164,0.480363727,0.507894874,0.481915146,0.286770836,0.177536726,0.221124038,0.202338067,0.395223103
p02,575395.812,0.734,NOD,19,22,-0.534355081,-39.25420736,-1.107687117,-163.4823741,-43.64089323,-4.718914306,0.518036962,0.375977933,0.479559898,0.50851512,0.483666807,0.287574053,0.176871508,0.220941067,0.194322729,0.400124259
p02,575395.843,0.765,NOD,19,23,-0.772269157,-40.76821805,-2.167827277,-163.7202882,-45.15490393,-5.779054467,0.518572867,0.376237571,0.480924278,0.508754194,0.481650636,0.287322044,0.177301258,0.221432149,0.208245738,0.401547504
p02,575395.875,0.797,NOD,19,24,-0.304396994,-39.72048788,-1.481083121,-163.2524161,-44.10717375,-5.092310311,0.518723786,0.377401382,0.480703592,0.509450078,0.48354207,0.287416101,0.176213682,0.222033978,0.199653714,0.405277076
p02,575395.906,0.828,NOD,19,25,-0.531442471,-40.5848839,-2.090499569,-163.4794615,-44.97156978,-5.701726759,0.51820755,0.376964748,0.480603486,0.509696722,0.48171325,0.287747785,0.178312361,0.221948937,0.204665002,0.401970669
p02,575395.937,0.859,NOD,19,26,-0.268962105,-39.24514568,-1.211530431,-163.2169812,-43.63183156,-4.822757621,0.518326938,0.377460182,0.479958117,0.510105133,0.483743012,0.287678748,0.17689231,0.222426385,0.195508364,0.403645608
p02,575395.968,0.89,NOD,19,27,-0.494241467,-40.41168202,-1.987084409,-163.4422605,-44.7983679,-5.598311598,0.51774615,0.377192855,0.479829371,0.510335863,0.481436178,0.287629217,0.17940858,0.222706646,0.202387045,0.402159701
p02,575396,0.922,NOD,19,28,-0.033678635,-39.2214365,-1.381225203,-162.9816977,-43.60812238,-4.992452392,0.518241525,0.377842337,0.479918242,0.510341048,0.483567819,0.287714422,0.177470893,0.222626626,0.19537686,0.404838885
p02,575396.046,0.968,NOD,19,29,-0.103125696,-40.41886305,-2.102611256,-163.0511448,-44.80554892,-5.713838445,0.518155158,0.377689779,0.480332226,0.509924889,0.482132271,0.287659258,0.178845912,0.222265631,0.201418563,0.405058221
p02,575396.078,1,NOD,19,30,-0.965783123,-39.6995869,-1.37774704,-163.9138022,-44.08627277,-4.988974229,0.517588437,0.378572345,0.479758412,0.510236502,0.48166734,0.287593618,0.178056419,0.222642884,0.201739971,0.408630742
p02,575396.109,1.031,NOD,19,31,-0.990370105,-40.43840374,-1.749798785,-163.9383892,-44.82508962,-5.361025974,0.517244101,0.378681213,0.480116218,0.5107795,0.481039479,0.28832303,0.178417295,0.22245647,0.202921029,0.406183658
p02,575396.14,1.062,NOD,19,32,-0.908657998,-40.23186454,-1.632414745,-163.8566771,-44.61855042,-5.243641934,0.516649783,0.379425943,0.479533225,0.511172652,0.480674013,0.288242236,0.17840448,0.222930416,0.201652835,0.409023177
p02,575396.171,1.093,NOD,19,33,-1.002780324,-40.14445596,-1.624868383,-163.9507994,-44.53114183,-5.236095572,0.516404808,0.379357636,0.479741275,0.511654139,0.480516523,0.288410515,0.178839743,0.223243624,0.20067287,0.407389558
p02,575396.203,1.125,NOD,19,34,-0.786305886,-39.92163462,-1.77264513,-163.7343249,-44.30832049,-5.383872319,0.516631484,0.379464567,0.480020016,0.511882365,0.480581209,0.28850843,0.178824246,0.223373935,0.201596125,0.407192257
p02,575396.25,1.172,NOD,19,35,-0.975413129,-40.32652391,-2.104745509,-163.9234322,-44.71320979,-5.715972699,0.516650319,0.3793751,0.480166852,0.511575222,0.479656518,0.288731188,0.179583669,0.222844034,0.205997582,0.406759431
p02,575396.265,1.187,NOD,19,36,-0.625653273,-39.79575309,-2.043110502,-163.5736723,-44.18243896,-5.654337691,0.516350627,0.379713148,0.479951113,0.512151241,0.48009561,0.288888738,0.179224759,0.223262504,0.202287993,0.406805481
p02,575396.312,1.234,NOD,19,37,-0.806935131,-39.84264382,-2.004573184,-163.7549542,-44.22932969,-5.615800374,0.516618371,0.380006701,0.48025769,0.51199156,0.479909509,0.288815483,0.179666042,0.223176077,0.204317194,0.408606597
p02,575396.343,1.265,NOD,19,38,-1.126311841,-40.23248633,-2.15746471,-164.0743309,-44.61917221,-5.768691899,0.516358852,0.379784465,0.480316401,0.511660874,0.479175404,0.288980484,0.179875255,0.22268039,0.206717977,0.407777177
p02,575396.375,1.297,NOD,19,39,-0.828565108,-39.70206762,-2.128928493,-163.7765842,-44.0887535,-5.740155682,0.516177416,0.380498797,0.479952395,0.511836886,0.479220733,0.288841844,0.179463863,0.222995043,0.205928269,0.411026864
p02,575396.406,1.328,NOD,19,40,-0.539942582,-39.68232608,-2.193066115,-163.4879616,-44.06901196,-5.804293304,0.516063511,0.380771726,0.47965306,0.511875033,0.479338944,0.289006382,0.179446459,0.222868651,0.204654735,0.411746307
p02,575396.437,1.359,NOD,19,41,-0.607273128,-39.46816292,-1.935571967,-163.5552922,-43.85484879,-5.546799157,0.515545905,0.380626619,0.479274899,0.511982441,0.479516536,0.289263397,0.179276586,0.222719043,0.200970855,0.410217375
p02,575396.468,1.39,NOD,19,42,-0.874692943,-39.76299988,-2.048921591,-163.822712,-44.14968576,-5.660148781,0.515860677,0.380383015,0.479728788,0.51220715,0.479076341,0.289302379,0.179443181,0.222904772,0.204991551,0.408607833
p02,575396.5,1.422,NOD,19,43,-0.514462486,-39.63642225,-1.879675888,-163.4624815,-44.02310812,-5.490903078,0.515646338,0.381077677,0.479231477,0.512249708,0.479375646,0.288756818,0.17903766,0.223492891,0.202586947,0.413081862
p02,575396.546,1.468,NOD,19,44,-0.730812423,-40.05230569,-1.958990349,-163.6788315,-44.43899156,-5.570217538,0.515584767,0.380705237,0.47908026,0.512339175,0.478987694,0.289306581,0.179418236,0.223032594,0.203976329,0.409799549
p02,575396.578,1.5,NOD,19,45,-0.45606324,-39.61349331,-1.799990945,-163.4040823,-44.00017919,-5.411218134,0.515411139,0.381206751,0.47878617,0.512537956,0.479365245,0.289034262,0.179062277,0.223503694,0.201303673,0.412398055
p02,575396.609,1.531,NOD,19,46,-1.172794227,-40.35779272,-1.836784235,-164.1208133,-44.74447859,-5.448011425,0.514957845,0.380884081,0.478133291,0.513183475,0.477617234,0.289057553,0.180137038,0.224125922,0.207290025,0.40970954
p02,575396.64,1.562,NOD,19,47,-1.007450704,-40.76617626,-2.20766551,-163.9554698,-45.15286214,-5.818892699,0.513978481,0.38063398,0.477676272,0.513483047,0.47684972,0.288976774,0.179872215,0.224506274,0.206417436,0.408261225
p02,575396.671,1.593,NOD,19,48,-0.745593256,-40.67091162,-2.078544637,-163.6936123,-45.0575975,-5.689771826,0.513855457,0.380885541,0.477308422,0.513947427,0.477218866,0.288820654,0.180702031,0.225126773,0.202745873,0.408946861
p02,575396.703,1.625,NOD,19,49,-0.758906493,-40.56897746,-1.958239689,-163.7069256,-44.95566334,-5.569466878,0.513532877,0.380666137,0.477057695,0.51423955,0.477403134,0.288772449,0.180799603,0.225467101,0.199833087,0.407570273
p02,575396.734,1.656,NOD,19,50,-1.003071727,-40.55286279,-1.781135682,-163.9510908,-44.93954866,-5.392362871,0.514035344,0.380403429,0.47716701,0.514210105,0.47752437,0.288704872,0.180247962,0.225505233,0.202559705,0.40663605
p02,575396.765,1.687,NOD,19,51,-1.316390071,-40.9750752,-1.846589258,-164.2644091,-45.36176108,-5.457816448,0.514133215,0.380228788,0.47749269,0.51424098,0.477186546,0.288699642,0.179556102,0.225541338,0.205766715,0.405819822
p02,575396.812,1.734,NOD,19,52,-24.2726206,-39.98230488,-167.5031492,172.7793603,-44.36899076,-171.1143763,0.514365852,0.37903285,0.47778511,0.514214277,0.476476043,0.288473099,0.179460317,0.225741178,0.21113196,0.40116629
p02,575396.843,1.765,NOD,19,53,-1.746619436,-41.08967277,-1.648991376,-164.6946385,-45.47635865,-5.260218565,0.513846815,0.378872544,0.47694394,0.514195979,0.476863638,0.288187653,0.180002123,0.226008326,0.205459671,0.401245797
p02,575396.875,1.797,NOD,19,54,-1.82018289,-40.57280715,-1.469056815,-164.768202,-44.95949303,-5.080284005,0.51369977,0.378287584,0.477473855,0.513901472,0.477410078,0.288363695,0.179602623,0.225537777,0.202055467,0.398708765
p02,575396.906,1.828,NOD,19,55,-2.162726397,-40.37867688,-1.287570378,-165.1107455,-44.76536275,-4.898797567,0.513272822,0.378184676,0.477111101,0.51385963,0.476802915,0.288520575,0.18039465,0.225339055,0.202167341,0.397907507
p02,575396.937,1.859,NOD,19,56,-2.239606306,-39.92805711,-1.264044518,-165.1876254,-44.31474298,-4.875271707,0.512252092,0.378479034,0.476801455,0.513680935,0.476179376,0.28885664,0.180915266,0.224824294,0.199390117,0.398633046
p02,575396.968,1.89,NOD,19,57,-2.130152436,-39.06110467,-1.108620707,-165.0781715,-43.44779055,-4.719847896,0.510402977,0.379380465,0.475718319,0.513948321,0.475309297,0.289362818,0.183269382,0.224585503,0.191486869,0.400816817
p02,575397,1.922,NOD,19,58,-1.846922688,-38.98186115,-1.250260156,-164.7949417,-43.36854702,-4.861487345,0.508809507,0.380486429,0.47481662,0.515391469,0.47433719,0.28974013,0.184531033,0.225651339,0.186810402,0.402152715
p02,575397.046,1.968,NOD,19,59,-1.790854247,-39.12571346,-1.519026244,-164.7388733,-43.51239933,-5.130253433,0.507197797,0.381517649,0.47364977,0.516524553,0.472502351,0.290000722,0.186373532,0.226523831,0.186160804,0.404005734
p02,575397.078,2,NOD,19,60,-1.096952034,-38.02881636,-1.422908635,-164.0449711,-42.41550224,-5.034135824,0.505568385,0.382708043,0.472479731,0.517077446,0.472151533,0.290297344,0.187607467,0.226780102,0.178121121,0.40749033
p02,575399.609,0,NOD,20,0,10.61399436,24.88654307,-0.540965976,-152.3340247,20.49985719,-4.152193166,0.254989892,0.488003135,0.303034335,0.585598469,0.262373671,0.369838029,0.202656239,0.21576044,-0.036434993,0.547668079
p02,575399.64,0.031,NOD,20,1,9.556352732,25.17959407,-0.603003939,-153.3916663,20.79290819,-4.214231128,0.255278915,0.484103918,0.302747488,0.583692074,0.263267592,0.366302043,0.202950865,0.217390031,-0.039362613,0.541891799
p02,575399.671,0.062,NOD,20,2,9.19376841,24.55629629,-0.633120935,-153.7542507,20.16961042,-4.244348124,0.255948961,0.479714185,0.302432209,0.582084775,0.263211161,0.36099793,0.205176935,0.221086845,-0.035394817,0.536966616
p02,575399.703,0.094,NOD,20,3,7.641636468,25.32768071,-0.813760505,-155.3063826,20.94099484,-4.424987694,0.253310502,0.471205622,0.302241087,0.578817427,0.263195142,0.355207041,0.202047169,0.223610386,-0.04892244,0.5187531
p02,575399.75,0.141,NOD,20,4,7.206471916,24.26788976,-0.552400069,-155.7415471,19.88120388,-4.163627259,0.250912011,0.462947249,0.299007833,0.574692428,0.261789903,0.347867712,0.204768598,0.226824716,-0.053122854,0.507350077
p02,575399.765,0.156,NOD,20,5,6.622481015,23.46186624,-0.573677296,-156.325538,19.07518036,-4.184904485,0.250351757,0.452875346,0.296634704,0.569049478,0.259564564,0.339134082,0.210883826,0.229915395,-0.043686645,0.494709211
p02,575399.812,0.203,NOD,20,6,4.346097479,24.02309431,-0.454239914,-158.6019216,19.63640843,-4.065467103,0.247155532,0.441446781,0.29308942,0.563103676,0.259203196,0.330263674,0.210945457,0.232840002,-0.057112694,0.477508616
p02,575399.843,0.234,NOD,20,7,2.046283339,25.16117433,-0.112478494,-160.9017357,20.77448846,-3.723705684,0.242733181,0.428156734,0.287663609,0.55706805,0.258091986,0.319200948,0.211629301,0.237867102,-0.072574098,0.458053193
p02,575399.875,0.266,NOD,20,8,0.379020013,25.31161387,-0.139122494,-162.568999,20.92492799,-3.750349683,0.241532803,0.414320529,0.285410821,0.552573562,0.256521612,0.307972312,0.215064555,0.24460125,-0.069694468,0.434781984
p02,575399.906,0.297,NOD,20,9,-1.184892389,25.50992138,-0.193384239,-164.1329115,21.12323551,-3.804611428,0.238002986,0.402151853,0.281847298,0.545413613,0.255085289,0.297521681,0.214769542,0.247891933,-0.079537832,0.422079779
p02,575399.937,0.328,NOD,20,10,-3.001043158,24.34706791,-0.984230037,-165.9490622,19.96038204,-4.595457227,0.237059653,0.387302488,0.278992653,0.53459388,0.253583208,0.288406238,0.216339394,0.246187642,-0.076377929,0.401710863
p02,575399.984,0.375,NOD,20,11,-4.646250041,23.93823419,-1.994789455,-167.5942691,19.55154831,-5.606016644,0.237218872,0.377392709,0.280047745,0.528976023,0.253150195,0.282900989,0.215313479,0.246075034,-0.073991295,0.383995559
p02,575400.015,0.406,NOD,20,12,-5.582746789,23.83740693,-2.258405682,-168.5307659,19.45072105,-5.869632872,0.23819983,0.371262342,0.280242056,0.523746967,0.25396242,0.278929412,0.21340473,0.244817555,-0.07386242,0.377149953
p02,575400.046,0.437,NOD,20,13,-5.607591805,22.9003289,-2.882756105,-168.5556109,18.51364302,-6.493983294,0.238574028,0.368520588,0.281882226,0.522021949,0.253373176,0.278054073,0.214814186,0.243967876,-0.068892786,0.370813223
p02,575400.078,0.469,NOD,20,14,-5.202402937,23.62914302,-2.682366045,-168.150422,19.24245715,-6.293593234,0.238899142,0.369027019,0.281916142,0.521896958,0.253809296,0.277429879,0.214503288,0.24446708,-0.069510142,0.374680877
p02,575400.109,0.5,NOD,20,15,-5.149644344,23.74966679,-2.652428854,-168.0976634,19.36298091,-6.263656043,0.23907578,0.369452566,0.282214761,0.521881163,0.254095748,0.277528346,0.214497805,0.244352818,-0.070023878,0.37619464
p02,575400.156,0.547,NOD,20,16,-4.199734279,23.3166493,-2.416253615,-167.1477533,18.92996342,-6.027480804,0.239191234,0.372049719,0.282365084,0.522196054,0.253984548,0.278484136,0.21487996,0.243711919,-0.06884455,0.383918783
p02,575400.171,0.562,NOD,20,17,-3.883004868,23.39011707,-2.138190352,-166.8310239,19.00343119,-5.749417542,0.239742279,0.373590291,0.282294065,0.523040652,0.254466072,0.279144019,0.215234965,0.243896633,-0.068407996,0.387238931
p02,575400.218,0.609,NOD,20,18,-3.79151328,23.3355711,-1.881477337,-166.7395323,18.94888523,-5.492704526,0.240252122,0.374778956,0.282176077,0.523441195,0.25504712,0.279617846,0.215122253,0.243823349,-0.068774837,0.390287109
p02,575400.25,0.641,NOD,20,19,-3.902678113,23.33595808,-1.816961866,-166.8506972,18.94927221,-5.428189055,0.240495443,0.375192255,0.282049894,0.52423656,0.255355969,0.280136883,0.215284079,0.244099677,-0.069027518,0.389412116
p02,575400.265,0.656,NOD,20,20,-3.863612103,23.41815614,-1.752721162,-166.8116312,19.03147026,-5.363948351,0.240575507,0.376493901,0.282284617,0.524364233,0.255950287,0.280928731,0.215113461,0.243435502,-0.071472885,0.392568747
p02,575400.312,0.703,NOD,20,21,-4.000254512,23.32372534,-1.747746042,-166.9482736,18.93703946,-5.358973231,0.241755575,0.377151012,0.28295359,0.525028586,0.256828323,0.281691,0.214797765,0.243337587,-0.070171811,0.392294565
p02,575400.343,0.734,NOD,20,22,-3.345537718,23.14863772,-1.761033766,-166.2935568,18.76195184,-5.372260955,0.242070451,0.379067183,0.283751547,0.525862932,0.256437585,0.282643884,0.215076536,0.243219048,-0.066800097,0.396446327
p02,575400.375,0.766,NOD,20,23,-3.342369694,23.20252198,-1.698031119,-166.2903888,18.8158361,-5.309258308,0.24217993,0.37934342,0.283813179,0.526392341,0.256599538,0.282638103,0.214450449,0.243754238,-0.067239812,0.396732866
p02,575400.406,0.797,NOD,20,24,-3.083367236,23.48091546,-1.662482277,-166.0313863,19.09422959,-5.273709467,0.242244631,0.37999928,0.284218192,0.526839972,0.256525621,0.282704815,0.213858157,0.244135156,-0.066777858,0.398527054
p02,575400.437,0.828,NOD,20,25,-3.020782033,23.56384724,-1.652591803,-165.9688011,19.17716136,-5.263818992,0.242429912,0.380216181,0.284770876,0.526904225,0.256841846,0.282791942,0.213881195,0.244112283,-0.067382893,0.399096013
p02,575400.468,0.859,NOD,20,26,-2.80148571,23.34671645,-1.644407037,-165.7495048,18.96003058,-5.255634226,0.242566854,0.380370677,0.28477937,0.526739836,0.256720185,0.282991275,0.214143813,0.243748561,-0.066092647,0.399507595
p02,575400.515,0.906,NOD,20,27,-2.992502906,23.44584763,-1.658410758,-165.940522,19.05916175,-5.269637947,0.242483735,0.379992366,0.284921288,0.52657932,0.256955445,0.282893747,0.214557052,0.243685573,-0.067449238,0.398458626
p02,575400.546,0.937,NOD,20,28,-2.847769706,23.09723834,-1.729430269,-165.7957888,18.71055246,-5.340657459,0.243023604,0.380391359,0.285058022,0.526530802,0.25686349,0.28296639,0.214728266,0.243564412,-0.064453022,0.399996733
p02,575400.578,0.969,NOD,20,29,-3.202529211,23.49869171,-1.636511324,-166.1505483,19.11200583,-5.247738514,0.242970243,0.380901307,0.284722835,0.526873827,0.257752478,0.283366621,0.214466572,0.243507206,-0.06892559,0.400541272
p02,575400.609,1,NOD,20,30,-2.886645692,23.26603942,-1.505104049,-165.8346648,18.87935354,-5.116331239,0.24342601,0.382016033,0.284875333,0.527245402,0.258119792,0.284239426,0.214265049,0.243005976,-0.068577595,0.402362972
p02,575400.64,1.031,NOD,20,31,-3.167527318,23.64028601,-1.481867922,-166.1155464,19.25360013,-5.093095111,0.243573025,0.382423699,0.284877032,0.527778864,0.258629441,0.284520388,0.214451879,0.243258476,-0.070208834,0.402466186
p02,575400.671,1.062,NOD,20,32,-2.386465677,23.31429071,-1.500231089,-165.3344847,18.92760483,-5.111458278,0.243895411,0.383111805,0.285777569,0.528493166,0.257904038,0.284874588,0.215408057,0.243618578,-0.065032973,0.403241893
p02,575400.703,1.094,NOD,20,33,-2.851784437,23.57598312,-1.57014098,-165.7998035,19.18929725,-5.181368169,0.244185045,0.383265227,0.285743505,0.528237581,0.258459881,0.28501381,0.214668244,0.243223771,-0.066497193,0.40395483
p02,575400.75,1.141,NOD,20,34,-2.627834514,23.63520871,-1.429893952,-165.5758536,19.24852283,-5.041121141,0.243940666,0.383929282,0.285624892,0.5289464,0.258531913,0.284980744,0.214563251,0.243965656,-0.068004408,0.405583885
p02,575400.781,1.172,NOD,20,35,-2.324468608,23.31526028,-1.504576042,-165.2724877,18.92857441,-5.115803232,0.244036898,0.383998513,0.286178231,0.529029369,0.258230045,0.285350144,0.214414299,0.243679225,-0.066194967,0.404828804
p02,575400.812,1.203,NOD,20,36,-2.578756221,23.46909128,-1.47613926,-165.5267753,19.0824054,-5.08736645,0.244207457,0.383732855,0.286361635,0.528653443,0.258838266,0.285020202,0.214036256,0.24363324,-0.068356687,0.405169068
p02,575400.843,1.234,NOD,20,37,-2.569801296,23.84228267,-1.354715095,-165.5178204,19.45559679,-4.965942285,0.244014576,0.383373559,0.286306262,0.52846396,0.259149246,0.284908384,0.213273972,0.243555576,-0.070963511,0.404282161
p02,575400.875,1.266,NOD,20,38,-2.547539638,23.65013946,-1.281202491,-165.4955587,19.26345358,-4.89242968,0.24458921,0.3833763,0.286424339,0.528383017,0.259507254,0.284773409,0.21336633,0.243609607,-0.069917518,0.404757809
p02,575400.906,1.297,NOD,20,39,-2.747493294,23.6469195,-1.224170528,-165.6955124,19.26023362,-4.835397718,0.245215043,0.383272052,0.286533833,0.528305471,0.260204524,0.284628317,0.213503525,0.243677154,-0.07020718,0.404813227
p02,575400.953,1.344,NOD,20,40,-2.427908741,23.42926996,-1.146255122,-165.3759278,19.04258409,-4.757482311,0.245928079,0.383415729,0.287065446,0.527882338,0.260585383,0.284705669,0.213814244,0.243176669,-0.068551577,0.405919123
p02,575400.968,1.359,NOD,20,41,-2.635399133,23.88908763,-0.930798246,-165.5834182,19.50240175,-4.542025435,0.246273458,0.383392721,0.286879271,0.527997613,0.261439323,0.284554169,0.213187188,0.243443444,-0.071138728,0.406002113
p02,575401.015,1.406,NOD,20,42,-2.50019225,23.95247203,-0.983421997,-165.4482113,19.56578615,-4.594649187,0.246381834,0.383358657,0.287370652,0.527555287,0.261634834,0.284929767,0.21362114,0.24262552,-0.071402109,0.405682346
p02,575401.046,1.437,NOD,20,43,-2.266102378,23.99942375,-0.882718597,-165.2141214,19.61273788,-4.493945787,0.246792853,0.383778095,0.287859738,0.528114557,0.261807352,0.284693182,0.213318378,0.243421376,-0.0703854,0.407050997
p02,575401.078,1.469,NOD,20,44,-2.175903619,24.255756,-0.79949186,-165.1239227,19.86907012,-4.410719049,0.246959955,0.383992314,0.288186371,0.52857101,0.262101308,0.284259915,0.213347375,0.244311094,-0.070970421,0.408218871
p02,575401.109,1.5,NOD,20,45,-2.234677581,24.1855567,-0.794747717,-165.1826966,19.79887082,-4.405974907,0.247034714,0.383921593,0.287981123,0.528297186,0.262189925,0.284119695,0.212877363,0.24417749,-0.071192215,0.408726856
p02,575401.14,1.531,NOD,20,46,-2.146480234,24.05181748,-0.877707618,-165.0944993,19.6651316,-4.488934807,0.247359067,0.383772016,0.288266033,0.528273702,0.262110904,0.284127623,0.213286996,0.244146079,-0.069164257,0.408134315
p02,575401.171,1.562,NOD,20,47,-2.263382442,24.13423207,-0.768518185,-165.2114015,19.74754619,-4.379745375,0.247773707,0.383734912,0.288319319,0.528011143,0.262697518,0.283938035,0.213729113,0.244073108,-0.069825822,0.408881082
p02,575401.203,1.594,NOD,20,48,-1.968282091,24.23212721,-0.74147685,-164.9163012,19.84544133,-4.352704039,0.247378767,0.383816659,0.288319945,0.528412759,0.262254238,0.284004539,0.213145047,0.24440822,-0.069790369,0.408382828
p02,575401.234,1.625,NOD,20,49,-2.405558199,24.48580483,-0.664925418,-165.3535773,20.09911895,-4.276152608,0.247570604,0.383651197,0.288326502,0.528389931,0.263051376,0.2837549,0.212898523,0.244635031,-0.072714322,0.408348292
p02,575401.265,1.656,NOD,20,50,-1.946467267,23.86505997,-0.82728195,-164.8944863,19.4783741,-4.43850914,0.247897372,0.383728713,0.288937569,0.528262675,0.262534618,0.283855706,0.213898659,0.244406968,-0.068430755,0.408634038
p02,575401.312,1.703,NOD,20,51,-2.311072003,24.24497892,-0.706319632,-165.2590911,19.85829305,-4.317546822,0.248054788,0.383747041,0.288591325,0.528212011,0.263142549,0.283513039,0.214104787,0.244698972,-0.07046905,0.409621672
p02,575401.343,1.734,NOD,20,52,-1.873056341,24.13641074,-0.782103532,-164.8210754,19.74972487,-4.393330721,0.247892216,0.38366273,0.289109856,0.528713465,0.262563303,0.283653855,0.213753343,0.245059609,-0.068635592,0.408100198
p02,575401.375,1.766,NOD,20,53,-2.098402661,23.95299135,-0.892268572,-165.0464217,19.56630548,-4.503495761,0.248038381,0.383701473,0.289191425,0.528536081,0.262715116,0.283717349,0.213781565,0.244818732,-0.068652949,0.408400629
p02,575401.406,1.797,NOD,20,54,-2.124398682,24.16723218,-0.954863879,-165.0724177,19.78054631,-4.566091069,0.247965366,0.383376658,0.289215654,0.527990937,0.262638859,0.283902198,0.21321854,0.244088739,-0.068819033,0.407533999
p02,575401.453,1.844,NOD,20,55,-1.892946479,24.29124691,-0.856881822,-164.8409655,19.90456104,-4.468109012,0.247598022,0.384049445,0.289023191,0.528477609,0.26234898,0.283916265,0.213700771,0.244561344,-0.069026225,0.409439934
p02,575401.468,1.859,NOD,20,56,-2.023422154,24.27085594,-0.881889033,-164.9714412,19.88417006,-4.493116223,0.247425169,0.383983493,0.288735121,0.528809547,0.262139946,0.283946097,0.213317379,0.244863451,-0.068980678,0.408543602
p02,575401.515,1.906,NOD,20,57,-2.108640532,24.4013056,-0.799467159,-165.0566596,20.01461972,-4.410694348,0.246757224,0.384280205,0.288240224,0.528578937,0.262113914,0.284225702,0.212966681,0.244353235,-0.072108415,0.409466658
p02,575401.578,1.969,NOD,20,58,-2.204215164,24.42022074,-0.880179128,-165.1522342,20.03353486,-4.491406317,0.246906877,0.383951277,0.288278133,0.52833128,0.262131728,0.284411967,0.212720037,0.243919313,-0.07157225,0.408082937
p02,575401.593,1.984,NOD,20,59,-2.203491215,24.47769368,-0.827138856,-165.1515103,20.09100781,-4.438366045,0.246773079,0.384247065,0.288050711,0.528651834,0.262154013,0.284500793,0.212902665,0.244151041,-0.072243971,0.4085433
p02,575401.625,2.016,NOD,20,60,-2.122608025,24.57193703,-0.760729884,-165.0706271,20.18525115,-4.371957074,0.246623605,0.384525597,0.287893832,0.528658152,0.261996239,0.28452222,0.212490648,0.244135931,-0.072344991,0.409621706
p02,575404.437,0,NOD,21,0,-1.167506297,22.02457766,-3.359593124,-164.1155254,17.63789179,-6.970820314,0.075630501,0.404334873,0.135021627,0.54856205,0.093268137,0.297811568,0.224094003,0.250750482,-0.078706419,0.424817948
p02,575404.468,0.031,NOD,21,1,-1.185689639,21.79303054,-3.486424481,-164.1337087,17.40634467,-7.097651671,0.076602153,0.403973937,0.135968164,0.549172699,0.093625024,0.297791883,0.22526212,0.251380816,-0.075569166,0.422395214
p02,575404.5,0.063,NOD,21,2,-1.52578011,22.13511868,-3.181421028,-164.4737992,17.74843281,-6.792648218,0.077982262,0.403698355,0.136708662,0.550028682,0.096056797,0.297247037,0.225283988,0.252781644,-0.080230002,0.42111965
p02,575404.546,0.109,NOD,21,3,-1.242755136,22.15769159,-3.040697933,-164.1907742,17.77100572,-6.651925123,0.0806816,0.404536754,0.139067084,0.550612688,0.098257929,0.29715988,0.224006169,0.253452808,-0.078463596,0.423656279
p02,575404.578,0.141,NOD,21,4,0.638082996,22.60484121,-2.878526342,-162.3099361,18.21815533,-6.489753531,0.087774441,0.411759019,0.147178575,0.554037571,0.10352144,0.303090125,0.220869355,0.250947446,-0.071295538,0.433034468
p02,575404.609,0.172,NOD,21,5,3.101515597,23.84926584,-2.620849182,-159.8465035,19.46257997,-6.232076371,0.097941898,0.426638752,0.160771519,0.560050249,0.112038936,0.310962498,0.220700569,0.249087751,-0.063874048,0.464399609
p02,575404.64,0.203,NOD,21,6,3.984292973,24.61369956,-2.544603343,-158.9637261,20.22701368,-6.155830532,0.107550457,0.43861711,0.170069233,0.565267205,0.120998662,0.320373192,0.220355459,0.244894013,-0.061029597,0.482837112
p02,575404.671,0.234,NOD,21,7,6.623809091,24.18243751,-2.11525793,-156.32421,19.79575164,-5.726485119,0.115759507,0.450795859,0.178558916,0.569939256,0.126925576,0.328905836,0.217172697,0.24103342,-0.051415624,0.505697606
p02,575404.703,0.266,NOD,21,8,7.326441621,24.76846418,-2.190583212,-155.6215774,20.38177831,-5.801810401,0.124487057,0.461104304,0.186406389,0.575663626,0.134473041,0.339090049,0.214171119,0.236573577,-0.04662619,0.515756053
p02,575404.75,0.313,NOD,21,9,8.702873231,24.93100616,-1.85908626,-154.2451458,20.54432028,-5.470313449,0.130325899,0.471220702,0.191734359,0.581228971,0.139185362,0.346249387,0.210492186,0.234979585,-0.042089273,0.531839033
p02,575404.765,0.328,NOD,21,10,9.070315682,24.2980389,-2.3277593,-153.8777034,19.91135302,-5.93898649,0.135116458,0.477680862,0.195736736,0.584570825,0.143137101,0.352817401,0.208016612,0.231753424,-0.038557705,0.5387772
p02,575404.812,0.375,NOD,21,11,9.866660149,22.98383373,-2.013861897,-153.0813589,18.59714785,-5.625089086,0.138135195,0.481061608,0.197604761,0.584908485,0.146147624,0.35508962,0.211374514,0.229818866,-0.037906315,0.548135974
p02,575404.843,0.406,NOD,21,12,8.757596386,21.8143207,-2.154293331,-154.1904227,17.42763482,-5.76552052,0.14038825,0.477158546,0.198175028,0.583188653,0.14893825,0.352213323,0.21121788,0.23097533,-0.040479525,0.540946184
p02,575404.875,0.438,NOD,21,13,-15.18573378,58.44962787,165.6369037,-178.1337528,54.062942,162.0256765,0.140535802,0.470194876,0.198628992,0.580808222,0.151353292,0.34649159,0.209582709,0.234316632,-0.051614423,0.527932161
p02,575404.906,0.469,NOD,21,14,5.59072666,21.20133132,-1.86812069,-157.3572924,16.81464544,-5.47934788,0.142254815,0.455872744,0.196025372,0.574957252,0.151530776,0.334267512,0.217742465,0.24068974,-0.042600609,0.505236462
p02,575404.953,0.516,NOD,21,15,3.241885542,20.42466643,-1.547353393,-159.7061335,16.03798055,-5.158580583,0.141001105,0.441643715,0.191063106,0.568774104,0.152194951,0.32241644,0.222480647,0.246357664,-0.050313794,0.483960081
p02,575404.968,0.531,NOD,21,16,0.884253731,19.83100639,-1.702472536,-162.0637653,15.44432051,-5.313699725,0.140893787,0.422950983,0.189896077,0.559989929,0.153373256,0.310159296,0.226406313,0.249830633,-0.055119793,0.451472607
p02,575405.046,0.609,NOD,21,17,-0.870068183,19.23007349,-2.061041208,-163.8180872,14.84338762,-5.672268398,0.140320316,0.407463104,0.18703948,0.552876115,0.152219664,0.298364967,0.229494072,0.254511148,-0.051850352,0.428657595
p02,575405.062,0.625,NOD,21,18,-2.218608087,17.15493134,-2.29944367,-165.1666271,12.76824546,-5.91067086,0.142450482,0.395503104,0.185922325,0.545166612,0.152978007,0.290235698,0.234899461,0.254930913,-0.044817153,0.412925228
p02,575405.078,0.641,NOD,21,19,-2.840973456,17.81627113,-2.213116124,-165.7889925,13.42958525,-5.824343313,0.140658751,0.389231801,0.185426995,0.541194439,0.15330445,0.285159677,0.23339431,0.256034762,-0.054181694,0.406476539
p02,575405.109,0.672,NOD,21,20,-3.98621705,17.45597855,-2.557101946,-166.9342361,13.06929268,-6.168329136,0.14172262,0.383895099,0.185933843,0.539699018,0.154398173,0.282940373,0.232834183,0.256758645,-0.054440261,0.3931892
p02,575405.125,0.688,NOD,21,21,-3.842027858,17.98839259,-2.433350868,-166.7900469,13.60170671,-6.044578057,0.140661314,0.38440454,0.185485438,0.538346469,0.154376041,0.282814562,0.232089341,0.255531907,-0.059092447,0.397562789
p02,575405.171,0.734,NOD,21,22,-4.139785384,18.11782309,-2.114862555,-167.0878044,13.73113721,-5.726089744,0.140782803,0.384115905,0.184589893,0.537418902,0.1554402,0.282623693,0.231564611,0.254795209,-0.063297223,0.398328571
p02,575405.218,0.781,NOD,21,23,-3.930374839,18.91608029,-1.811841507,-166.8783939,14.52939441,-5.423068696,0.140297696,0.385337293,0.184775308,0.537680268,0.156244669,0.283647075,0.230275758,0.254033193,-0.069251637,0.400302876
p02,575405.234,0.797,NOD,21,24,-3.956522605,18.8849718,-1.956918385,-166.9045417,14.49828593,-5.568145575,0.140052333,0.38455686,0.185299218,0.53755641,0.15609201,0.283186674,0.229617395,0.254369736,-0.069853928,0.398515119
p02,575405.281,0.844,NOD,21,25,-3.375446786,18.96135147,-1.727550172,-166.3234658,14.57466559,-5.338777361,0.141235322,0.387378037,0.186132312,0.53868264,0.156640057,0.284947395,0.230860822,0.253735244,-0.066727367,0.403691028
p02,575405.312,0.875,NOD,21,26,-3.553364212,19.48721741,-1.607533001,-166.5013833,15.10053154,-5.21876019,0.14021647,0.388878226,0.185234144,0.538920641,0.156819426,0.285431653,0.230670437,0.253488988,-0.071976955,0.408090994
p02,575405.328,0.891,NOD,21,27,-3.491778569,19.12748067,-1.755351018,-166.4397976,14.74079479,-5.366578208,0.140596762,0.389079243,0.185550794,0.539038956,0.156599388,0.285516426,0.230486639,0.25352253,-0.069429731,0.408495517
p02,575405.375,0.938,NOD,21,28,-3.257764798,19.18016236,-1.667728445,-166.2057839,14.79347648,-5.278955634,0.140754834,0.390749216,0.185944691,0.539864898,0.156944726,0.287271246,0.230744526,0.252593651,-0.070163709,0.409661799
p02,575405.421,0.984,NOD,21,29,-2.66246821,19.06847186,-1.670719397,-165.6104873,14.68178598,-5.281946586,0.141642451,0.392574906,0.186759546,0.540258288,0.156915173,0.287630379,0.230903551,0.252627909,-0.066143295,0.415411454
p02,575405.437,1,NOD,21,30,-2.797534783,19.01516762,-1.695475684,-165.7455538,14.62848175,-5.306702873,0.141472206,0.392872632,0.18640089,0.540256143,0.156965673,0.287643924,0.230412468,0.252612218,-0.067242314,0.416562223
p02,575405.468,1.031,NOD,21,31,-2.915169619,18.86015429,-1.684493594,-165.8631887,14.47346842,-5.295720784,0.142692074,0.393198878,0.186520621,0.540629506,0.157694522,0.28807424,0.230072603,0.252555266,-0.065207452,0.416244092
p02,575405.515,1.078,NOD,21,32,-2.547610008,18.82510054,-1.59534222,-165.4956291,14.43841467,-5.206569409,0.143143743,0.393978328,0.187443361,0.540896475,0.158194318,0.288277954,0.230121545,0.252618521,-0.065402721,0.418418939
p02,575405.531,1.094,NOD,21,33,-2.256215961,18.66836998,-1.619680943,-165.204235,14.2816841,-5.230908132,0.143407747,0.394096583,0.188161984,0.540631473,0.158126153,0.288131148,0.230770476,0.252500325,-0.063779415,0.41966455
p02,575405.578,1.141,NOD,21,34,-2.631618704,18.87275622,-1.56708954,-165.5796378,14.48607035,-5.178316729,0.144017875,0.394271582,0.187941879,0.541546762,0.159015834,0.288642541,0.230679408,0.252904221,-0.065016463,0.41766421
p02,575405.609,1.172,NOD,21,35,-1.960144904,18.71677926,-1.567860929,-164.908164,14.33009338,-5.179088118,0.14453873,0.395326138,0.189209402,0.541298628,0.158918217,0.288748488,0.230941787,0.25255014,-0.06226455,0.422005902
p02,575405.625,1.188,NOD,21,36,-1.931003633,18.74840431,-1.509860048,-164.8790227,14.36171843,-5.121087238,0.144499183,0.395605683,0.188988417,0.541553795,0.15893485,0.288736135,0.230969511,0.252817661,-0.062500317,0.422713937
p02,575405.671,1.234,NOD,21,37,-1.889706734,19.04139402,-1.317249785,-164.8377258,14.65470814,-4.928476974,0.14449659,0.396187633,0.189293146,0.542451978,0.159442492,0.289898619,0.231132671,0.252553359,-0.064663736,0.420857655
p02,575405.718,1.281,NOD,21,38,-1.878758,18.875404,-1.372084202,-164.8267771,14.48871813,-4.983311392,0.144577578,0.396824121,0.189837664,0.542654872,0.159708954,0.290060923,0.231061414,0.252593949,-0.065486385,0.422667286
p02,575405.718,1.281,NOD,21,39,-1.977349063,19.0776649,-1.320272484,-164.9253681,14.69097903,-4.931499673,0.144447178,0.397082388,0.189405113,0.543407321,0.159672774,0.290158823,0.230927147,0.253248498,-0.065932468,0.422208093
p02,575405.781,1.344,NOD,21,40,-1.744093662,18.80970197,-1.297869038,-164.6921127,14.42301609,-4.909096227,0.144775167,0.398087025,0.189956844,0.543722987,0.159922387,0.290516242,0.231039673,0.253206745,-0.065561123,0.424833795
p02,575405.812,1.375,NOD,21,41,-1.847727103,18.76827775,-1.413938893,-164.7957462,14.38159188,-5.025166083,0.145326525,0.398189217,0.190040082,0.54402554,0.159917101,0.291031897,0.230894819,0.252993643,-0.063191441,0.423557361
p02,575405.828,1.391,NOD,21,42,-1.751270755,18.75543626,-1.422641562,-164.6992898,14.36875039,-5.033868751,0.145358607,0.398174971,0.190153122,0.543803275,0.159835886,0.290994063,0.230538934,0.252809212,-0.062797545,0.423959664
p02,575405.875,1.438,NOD,21,43,-1.824314607,18.76288372,-1.361347644,-164.7723337,14.37619784,-4.972574833,0.145471856,0.398466319,0.190170765,0.544633925,0.160215549,0.291146591,0.230515197,0.253487334,-0.063959745,0.423373137
p02,575405.906,1.469,NOD,21,44,-1.648668243,18.77921048,-1.438645636,-164.5966873,14.3925246,-5.049872826,0.146012619,0.398495853,0.190789193,0.544297218,0.160209596,0.290985256,0.230900295,0.253311962,-0.061485313,0.424419738
p02,575405.921,1.484,NOD,21,45,-1.69275917,18.82828252,-1.377147607,-164.6407782,14.44159664,-4.988374796,0.145942122,0.398416102,0.190588251,0.544542491,0.160238884,0.29101795,0.231017664,0.253524542,-0.061886015,0.423620339
p02,575405.968,1.531,NOD,21,46,-1.724769616,18.73517716,-1.461710745,-164.6727887,14.34849128,-5.072937934,0.146195993,0.398358315,0.191065177,0.544480205,0.160448819,0.291068569,0.231660686,0.253411636,-0.061524581,0.423381295
p02,575405.984,1.547,NOD,21,47,-1.835497108,18.65934527,-1.448119984,-164.7835162,14.27265939,-5.059347173,0.146338433,0.398344696,0.190741271,0.544556618,0.160444465,0.2911641,0.231561869,0.253392518,-0.060916901,0.42298248
p02,575406.015,1.578,NOD,21,48,-1.75568166,18.45642139,-1.49775152,-164.7037007,14.06973551,-5.108978709,0.146594658,0.398360014,0.191076204,0.544598997,0.16046045,0.291355997,0.231597401,0.253242999,-0.059870237,0.422534944
p02,575406.078,1.641,NOD,21,49,-1.901939667,18.41754623,-1.526656384,-164.8499587,14.03086035,-5.137883573,0.14644219,0.398005038,0.190700948,0.544610679,0.160380382,0.291513637,0.23114264,0.253097042,-0.060301259,0.420753245
p02,575406.093,1.656,NOD,21,50,-1.848123298,18.53438369,-1.49716938,-164.7961424,14.14769782,-5.108396569,0.146316603,0.39825207,0.190641195,0.544474781,0.160391733,0.291396543,0.231010333,0.253078237,-0.060928574,0.422223293
p02,575406.109,1.672,NOD,21,51,-1.666040029,18.46498668,-1.470646099,-164.6140591,14.07830081,-5.081873289,0.146382064,0.398678124,0.190778881,0.544435322,0.16034086,0.291542172,0.230855748,0.25289315,-0.060465451,0.423641176
p02,575406.171,1.734,NOD,21,52,-1.535993818,18.50700677,-1.393812076,-164.4840129,14.1203209,-5.005039266,0.146103054,0.399596214,0.190735295,0.544970632,0.160166975,0.29240495,0.230897836,0.252565682,-0.060909712,0.42440946
p02,575406.187,1.75,NOD,21,53,-1.549430445,18.5545664,-1.35773326,-164.4974495,14.16788052,-4.968960449,0.146145344,0.399762392,0.190585256,0.545065224,0.160147555,0.292295918,0.231000841,0.252769306,-0.060615413,0.425156344
p02,575406.203,1.766,NOD,21,54,-1.606889096,18.38755985,-1.487313629,-164.5549082,14.00087397,-5.098540818,0.146127522,0.399989069,0.190744564,0.545651913,0.15993613,0.292984068,0.23110304,0.252667844,-0.059750871,0.423500665
p02,575406.281,1.844,NOD,21,55,-1.411711615,18.43967329,-1.456888499,-164.3597307,14.05298742,-5.068115689,0.14664641,0.400827885,0.19112283,0.546105385,0.160032153,0.293515518,0.231364645,0.252589867,-0.057855611,0.424848264
p02,575406.281,1.844,NOD,21,56,-1.519200573,18.42893117,-1.43252251,-164.4672196,14.04224529,-5.0437497,0.146561891,0.400742471,0.190757513,0.546705484,0.159940373,0.293689042,0.231583394,0.253016442,-0.05776961,0.423108585
p02,575406.312,1.875,NOD,21,57,-1.388897785,18.13736641,-1.431822359,-164.3369168,13.75068053,-5.043049548,0.147071555,0.401336789,0.191196263,0.547068477,0.160261456,0.293863982,0.231632195,0.253204495,-0.056943296,0.424450629
p02,575406.375,1.938,NOD,21,58,-1.392605057,18.10978689,-1.434277523,-164.3406241,13.72310101,-5.045504713,0.147385463,0.401643813,0.191346005,0.547723889,0.160347208,0.294187516,0.23175773,0.253536373,-0.055927995,0.423829904
p02,575406.39,1.953,NOD,21,59,-1.539781078,18.27775813,-1.473386246,-164.4878001,13.89107226,-5.084613436,0.147111893,0.401462734,0.19114387,0.547496557,0.160392821,0.29419224,0.231096677,0.253304318,-0.057469144,0.423484665
p02,575406.406,1.969,NOD,21,60,-1.627779685,18.12246466,-1.425008368,-164.5757987,13.73577879,-5.036235557,0.147135407,0.401511788,0.19105947,0.547296107,0.160728283,0.294397488,0.231107406,0.252898619,-0.058816274,0.423546403
p02,575406.468,2.031,NOD,21,61,-1.207372311,17.49574986,-1.492388933,-164.1553914,13.10906398,-5.103616122,0.14818348,0.402184665,0.192097753,0.547081947,0.160950802,0.294773549,0.232042193,0.252308398,-0.055021555,0.425713599
p02,575409.171,0,NOD,22,0,1.307374756,2.666228324,2.00575377,-161.6406443,-1.720457552,-1.605473419,0.549774766,0.427717507,0.55118686,0.564076662,0.550153255,0.31956169,0.225105852,0.244514972,-0.001681385,0.442327993
p02,575409.25,0.079,NOD,22,1,-0.853862644,8.171560605,2.807174094,-163.8018817,3.784874729,-0.804053095,0.546020389,0.417371184,0.549072087,0.55769062,0.54772453,0.313272491,0.222789645,0.244418129,-0.007649105,0.425904137
p02,575409.265,0.094,NOD,22,2,-1.139881258,9.49809069,3.037831344,-164.0879003,5.111404814,-0.573395846,0.541790724,0.410881609,0.546014607,0.552249908,0.544046476,0.307853833,0.222224444,0.244396076,-0.010150786,0.42156068
p02,575409.296,0.125,NOD,22,3,-1.804966878,10.64060586,3.064296093,-164.7529859,6.253919988,-0.546931096,0.537521124,0.405939758,0.542316377,0.548840761,0.539727896,0.304355934,0.222212195,0.244484827,-0.009930925,0.415501546
p02,575409.312,0.141,NOD,22,4,-2.722215769,13.85487518,3.682421106,-165.6702348,9.468189304,0.071193917,0.532293797,0.4032498,0.537678719,0.547517896,0.535966188,0.30347386,0.221035928,0.244044036,-0.016614454,0.408844002
p02,575409.343,0.172,NOD,22,5,-3.114517066,13.84619919,3.600413876,-166.0625361,9.459513319,-0.010813314,0.529533684,0.402728766,0.535331964,0.547285795,0.532969654,0.304108456,0.220373303,0.243177339,-0.015591586,0.405548933
p02,575409.375,0.204,NOD,22,6,-3.389521065,13.89406018,3.536902367,-166.3375401,9.507374306,-0.074324823,0.526708364,0.403593779,0.533149004,0.547379613,0.530437797,0.306025028,0.22023043,0.241354585,-0.01693423,0.404254804
p02,575409.421,0.25,NOD,22,7,-3.381224375,15.15604029,3.856219454,-166.3292434,10.76935441,0.244992264,0.524280906,0.405221939,0.530252397,0.548792064,0.528739899,0.30732888,0.219558954,0.241463184,-0.020308867,0.405416087
p02,575409.437,0.266,NOD,22,8,-3.705542108,15.79010915,3.877352942,-166.6535612,11.40342327,0.266125753,0.522821605,0.406303436,0.529283464,0.550124347,0.527534828,0.308766454,0.220293999,0.241357893,-0.021395147,0.404117636
p02,575409.484,0.313,NOD,22,9,-3.316448273,16.60472187,3.946967082,-166.2644673,12.218036,0.335739893,0.52115047,0.408181518,0.528125525,0.55166924,0.526216701,0.309892774,0.220529288,0.241776466,-0.022973052,0.406527344
p02,575409.515,0.344,NOD,22,10,-3.021330561,17.39264261,3.982800629,-165.9693496,13.00595673,0.37157344,0.519916356,0.409374863,0.527596653,0.551491857,0.525448754,0.310554147,0.219735593,0.24093771,-0.025177527,0.410150475
p02,575409.546,0.375,NOD,22,11,-2.774658186,16.9389424,3.896596602,-165.7226772,12.55225652,0.285369413,0.519912541,0.410338849,0.527607501,0.551949918,0.525317058,0.311156079,0.219851822,0.240793839,-0.024582544,0.411899117
p02,575409.578,0.407,NOD,22,12,-2.784137741,18.1585465,4.10554599,-165.7321568,13.77186063,0.494318801,0.519310594,0.410800606,0.527033567,0.552093446,0.525119036,0.311464205,0.219396979,0.240629241,-0.02647458,0.412819324
p02,575409.609,0.438,NOD,22,13,-2.665725812,16.69402963,3.773468616,-165.6137449,12.30734376,0.162241427,0.520221472,0.411238372,0.527804554,0.552374721,0.52515313,0.311701685,0.219938576,0.240673035,-0.02242289,0.413576398
p02,575409.64,0.469,NOD,22,14,-2.664884405,18.36472784,4.023337414,-165.6129035,13.97804196,0.412110224,0.519395411,0.411473811,0.527610302,0.552040756,0.5253447,0.311741441,0.218928754,0.240299314,-0.027174542,0.415033932
p02,575409.671,0.5,NOD,22,15,-2.70179068,17.29510294,3.776662504,-165.6498097,12.90841706,0.165435315,0.520477653,0.411596,0.528096914,0.552665532,0.525485158,0.311806306,0.220144719,0.240859225,-0.022746425,0.414307128
p02,575409.703,0.532,NOD,22,16,-2.577623233,18.96455008,3.99860526,-165.5256423,14.5778642,0.387378071,0.519641221,0.412091494,0.527770042,0.55204159,0.525597677,0.312159091,0.218279511,0.239882499,-0.027288205,0.416588967
p02,575409.734,0.563,NOD,22,17,-2.38633812,17.0901206,3.7665393,-165.3343572,12.70343473,0.15531211,0.52138418,0.411837429,0.528808713,0.552102804,0.525966942,0.311550394,0.219959259,0.24055241,-0.020834598,0.416903056
p02,575409.781,0.61,NOD,22,18,-1.983640831,17.70917539,3.93304859,-164.9316599,13.32248952,0.321821401,0.520721555,0.412645638,0.528180838,0.551282287,0.526054785,0.311757654,0.218788058,0.239524633,-0.024376239,0.421200872
p02,575409.812,0.641,NOD,22,19,-2.167952821,17.11630642,3.777280433,-165.1159719,12.72962054,0.166053244,0.521414936,0.411989927,0.52920723,0.552358925,0.526204929,0.311803997,0.21965009,0.240554929,-0.021807381,0.416478395
p02,575409.843,0.672,NOD,22,20,-2.052227185,17.60039765,3.852496995,-165.0002462,13.21371177,0.241269806,0.521075249,0.412567675,0.528831005,0.551680028,0.526283264,0.311731234,0.218839765,0.239948794,-0.023798305,0.420241499
p02,575409.875,0.704,NOD,22,21,-2.118300579,16.99207322,3.865937997,-165.0663196,12.60538735,0.254710808,0.521567464,0.411892265,0.528934836,0.551523447,0.52631101,0.311459124,0.219345927,0.240064323,-0.021625869,0.418359295
p02,575409.906,0.735,NOD,22,22,-1.85589272,16.38849747,3.842775341,-164.8039118,12.0018116,0.231548152,0.521566153,0.412261367,0.528678536,0.551662385,0.526095286,0.311311573,0.219456524,0.240350813,-0.020637953,0.420010205
p02,575409.937,0.766,NOD,22,23,-1.712338302,16.00626921,3.806671372,-164.6603574,11.61958333,0.195444182,0.521695852,0.412546664,0.528749704,0.551672101,0.526015759,0.31123212,0.219460249,0.240439981,-0.019684231,0.421371455
p02,575409.984,0.813,NOD,22,24,-1.667277723,16.57244832,3.939745338,-164.6152968,12.18576245,0.328518148,0.521226525,0.412730247,0.528040111,0.551750004,0.525929421,0.311387107,0.218912989,0.240362898,-0.021482946,0.421625555
p02,575410.015,0.844,NOD,22,25,-1.620375111,15.39692246,3.69055003,-164.5683942,11.01023658,0.07932284,0.521754384,0.412629664,0.528635979,0.550845623,0.525790423,0.311405048,0.219483584,0.239440575,-0.018388797,0.422754648
p02,575410.046,0.875,NOD,22,26,-1.567355697,15.47728178,3.763431307,-164.5153748,11.0905959,0.152204118,0.521363258,0.412636578,0.528000653,0.55164206,0.525489807,0.311436668,0.219136059,0.240205392,-0.018830989,0.421305738
p02,575410.078,0.907,NOD,22,27,-1.454839829,14.88339067,3.72508315,-164.4028589,10.4967048,0.113855961,0.521392822,0.413002014,0.527866781,0.551650822,0.525336742,0.3115049,0.218860388,0.240145922,-0.018020256,0.422647668
p02,575410.109,0.938,NOD,22,28,-1.345445398,14.42748001,3.690461994,-164.2934645,10.04079414,0.079234805,0.521494806,0.41332823,0.527623355,0.551735818,0.525209442,0.311787263,0.218814373,0.239948556,-0.016976197,0.423178074
p02,575410.14,0.969,NOD,22,29,-1.499780669,14.6162406,3.813754078,-164.4477997,10.22955473,0.202526889,0.521308541,0.413196295,0.527404368,0.552363157,0.525239721,0.312118128,0.2189008,0.240245029,-0.017958727,0.420729485
p02,575410.171,1,NOD,22,30,-1.131306125,14.50338458,3.821149326,-164.0793252,10.11669871,0.209922136,0.521323264,0.414192438,0.527793109,0.552036166,0.525428101,0.312111422,0.21900624,0.239924744,-0.018743017,0.425470979
p02,575410.218,1.047,NOD,22,31,-1.445720119,14.86626864,3.964143932,-164.3937392,10.47958276,0.352916742,0.521310747,0.413939744,0.527525663,0.552046418,0.525904432,0.312504813,0.21886313,0.239541605,-0.020988849,0.423454335
p02,575410.25,1.079,NOD,22,32,-1.426404256,14.89864506,4.112489784,-164.3744233,10.51195919,0.501262595,0.521369696,0.413975269,0.527075171,0.552215993,0.526115313,0.312543541,0.218582183,0.239672452,-0.021710907,0.423209787
p02,575410.281,1.11,NOD,22,33,-1.248063225,14.76917,4.151859128,-164.1960823,10.38248412,0.540631938,0.521613419,0.414464623,0.527224302,0.551866651,0.526407123,0.312846377,0.218482673,0.239020273,-0.021940887,0.42514488
p02,575410.312,1.141,NOD,22,34,-1.227335961,14.4464301,4.13380071,-164.175355,10.05974422,0.522573521,0.522140563,0.414800018,0.527527452,0.551902771,0.526523367,0.31300734,0.218987465,0.238895431,-0.020013949,0.426097216
p02,575410.343,1.172,NOD,22,35,-1.411290172,13.97230447,4.046955461,-164.3593092,9.585618593,0.435728272,0.522158325,0.414772958,0.527613878,0.552581787,0.526643261,0.313362867,0.218994319,0.23921892,-0.020479694,0.423921698
p02,575410.375,1.204,NOD,22,36,-1.149398793,14.05017068,4.101034448,-164.0974179,9.6634848,0.489807258,0.522007883,0.415575355,0.527429223,0.552720904,0.526602566,0.313382387,0.218700498,0.239338517,-0.021009022,0.426980869
p02,575410.406,1.235,NOD,22,37,-1.249928367,13.90748451,4.050731752,-164.1979474,9.520798631,0.439504563,0.522196412,0.415680498,0.527472258,0.553152442,0.526572242,0.313683674,0.218841583,0.239468768,-0.019995424,0.425929548
p02,575410.437,1.266,NOD,22,38,-1.220886294,14.10096072,4.05276408,-164.1689054,9.714274848,0.441536891,0.522140145,0.415825188,0.527641177,0.553118587,0.526603967,0.313792929,0.218625903,0.239325657,-0.020417625,0.426332305
p02,575410.468,1.297,NOD,22,39,-1.045827362,14.42078363,4.075970356,-163.9938464,10.03409775,0.464743167,0.522041321,0.416275829,0.527662873,0.55313009,0.526553109,0.313930169,0.218720198,0.239199921,-0.020628129,0.427866613
p02,575410.515,1.344,NOD,22,40,-1.033212099,14.46259904,4.037663603,-163.9812312,10.07591317,0.426436414,0.521970868,0.4163692,0.527911842,0.553272843,0.526465148,0.313817456,0.218957603,0.239455387,-0.020525798,0.428270772
p02,575410.546,1.375,NOD,22,41,-1.100900486,14.68616838,3.991510746,-164.0489195,10.29948251,0.380283557,0.52183336,0.416496485,0.527838588,0.553437591,0.526401401,0.313935637,0.218631953,0.239501953,-0.020893745,0.428225518
p02,575410.578,1.407,NOD,22,42,-1.026270678,15.18616931,4.091527894,-163.9742897,10.79948343,0.480300705,0.521656096,0.416528434,0.527671397,0.553193212,0.526398212,0.314022839,0.218860775,0.239170372,-0.021667271,0.428588179
p02,575410.609,1.438,NOD,22,43,-1.178692766,15.78222034,4.211086909,-164.1267118,11.39553446,0.59985972,0.521446109,0.416584164,0.527550399,0.554005444,0.526559964,0.314156577,0.219052702,0.239848867,-0.023345318,0.427050535
p02,575410.64,1.469,NOD,22,44,-0.9709789,15.36365526,4.172980791,-163.918998,10.97696939,0.561753602,0.521683812,0.417117298,0.527430892,0.553689897,0.526399583,0.314219624,0.21910584,0.239470273,-0.021522797,0.429688714
p02,575410.671,1.5,NOD,22,45,-1.126804298,14.95412828,4.150086014,-164.0748234,10.5674424,0.538858825,0.52202785,0.417055219,0.527686954,0.554289341,0.526603878,0.314434588,0.219291747,0.239854753,-0.020867303,0.427844894
p02,575410.703,1.532,NOD,22,46,-1.034843954,14.93749884,4.178764585,-163.982863,10.55081296,0.567537396,0.522175908,0.417475879,0.52775085,0.554337263,0.527150154,0.314681575,0.219333142,0.239655688,-0.022678953,0.428924951
p02,575410.75,1.579,NOD,22,47,-1.131040822,15.46272069,4.445088302,-164.0790599,11.07603482,0.833861113,0.521979809,0.41783911,0.527540982,0.554536283,0.527846947,0.315758765,0.21913296,0.238777518,-0.026774331,0.42751238
p02,575410.781,1.61,NOD,22,48,-1.045504381,14.90569175,4.43944964,-163.9935234,10.51900587,0.828222451,0.522642314,0.41828537,0.528178751,0.554353297,0.528492957,0.316292435,0.219125301,0.238060862,-0.026699988,0.428432184
p02,575410.812,1.641,NOD,22,49,-1.058100822,14.63961013,4.522065332,-164.0061199,10.25292426,0.910838142,0.523200572,0.418822467,0.528776169,0.554914653,0.529340655,0.316424429,0.219992548,0.238490224,-0.027910414,0.429359477
p02,575410.843,1.672,NOD,22,50,-1.038349254,14.9792141,4.405079124,-163.9863683,10.59252823,0.793851935,0.523090661,0.418668658,0.529047668,0.555330276,0.529084384,0.316579178,0.219761997,0.238751099,-0.027273705,0.427597947
p02,575410.89,1.719,NOD,22,51,-0.982321242,14.3536576,4.389596417,-163.9303403,9.966971727,0.778369228,0.523552597,0.418892384,0.528949201,0.555383444,0.529330105,0.316923186,0.219597429,0.238460258,-0.026309543,0.42761506
p02,575410.906,1.735,NOD,22,52,-0.876211769,14.34415584,4.374915528,-163.8242308,9.957469969,0.763688338,0.523976743,0.419287741,0.529371858,0.555262685,0.529614851,0.316993579,0.22001785,0.238269106,-0.025625683,0.429321971
p02,575410.937,1.766,NOD,22,53,-1.025000316,14.54292787,4.41586718,-163.9730194,10.15624199,0.804639991,0.523972869,0.419094533,0.529398322,0.555576921,0.529767394,0.317127585,0.219516516,0.238449335,-0.026396762,0.427625211
p02,575410.984,1.813,NOD,22,54,-0.995278316,14.79350928,4.441712153,-163.9432974,10.4068234,0.830484964,0.523992836,0.419286132,0.52958709,0.555700302,0.529934719,0.317077994,0.219597191,0.238622308,-0.0270581,0.428325995
p02,575411.015,1.844,NOD,22,55,-0.786028873,14.81284818,4.465300593,-163.7340479,10.4261623,0.854073404,0.524024725,0.419769555,0.529608905,0.555550814,0.529877305,0.317108631,0.219867289,0.238442183,-0.026618694,0.430548501
p02,575411.046,1.875,NOD,22,56,-0.925757096,14.587908,4.402075839,-163.8737762,10.20122213,0.79084865,0.524270773,0.419785082,0.529632688,0.55609417,0.529888898,0.317195773,0.220185459,0.238898396,-0.025515423,0.429426529
p02,575411.093,1.922,NOD,22,57,-0.880216557,14.09674575,4.259284212,-163.8282356,9.71005987,0.648057023,0.524455905,0.419867396,0.529757798,0.556236744,0.529774636,0.317414179,0.220014513,0.238822564,-0.024174456,0.428993036
p02,575411.109,1.938,NOD,22,58,-0.754965566,14.47390703,4.302174965,-163.7029846,10.08722116,0.690947776,0.524318039,0.420097917,0.529993236,0.555868447,0.529902846,0.317565367,0.21999228,0.23830308,-0.025386374,0.430261122
p02,575411.14,1.969,NOD,22,59,-0.816086716,14.46423684,4.39054376,-163.7641058,10.07755097,0.77931657,0.524231255,0.420266509,0.529735148,0.555955648,0.530018374,0.317676291,0.220026582,0.238279358,-0.02630191,0.430545974
p02,575411.187,2.016,NOD,22,60,-0.873222601,14.56258378,4.670878721,-163.8212417,10.1758979,1.059651532,0.524635077,0.420215994,0.530148864,0.555934608,0.531180784,0.317372516,0.220017999,0.238562092,-0.029750782,0.431097319
p02,575428.484,0,SHAKE,23,0,-29.78627087,-53.96334476,-156.5316916,167.2657101,-58.35003064,-160.1429187,0.654689074,0.388118953,0.595916986,0.518697977,0.610621512,0.291211292,0.169504732,0.227486685,0.259978357,0.42599267
p02,575428.515,0.031,SHAKE,23,1,-1.225590109,-34.4843673,3.897251384,-164.1736092,-38.87105317,0.286024195,0.630476236,0.383306623,0.578660965,0.517022669,0.59590745,0.287398562,0.185289204,0.229624107,0.186566653,0.417674179
p02,575428.546,0.062,SHAKE,23,2,-0.881273801,-29.54837484,3.860234857,-163.8292929,-33.93506072,0.249007667,0.602934241,0.381925374,0.558770478,0.516370356,0.573783576,0.283740863,0.195647329,0.232629493,0.148995976,0.4220639
p02,575428.578,0.094,SHAKE,23,3,0.576673794,-20.27567902,5.438173619,-162.3713453,-24.66236489,1.82694643,0.56815064,0.379914254,0.535949647,0.514394403,0.554153681,0.281423673,0.2057181,0.232970729,0.06803951,0.422759465
p02,575428.609,0.125,SHAKE,23,4,1.232473753,-12.93851684,7.188628233,-161.7155453,-17.32520271,3.577401043,0.537729084,0.379998028,0.514284551,0.516064167,0.535474956,0.279629633,0.215838909,0.236434534,0.010443569,0.424508187
p02,575428.64,0.156,SHAKE,23,5,-1.554518104,-0.207572183,9.233662622,-164.5025372,-4.594258059,5.622435433,0.511023521,0.373719484,0.498087287,0.515346527,0.518924013,0.279189706,0.217096925,0.236156821,-0.03639154,0.400283918
p02,575428.687,0.203,SHAKE,23,6,-2.767617394,15.05335994,10.65496943,-165.7156365,10.66667406,7.043742242,0.48766014,0.373999178,0.484332591,0.516922057,0.503736824,0.278501093,0.21758166,0.238420963,-0.073888048,0.400543995
p02,575428.718,0.234,SHAKE,23,7,-2.999251439,22.46846499,10.68541685,-165.9472705,18.08177911,7.074189661,0.46766293,0.373311996,0.472452998,0.515303731,0.489072025,0.278392062,0.216025591,0.236911669,-0.099104436,0.40065538
p02,575428.75,0.266,SHAKE,23,8,-2.764075479,28.04403405,10.31228163,-165.7120945,23.65734817,6.701054446,0.451709449,0.375398099,0.463964641,0.517018318,0.476722658,0.279993832,0.213084459,0.237024486,-0.117386357,0.402508065
p02,575428.781,0.297,SHAKE,23,9,-21.57512878,38.20658078,-178.5594545,175.4768522,33.81989491,177.8293183,0.440633476,0.376939029,0.459948152,0.517600596,0.468865454,0.281019554,0.21251753,0.236581042,-0.13284541,0.405440241
p02,575428.812,0.328,SHAKE,23,10,-22.0727519,39.52019154,-179.980767,174.979229,35.13350566,176.4080058,0.435282826,0.376609206,0.457573831,0.518715501,0.463178083,0.28251718,0.211400449,0.236198321,-0.131954577,0.398360268
p02,575428.843,0.359,SHAKE,23,11,-21.57427515,39.67544405,179.6930658,175.4777058,35.28875817,176.0818386,0.435385406,0.379565179,0.45752275,0.5215891,0.461763248,0.282536522,0.210321575,0.239052579,-0.125416719,0.405888354
p02,575428.89,0.406,SHAKE,23,12,-2.129401329,31.47316937,7.897724222,-165.0774204,27.0864835,4.286497032,0.438243926,0.38100186,0.459330618,0.522227645,0.461963028,0.282984123,0.212361544,0.239243522,-0.111692078,0.409698605
p02,575428.921,0.437,SHAKE,23,13,-19.89410005,36.81120481,179.6260655,177.1578809,32.42451893,176.0148383,0.442346394,0.382356316,0.46321401,0.522985637,0.463623777,0.282915056,0.213975519,0.240070581,-0.099438399,0.414216767
p02,575428.953,0.469,SHAKE,23,14,-0.666984362,26.96229402,6.599397444,-163.6150034,22.57560814,2.988170254,0.447486162,0.385377139,0.466341317,0.522988975,0.465409458,0.282690629,0.216626525,0.240298346,-0.082738231,0.42732924
p02,575428.984,0.5,SHAKE,23,15,-0.534061689,24.2969145,6.302190986,-163.4820808,19.91022862,2.690963797,0.452548295,0.384491891,0.46814999,0.523400009,0.46795246,0.282341734,0.21739769,0.241058275,-0.070857077,0.423757106
p02,575429.015,0.531,SHAKE,23,16,-1.280156455,21.90063887,5.782433903,-164.2281755,17.51395299,2.171206714,0.46009624,0.383319557,0.472473145,0.523877859,0.472193971,0.282115012,0.220113546,0.241762847,-0.054961321,0.418610823
p02,575429.046,0.562,SHAKE,23,17,-1.958994927,18.12214071,4.893159005,-164.907014,13.73545484,1.281931816,0.467948258,0.382598191,0.475830048,0.524697304,0.475585014,0.282379732,0.220446885,0.242317572,-0.034642158,0.41358313
p02,575429.093,0.609,SHAKE,23,18,-1.487631254,13.90157214,4.229944614,-164.4356503,9.514886266,0.618717424,0.47416538,0.382477611,0.480233282,0.524715185,0.479057133,0.282188013,0.220989943,0.242527172,-0.022135637,0.413519018
p02,575429.109,0.625,SHAKE,23,19,-0.640283061,10.57554369,3.868554241,-163.5883021,6.188857813,0.257327051,0.479181707,0.383511454,0.482973248,0.525621712,0.482424289,0.281835929,0.22252205,0.243785784,-0.014571959,0.417069133
p02,575429.156,0.672,SHAKE,23,20,-0.450040472,8.479950127,3.643136562,-163.3980595,4.093264251,0.031909373,0.482915133,0.383407652,0.485402793,0.525294423,0.485321075,0.281370983,0.221830994,0.243923441,-0.010845831,0.418314327
p02,575429.187,0.703,SHAKE,23,21,-0.51268852,6.916686415,3.436981216,-163.4607076,2.530000539,-0.174245973,0.485252678,0.382720977,0.486978203,0.524285674,0.487016723,0.28119199,0.221196234,0.243093684,-0.007975019,0.417653744
p02,575429.218,0.734,SHAKE,23,22,-0.539496923,5.010581471,3.164319462,-163.487516,0.623895595,-0.446907727,0.486700833,0.381952316,0.487836897,0.523585498,0.487555012,0.280806333,0.221969634,0.242779166,-0.003848181,0.416617227
p02,575429.25,0.766,SHAKE,23,23,-0.739004996,4.650701403,3.137276637,-163.6870241,0.264015527,-0.473950553,0.486958593,0.38145107,0.488181949,0.523521662,0.487868816,0.28061974,0.221754581,0.242901921,-0.004104639,0.41511129
p02,575429.281,0.797,SHAKE,23,24,-0.806754598,4.155833948,3.136565478,-163.7547737,-0.230851928,-0.474661712,0.487128526,0.381368577,0.487958878,0.524055183,0.487959579,0.280571699,0.22180599,0.243483484,-0.003746755,0.413978299
p02,575429.312,0.828,SHAKE,23,25,-0.895066637,4.358424923,3.266065019,-163.8430857,-0.028260953,-0.34516217,0.486688495,0.381108016,0.487531126,0.523707867,0.487872332,0.280628979,0.222043216,0.243078887,-0.005331564,0.413359785
p02,575429.39,0.906,SHAKE,23,26,-0.629738653,4.708363294,3.380219007,-163.5777577,0.321677418,-0.231008182,0.485661268,0.381484449,0.486616105,0.523607016,0.487006515,0.280632332,0.222180963,0.242974684,-0.006054736,0.415072531
p02,575429.406,0.922,SHAKE,23,27,-0.797490086,6.32877056,3.640326189,-163.7455091,1.942084684,0.029099,0.48442629,0.381234705,0.486287624,0.522900343,0.48657842,0.280592084,0.221708119,0.242308259,-0.009707042,0.41534953
p02,575429.421,0.937,SHAKE,23,28,-0.704457378,5.873168387,3.560105574,-163.6524764,1.486482511,-0.051121615,0.48400563,0.381558537,0.485683352,0.523865521,0.485761657,0.280557185,0.222112477,0.243308336,-0.007906027,0.415116695
p02,575429.453,0.969,SHAKE,23,29,-0.703650011,6.078953711,3.633444351,-163.6516691,1.692267835,0.022217162,0.483786106,0.381642342,0.485187531,0.523759186,0.485789597,0.280619472,0.22222206,0.243139714,-0.009015716,0.415493083
p02,575429.484,1,SHAKE,23,30,-1.023204687,7.133599329,3.842860732,-163.9712237,2.746913454,0.231633542,0.483431906,0.381205559,0.484897971,0.523389816,0.485843569,0.280701518,0.22155109,0.242688298,-0.010885361,0.414128087
p02,575429.515,1.031,SHAKE,23,31,-0.785490877,6.298117556,3.721954138,-163.7335099,1.91143168,0.110726949,0.483657658,0.38130939,0.485019326,0.523367167,0.485713169,0.280407071,0.222158968,0.242960095,-0.009252433,0.41530408
p02,575429.546,1.062,SHAKE,23,32,-0.724408972,6.624812535,3.784801838,-163.672428,2.238126659,0.173574649,0.483664483,0.381349951,0.485167384,0.523193359,0.485925049,0.280333728,0.222185969,0.242859632,-0.010174206,0.415944892
p02,575429.578,1.094,SHAKE,23,33,-0.887005169,6.120150536,3.830551922,-163.8350242,1.733464661,0.219324733,0.484310657,0.380992234,0.485310018,0.523444057,0.486578286,0.280250937,0.221859485,0.24319312,-0.010221014,0.414244026
p02,575429.609,1.125,SHAKE,23,34,-0.873938134,5.667976696,3.822929618,-163.8219572,1.28129082,0.211702429,0.484843224,0.38090089,0.485688716,0.523251414,0.487107083,0.280326828,0.222224146,0.242924586,-0.010187277,0.414013513
p02,575429.656,1.172,SHAKE,23,35,-0.840474919,5.251862884,3.722617764,-163.788494,0.865177008,0.111390575,0.485636443,0.380912423,0.486329675,0.523193836,0.487535834,0.280294403,0.221811384,0.242899433,-0.008563093,0.41423736
p02,575429.687,1.203,SHAKE,23,36,-1.007705139,5.024781807,3.73185194,-163.9557242,0.638095931,0.12062475,0.4861826,0.380481005,0.486491054,0.523317993,0.48793453,0.280274749,0.222273469,0.243043244,-0.007881865,0.412298052
p02,575429.718,1.234,SHAKE,23,37,-1.009282001,4.388351382,3.78658763,-163.9573011,0.001665506,0.175360441,0.486743778,0.380506963,0.486501336,0.523511529,0.488553658,0.280306324,0.222219139,0.243205205,-0.008144574,0.412000386
p02,575429.75,1.266,SHAKE,23,38,-0.931829719,3.793741043,3.802830898,-163.8798488,-0.592944833,0.191603709,0.487244278,0.380714387,0.486409426,0.523824334,0.48890537,0.280416355,0.222105563,0.24340798,-0.00747884,0.412057289
p02,575429.781,1.297,SHAKE,23,39,-0.976407301,4.110632141,3.84330229,-163.9244264,-0.276053735,0.232075101,0.487444222,0.380622536,0.486638606,0.523391724,0.489187807,0.280377284,0.221715331,0.24301444,-0.00786407,0.41250739
p02,575429.812,1.328,SHAKE,23,40,-0.698568178,2.238958819,3.492661906,-163.6465872,-2.147727057,-0.118565283,0.488229722,0.380792916,0.48741594,0.523410141,0.489314497,0.280478999,0.222605377,0.242931142,-0.004873084,0.412931483
p02,575429.859,1.375,SHAKE,23,41,-0.842963719,2.353515271,3.430806379,-163.7909828,-2.033170605,-0.180420811,0.488406777,0.380551904,0.48791045,0.523237288,0.489419341,0.280544668,0.222340673,0.24269262,-0.004554109,0.41207366
p02,575429.875,1.391,SHAKE,23,42,-1.022915176,3.778905143,3.664064389,-163.9709342,-0.607780733,0.0528372,0.488217056,0.380557835,0.487792879,0.523262799,0.489627153,0.280581325,0.221835762,0.242681473,-0.00635649,0.411965975
p02,575429.921,1.437,SHAKE,23,43,-0.785823803,3.173072417,3.634281689,-163.7338429,-1.213613459,0.0230545,0.488654017,0.380969971,0.48807165,0.523418248,0.489964724,0.280448303,0.221905053,0.242969945,-0.005906608,0.413720589
p02,575429.953,1.469,SHAKE,23,44,-0.944744955,3.479231774,3.665536712,-163.892764,-0.907454101,0.054309522,0.488636494,0.38069737,0.488188267,0.523171246,0.490072966,0.28065668,0.221699953,0.242514566,-0.006479352,0.412514147
p02,575429.984,1.5,SHAKE,23,45,-0.722404552,1.789505594,3.367467792,-163.6704236,-2.597180282,-0.243759397,0.489352107,0.380880654,0.488847464,0.523303151,0.4901658,0.280509263,0.222222745,0.242793888,-0.003661609,0.413401637
p02,575430.015,1.531,SHAKE,23,46,-0.962279038,2.887100215,3.551222446,-163.9102981,-1.49958566,-0.060004744,0.489023983,0.380582452,0.488568068,0.523049533,0.490275323,0.2806793,0.221740723,0.242370233,-0.005643257,0.412192331
p02,575430.046,1.562,SHAKE,23,47,-0.736251056,2.184174128,3.482704812,-163.6842701,-2.202511748,-0.128522377,0.489484847,0.381021142,0.488641083,0.523267627,0.49043043,0.280697674,0.22201705,0.242569953,-0.004259056,0.413585719
p02,575430.078,1.594,SHAKE,23,48,-0.800186895,1.398791737,3.346149486,-163.748206,-2.987894139,-0.265077703,0.489991218,0.380823463,0.488971412,0.523642361,0.490657896,0.280688778,0.2221587,0.242953584,-0.003000909,0.412155623
p02,575430.109,1.625,SHAKE,23,49,-0.893409877,1.550516581,3.481853097,-163.8414289,-2.836169295,-0.129374093,0.490060747,0.380671352,0.488742471,0.523394048,0.490926445,0.28072235,0.221512794,0.242671698,-0.003908117,0.411869217
p02,575430.156,1.672,SHAKE,23,50,-0.850770439,1.959221357,3.552791442,-163.7987895,-2.427464519,-0.058435747,0.490197271,0.380608737,0.48909232,0.522841811,0.491189808,0.280749783,0.221744299,0.242092028,-0.004476041,0.412483448
p02,575430.187,1.703,SHAKE,23,51,-0.864884452,1.905485266,3.471518746,-163.8129035,-2.48120061,-0.139708443,0.490722805,0.380719692,0.489764035,0.522774696,0.491520435,0.280810311,0.221719265,0.241964385,-0.003597474,0.412909446
p02,575430.218,1.734,SHAKE,23,52,-0.840945112,2.559830785,3.585995659,-163.7889642,-1.826855091,-0.025231531,0.490718722,0.381083369,0.489771843,0.523183048,0.491689324,0.280772641,0.221354693,0.242410406,-0.004384827,0.41380537
p02,575430.265,1.781,SHAKE,23,53,-0.893349536,2.789224843,3.699843494,-163.8413686,-1.597461033,0.088616305,0.490849406,0.381037742,0.489757448,0.523114026,0.492075354,0.28099443,0.221143663,0.242119595,-0.005543674,0.413197914
p02,575430.281,1.797,SHAKE,23,54,-0.721380733,1.748018175,3.470630234,-163.6693998,-2.638667701,-0.140596955,0.491484731,0.381179869,0.490259856,0.523012817,0.492230773,0.280888617,0.221461475,0.2421242,-0.003368719,0.414214078
p02,575430.312,1.828,SHAKE,23,55,-0.75239034,1.717072518,3.453523679,-163.7004094,-2.669613358,-0.15770351,0.49171415,0.381359607,0.490524024,0.523475051,0.492429286,0.280838788,0.221388638,0.242636263,-0.003230231,0.414286051
p02,575430.359,1.875,SHAKE,23,56,-0.645358081,0.870402502,3.377908175,-163.5933771,-3.516283374,-0.233319015,0.492105931,0.381459475,0.490563691,0.523365736,0.492622823,0.280854747,0.22114712,0.242510989,-0.00233732,0.414846058
p02,575430.375,1.891,SHAKE,23,57,-0.667505996,1.027845709,3.456153227,-163.6155251,-3.358840167,-0.155073963,0.492310792,0.381409436,0.49078688,0.523436844,0.49302721,0.280881479,0.221698552,0.242555365,-0.003231496,0.414453653
p02,575430.421,1.937,SHAKE,23,58,-0.668772171,1.015357393,3.490433283,-163.6167912,-3.371328483,-0.120793907,0.492752075,0.381336302,0.491019547,0.523549914,0.493477166,0.280794129,0.22164759,0.242755786,-0.003271367,0.414170037
p02,575430.453,1.969,SHAKE,23,59,-0.599982588,1.048321276,3.420477342,-163.5480017,-3.338364599,-0.190749847,0.492890954,0.381421447,0.491328329,0.523224831,0.493470252,0.280954555,0.221649945,0.242270276,-0.00261357,0.414689304
p02,575430.484,2,SHAKE,23,60,-0.368069465,0.222038783,3.24586717,-163.3160885,-4.164647093,-0.365360019,0.493545115,0.381812125,0.491768211,0.523264885,0.493690223,0.281076655,0.221437603,0.24218823,-0.000655297,0.415938754
p02,575435.062,0,SHAKE,24,0,2.280734541,-9.558717731,2.860558382,-160.6672845,-13.94540361,-0.750668807,0.51282388,0.391827434,0.503304183,0.529768169,0.510006472,0.286807761,0.22253415,0.242960408,0.012660561,0.432250153
p02,575435.078,0.016,SHAKE,24,1,2.903969981,-13.72291409,1.668191582,-160.0440491,-18.10959997,-1.943035607,0.52160567,0.392898202,0.508518577,0.52878958,0.514416307,0.28651233,0.219188541,0.24227725,0.032799905,0.439107972
p02,575435.125,0.063,SHAKE,24,2,3.035330439,-15.92920933,0.530050438,-159.9126886,-20.31589521,-3.081176752,0.530771732,0.393745065,0.51566577,0.530152082,0.518723905,0.287748098,0.217230439,0.242403984,0.055461045,0.437274027
p02,575435.156,0.094,SHAKE,24,3,2.947746493,-18.43460447,0.087599408,-160.0002726,-22.82129035,-3.523627781,0.537785172,0.392897964,0.518451035,0.529303193,0.522058278,0.288028449,0.216118634,0.241274744,0.072769728,0.434647708
p02,575435.187,0.125,SHAKE,24,4,2.188868421,-19.80900258,0.020790207,-160.7591506,-24.19568846,-3.590436983,0.544291019,0.39104116,0.522749662,0.52987355,0.525720105,0.288427263,0.214176118,0.241446286,0.086708616,0.424996788
p02,575435.218,0.156,SHAKE,24,5,3.03704123,-20.8568196,0.056264128,-159.9109778,-25.24350548,-3.554963062,0.549164772,0.390278041,0.525017977,0.52836895,0.530728251,0.28846015,0.212595642,0.2399088,0.086721069,0.424402486
p02,575435.25,0.188,SHAKE,24,6,2.64649204,-21.40157836,0.070091571,-160.301527,-25.78826423,-3.541135619,0.552029192,0.389922619,0.526986599,0.528901219,0.532486945,0.288289666,0.211329877,0.240611553,0.092472713,0.422394317
p02,575435.281,0.219,SHAKE,24,7,2.296872944,-22.51990362,-0.072146414,-160.6511461,-26.9065895,-3.683373604,0.554719687,0.389634907,0.528669178,0.528660178,0.53367582,0.287923127,0.210089207,0.240737051,0.10016634,0.422501561
p02,575435.312,0.25,SHAKE,24,8,2.29930371,-23.57996014,-0.121850495,-160.6487154,-27.96664602,-3.733077684,0.556589425,0.389552653,0.529442012,0.528933823,0.534752354,0.287408099,0.209647954,0.241525725,0.104160667,0.422913768
p02,575435.359,0.297,SHAKE,24,9,2.104658653,-23.85217608,0.078478213,-160.8433604,-28.23886196,-3.532748976,0.55718416,0.388150096,0.529622078,0.528122246,0.535513595,0.287144154,0.209673136,0.240978092,0.103354037,0.419149894
p02,575435.39,0.328,SHAKE,24,10,1.844015176,-23.26363866,0.285482427,-161.1040039,-27.65032453,-3.325744762,0.554804504,0.387935698,0.52828759,0.527398229,0.533748686,0.286192551,0.21037817,0.241205677,0.100085563,0.421810746
p02,575435.421,0.359,SHAKE,24,11,2.870601981,-20.8829267,0.630997146,-160.0774171,-25.26961257,-2.980230044,0.547056675,0.387754172,0.523460865,0.525577307,0.53005901,0.285079658,0.213614911,0.240497649,0.079571529,0.42692523
p02,575435.453,0.391,SHAKE,24,12,2.627740684,-15.74811691,2.750974068,-160.3202784,-20.13480279,-0.860253122,0.530937493,0.386545718,0.51207304,0.523295403,0.522997558,0.284481511,0.216720551,0.238813892,0.036636741,0.42737969
p02,575435.484,0.422,SHAKE,24,13,0.87324841,-10.02761843,4.339800666,-162.0747707,-14.4143043,0.728573477,0.516994834,0.385025769,0.503568649,0.525307298,0.514910251,0.283860922,0.219820917,0.241446376,0.009483097,0.418995097
p02,575435.515,0.453,SHAKE,24,14,-0.189650287,-6.886604484,5.530395607,-163.1376693,-11.27329036,1.919168418,0.507777095,0.383870512,0.496366262,0.525369883,0.509034172,0.284490198,0.220164716,0.240879685,-0.005709711,0.41257242
p02,575435.562,0.5,SHAKE,24,15,-0.585870471,-2.710975349,6.263074147,-163.5338895,-7.097661225,2.651846958,0.502207518,0.38401559,0.492781103,0.525300205,0.505587503,0.284990072,0.221101701,0.240310133,-0.015287018,0.412073834
p02,575435.578,0.516,SHAKE,24,16,-0.320200238,-1.770573633,6.261796076,-163.2682193,-6.157259509,2.650568887,0.500388205,0.384974808,0.492092967,0.524845958,0.504573256,0.284589827,0.221031785,0.240256131,-0.018934158,0.417824844
p02,575435.625,0.563,SHAKE,24,17,-0.438116418,-2.218357779,5.996526856,-163.3861355,-6.605043654,2.385299667,0.500479221,0.384997964,0.492602497,0.525297999,0.504173473,0.285285398,0.221240282,0.240012601,-0.016697914,0.41544721
p02,575435.656,0.594,SHAKE,24,18,-0.63608723,-2.561799466,6.017200483,-163.5841063,-6.948485342,2.405973293,0.501255989,0.385806531,0.493028194,0.526057541,0.504692048,0.286673978,0.22015959,0.239383563,-0.015607127,0.414115954
p02,575435.687,0.625,SHAKE,24,19,0.232826496,-2.099767948,5.952352908,-162.7151926,-6.486453824,2.341125718,0.502050161,0.387948483,0.494061083,0.526027083,0.505761907,0.28699024,0.220672965,0.239036843,-0.016820117,0.422354319
p02,575435.718,0.656,SHAKE,24,20,0.9225934,-6.29116265,4.895218147,-162.0254257,-10.67784853,1.283990958,0.506060481,0.389680982,0.496802837,0.527622759,0.507052153,0.28666988,0.220993191,0.240952879,-0.004487343,0.427515545
p02,575435.75,0.688,SHAKE,24,21,2.271596606,-6.752196081,4.588765228,-160.6764225,-11.13888196,0.977538039,0.509661555,0.392075986,0.499053806,0.527705908,0.509415716,0.287764132,0.220551968,0.239941776,0.001114655,0.434738191
p02,575435.781,0.719,SHAKE,24,22,2.288107122,-8.907056002,4.062714563,-160.6599119,-13.29374188,0.451487374,0.514940202,0.392723858,0.502927423,0.529496431,0.513331145,0.288566694,0.219795555,0.240929738,0.007320699,0.432313444
p02,575435.812,0.75,SHAKE,24,23,2.283492862,-11.41001124,3.57547493,-160.6645262,-15.79669711,-0.035752259,0.519655883,0.392724812,0.506219447,0.530082464,0.516619951,0.288868815,0.218139112,0.24121365,0.013917416,0.430556055
p02,575435.859,0.797,SHAKE,24,24,2.920604679,-14.0543853,2.867137161,-160.0274144,-18.44107118,-0.744090029,0.524289966,0.393561423,0.508863568,0.529099762,0.518936634,0.288835138,0.217242032,0.240264624,0.024642246,0.435878919
p02,575435.89,0.828,SHAKE,24,25,2.874586487,-14.87185259,2.622728772,-160.0734326,-19.25853846,-0.988498418,0.527303874,0.393261582,0.510856688,0.529082537,0.520486042,0.288385272,0.216944754,0.240697265,0.031426584,0.435718743
p02,575435.921,0.859,SHAKE,24,26,3.232063869,-16.4713975,2.217057381,-159.7159552,-20.85808337,-1.394169809,0.529792607,0.393771648,0.512424111,0.528935552,0.521731913,0.28808552,0.215540081,0.240850031,0.037397656,0.43880471
p02,575435.953,0.891,SHAKE,24,27,3.097180026,-16.31039973,2.354255624,-159.850839,-20.69708561,-1.256971566,0.530716896,0.393107384,0.512896836,0.529170573,0.522391021,0.28822197,0.21591121,0.240948603,0.038561568,0.435302023
p02,575435.984,0.922,SHAKE,24,28,3.0111241,-16.23343141,2.51324493,-159.936895,-20.62011728,-1.09798226,0.530565143,0.393094242,0.512929916,0.529463828,0.522946507,0.288389966,0.215738297,0.241073862,0.035314249,0.434324464
p02,575436.015,0.953,SHAKE,24,29,2.964203883,-16.06620987,2.551824483,-159.9838152,-20.45289574,-1.059402706,0.530588329,0.393075168,0.512974083,0.529473782,0.523005649,0.28848502,0.215384245,0.240988761,0.035205358,0.434004255
p02,575436.046,0.984,SHAKE,24,30,2.980704294,-15.91758574,2.56172493,-159.9673148,-20.30427161,-1.04950226,0.530501246,0.392749339,0.513038456,0.529363751,0.52319552,0.28866148,0.215816885,0.240702271,0.033851505,0.432434055
p02,575436.093,1.031,SHAKE,24,31,2.92557308,-15.55117583,2.703159274,-160.022446,-19.9378617,-0.908067915,0.530237496,0.392819226,0.51301825,0.52906841,0.523266658,0.288443923,0.215694964,0.240624487,0.032318036,0.433768416
p02,575436.109,1.047,SHAKE,24,32,2.975005292,-15.97592447,2.492381447,-159.9730138,-20.36261035,-1.118845743,0.530633688,0.392877758,0.513348818,0.529023588,0.523154989,0.288707718,0.215482473,0.240315869,0.034706763,0.433471329
p02,575436.156,1.094,SHAKE,24,33,2.86610776,-15.60727083,2.582397036,-160.0819113,-19.9939567,-1.028830154,0.530313849,0.392799258,0.513177812,0.529068232,0.522981197,0.288536698,0.215783,0.240531534,0.033981606,0.433467325
p02,575436.187,1.125,SHAKE,24,34,3.137494093,-15.70854719,2.430830391,-159.810525,-20.09523306,-1.180396799,0.530216098,0.393271208,0.513268888,0.529025018,0.522955298,0.288706586,0.21561864,0.240318432,0.033674266,0.435108622
p02,575436.218,1.156,SHAKE,24,35,2.928776302,-15.49901003,2.46772562,-160.0192428,-19.88569591,-1.14350157,0.530173659,0.392786682,0.51329124,0.529091954,0.522811189,0.288718864,0.215690374,0.24037309,0.034134439,0.432942878
p02,575436.25,1.188,SHAKE,24,36,3.035639311,-15.11571646,2.539120971,-159.9123798,-19.50240234,-1.072106218,0.529612541,0.393030643,0.512898743,0.528753936,0.522650242,0.288668156,0.215591609,0.240085781,0.032293925,0.434688333
p02,575436.281,1.219,SHAKE,24,37,3.002342709,-15.10540307,2.53627474,-159.9456764,-19.49208895,-1.074952449,0.52954638,0.392835766,0.512874424,0.528736115,0.522634268,0.288635865,0.21558252,0.24010025,0.032062489,0.433984977
p02,575436.312,1.25,SHAKE,24,38,2.878725788,-15.0330355,2.499676535,-160.0692933,-19.41972137,-1.111550655,0.529486001,0.392576933,0.51304841,0.528625488,0.522533298,0.288592309,0.2158508,0.24003318,0.032210689,0.433209377
p02,575436.359,1.297,SHAKE,24,39,2.740761432,-15.15694305,2.539702397,-160.2072576,-19.54362892,-1.071524792,0.529420614,0.392214239,0.513160169,0.528437257,0.522568792,0.288551927,0.215976924,0.23988533,0.031724788,0.432132769
p02,575436.39,1.328,SHAKE,24,40,2.752009572,-15.41638697,2.505876874,-160.1960095,-19.80307284,-1.105350315,0.529651105,0.39214769,0.513184845,0.528225541,0.522576272,0.288384452,0.215760201,0.239841089,0.032790259,0.432633283
p02,575436.421,1.359,SHAKE,24,41,2.658793908,-15.63218233,2.476350555,-160.2892252,-20.0188682,-1.134876634,0.529836714,0.391872406,0.513225555,0.528293967,0.522599921,0.288321048,0.215596318,0.239972919,0.033566406,0.431512682
p02,575436.453,1.391,SHAKE,24,42,2.799784351,-15.64563347,2.479122378,-160.1482347,-20.03231935,-1.132104811,0.529980421,0.3919833,0.51316011,0.528198242,0.522652492,0.288384199,0.215551078,0.239814043,0.033996254,0.431997643
p02,575436.484,1.422,SHAKE,24,43,2.665707854,-15.4515635,2.544783895,-160.2823112,-19.83824938,-1.066443295,0.530023634,0.391718298,0.513353765,0.528207302,0.522885725,0.288393334,0.215517998,0.239813969,0.033119784,0.430854655
p02,575436.515,1.453,SHAKE,24,44,2.771721819,-15.55135914,2.511489461,-160.1762972,-19.93804501,-1.099737728,0.530068994,0.391839564,0.513447523,0.528206348,0.523001105,0.288266629,0.215567201,0.239939719,0.032787404,0.431662315
p02,575436.562,1.5,SHAKE,24,45,2.810159755,-15.50063222,2.520927019,-160.1378593,-19.8873181,-1.09030017,0.530044198,0.391870588,0.513353765,0.528234363,0.52292715,0.288158387,0.215795487,0.240075976,0.032980522,0.431997416
p02,575436.578,1.516,SHAKE,24,46,2.758612887,-15.44784781,2.561888672,-160.1894062,-19.83453369,-1.049338517,0.529810846,0.391867369,0.513152719,0.528767347,0.52293703,0.288379997,0.215467572,0.24038735,0.03190186,0.430502571
p02,575436.625,1.563,SHAKE,24,47,2.82593594,-15.42823921,2.585154585,-160.1220831,-19.81492509,-1.026072605,0.52972883,0.391893089,0.513035953,0.528706551,0.523032993,0.288388088,0.215706468,0.240318462,0.031041428,0.430699329
p02,575436.656,1.594,SHAKE,24,48,2.720407447,-15.4566959,2.607758885,-160.2276116,-19.84338177,-1.003468305,0.529671729,0.391685903,0.512943208,0.528903842,0.523016989,0.288362876,0.215636671,0.240540966,0.030860889,0.42954441
p02,575436.687,1.625,SHAKE,24,49,2.765911129,-15.36524722,2.631161934,-160.1821079,-19.7519331,-0.980065255,0.52951175,0.391840249,0.512993932,0.528725326,0.523051187,0.288352773,0.215701044,0.240372553,0.029951465,0.430529506
p02,575436.718,1.656,SHAKE,24,50,2.790342441,-15.75863931,2.503718651,-160.1576766,-20.14532518,-1.107508538,0.530020237,0.392004251,0.513230741,0.528783023,0.522952437,0.288358152,0.215483606,0.240424871,0.032799709,0.431095581
p02,575436.75,1.688,SHAKE,24,51,2.830720271,-15.6867722,2.518262395,-160.1172988,-20.07345807,-1.092964795,0.530017138,0.391849637,0.513231039,0.528808057,0.523076504,0.288225785,0.215546846,0.240582272,0.032200114,0.430721063
p02,575436.781,1.719,SHAKE,24,52,2.971940889,-15.49269274,2.577859042,-159.9760782,-19.87937861,-1.033368147,0.530023694,0.392044753,0.513092101,0.52873683,0.523282424,0.28828612,0.21569556,0.24045071,0.031253636,0.431517267
p02,575436.828,1.766,SHAKE,24,53,2.916340667,-15.74079625,2.530054398,-160.0316784,-20.12748212,-1.081172792,0.530297399,0.392112345,0.51343435,0.528656483,0.523468494,0.288214788,0.215924352,0.240441695,0.031626373,0.432111231
p02,575436.859,1.797,SHAKE,24,54,3.002686417,-15.86664914,2.559501483,-159.9453326,-20.25333502,-1.051725706,0.53055495,0.392208785,0.51332891,0.528715193,0.523719817,0.288208947,0.215604335,0.240506247,0.031702205,0.432420528
p02,575436.89,1.828,SHAKE,24,55,2.938341634,-16.19798235,2.541109793,-160.0096774,-20.58466822,-1.070117396,0.530975282,0.392008752,0.513629854,0.528701603,0.523949161,0.288349971,0.215598017,0.240351632,0.032588987,0.431279703
p02,575436.906,1.844,SHAKE,24,56,2.96871957,-16.19465373,2.571520529,-159.9792995,-20.58133961,-1.03970666,0.531032324,0.392111421,0.51366365,0.52861464,0.524068058,0.288312986,0.215254366,0.240301654,0.032353659,0.431950561
p02,575436.953,1.891,SHAKE,24,57,2.897304854,-16.13443046,2.550987737,-160.0507142,-20.52111634,-1.060239452,0.531149566,0.392025203,0.51390636,0.528753161,0.524147376,0.288345188,0.215343118,0.240407974,0.032516432,0.431266955
p02,575436.984,1.922,SHAKE,24,58,2.879597628,-16.16359435,2.562292045,-160.0684214,-20.55028022,-1.048935144,0.53127414,0.392214417,0.514049828,0.528700829,0.524163842,0.288347811,0.215654165,0.240353018,0.032970834,0.432141888
p02,575437.015,1.953,SHAKE,24,59,2.814965708,-15.9871661,2.582253286,-160.1330534,-20.37385198,-1.028973904,0.531158805,0.392091423,0.5142138,0.528585434,0.524202541,0.288364649,0.215574443,0.240220785,0.032268502,0.431797666
p02,575437.046,1.984,SHAKE,24,60,2.689103213,-16.11613898,2.578824563,-160.2589158,-20.50282485,-1.032402627,0.531511784,0.391887337,0.514256895,0.528697133,0.524258941,0.288427517,0.215261936,0.240269616,0.033693101,0.430598849
p02,575437.078,2.016,SHAKE,24,61,2.88239723,-16.00273348,2.54722683,-160.0656218,-20.38941935,-1.064000359,0.531396985,0.392211914,0.51411885,0.528683901,0.52424112,0.288406983,0.215415508,0.240276918,0.033218896,0.432022068
p02,575440.296,0,SHAKE,25,0,-32.37403716,-78.86582564,-147.7824777,164.6779438,-83.25251152,-151.3937049,0.918401837,0.428276241,0.824783862,0.57291913,0.862241238,0.305309817,0.133626819,0.267609313,0.420279399,0.459499792
p02,575440.312,0.016,SHAKE,25,1,-111.9365419,1.544387868,128.8289995,85.11543903,-2.842298008,125.2177723,0.910117269,0.425800294,0.816790462,0.576384425,0.855146974,0.308577612,0.144542336,0.267806813,0.380305837,0.43771359
p02,575440.359,0.063,SHAKE,25,2,3.224472393,-38.66152304,0.540661001,-159.7235467,-43.04820891,-3.070566188,0.895896614,0.42958656,0.802939832,0.575066447,0.839810073,0.316846788,0.157668531,0.258219659,0.355724379,0.436604137
p02,575440.39,0.094,SHAKE,25,3,-30.241411,-66.65688555,-151.9923377,166.8105699,-71.04357142,-155.6035649,0.877211571,0.438338131,0.796920121,0.57274437,0.827601552,0.316658631,0.203134656,0.256085739,0.244222329,0.47515141
p02,575440.421,0.125,SHAKE,25,4,-23.16172053,-58.91507457,-158.8295584,173.8902604,-63.30176044,-162.4407856,0.854967952,0.440251172,0.780277491,0.582758904,0.811618358,0.313212067,0.227912605,0.269546837,0.190202705,0.471306235
p02,575440.453,0.157,SHAKE,25,5,2.773629878,-20.70838033,4.66385557,-160.1743892,-25.09506621,1.052628381,0.825946689,0.435644925,0.75918746,0.582087576,0.791094095,0.309539542,0.239299059,0.272548035,0.14564451,0.462690487
p02,575440.5,0.204,SHAKE,25,6,2.892025574,-14.88171599,5.129175412,-160.0559935,-19.26840186,1.517948223,0.796066046,0.434290975,0.741925418,0.584871471,0.770269364,0.30523847,0.25154227,0.279633,0.102554062,0.461506706
p02,575440.515,0.219,SHAKE,25,7,5.746302131,-9.610394522,6.143968819,-157.2017169,-13.9970804,2.532741629,0.764997959,0.435874373,0.720261753,0.582879305,0.752257556,0.304286897,0.261824608,0.278592408,0.048660069,0.472329726
p02,575440.562,0.266,SHAKE,25,8,5.833743903,-3.045744959,8.4548498,-157.1142752,-7.432430834,4.843622611,0.736395299,0.432070225,0.702413857,0.582635283,0.739195019,0.303176716,0.26676172,0.279458568,-0.010495207,0.461225829
p02,575440.593,0.297,SHAKE,25,9,5.519999577,1.023009874,9.228938769,-157.4280195,-3.363676002,5.61771158,0.719290376,0.430809408,0.692152619,0.582406282,0.72818777,0.303564429,0.268732667,0.278841853,-0.033108717,0.45633386
p02,575440.625,0.329,SHAKE,25,10,5.430337937,2.218202323,9.598942182,-157.5176811,-2.168483552,5.987714993,0.712586462,0.429766566,0.687046528,0.582761228,0.724225849,0.30349645,0.270713031,0.279264778,-0.042995294,0.452151955
p02,575440.656,0.36,SHAKE,25,11,6.254233965,0.836082702,8.819019067,-156.6937851,-3.550603174,5.207791877,0.713629425,0.433739662,0.687455952,0.583813667,0.722959757,0.304438263,0.270825386,0.279375404,-0.034451469,0.46282313
p02,575440.687,0.391,SHAKE,25,12,6.931384037,-1.142502215,7.633667107,-156.016635,-5.529188091,4.022439918,0.721255898,0.436252326,0.692570508,0.585133255,0.725489497,0.305584759,0.270680964,0.279548496,-0.015640548,0.46742361
p02,575440.718,0.422,SHAKE,25,13,6.552971007,-2.794563449,6.298209247,-156.3950481,-7.181249325,2.686982058,0.730490208,0.437757492,0.700971305,0.587037981,0.729652792,0.307668418,0.268386424,0.279369563,0.003120186,0.465652282
p02,575440.75,0.454,SHAKE,25,14,6.449236895,-5.524742591,5.416023909,-156.4987822,-9.911428467,1.80479672,0.741201341,0.440028697,0.707542181,0.588682115,0.735482872,0.308686048,0.267733455,0.279996067,0.021358816,0.469087479
p02,575440.796,0.5,SHAKE,25,15,5.873518881,-8.275546847,3.910541847,-157.0745002,-12.66223272,0.299314658,0.754801393,0.44029218,0.717883945,0.589485347,0.741324514,0.309734166,0.267995477,0.279751182,0.050287708,0.466693342
p02,575440.828,0.532,SHAKE,25,16,4.944834871,-11.89041408,2.73136056,-158.0031842,-16.27709996,-0.87986663,0.765489817,0.439655453,0.725929499,0.589916468,0.746400148,0.309815481,0.263572037,0.280100986,0.072426761,0.463546999
p02,575440.859,0.563,SHAKE,25,17,5.705638523,-13.782808,1.854414567,-157.2423805,-18.16949388,-1.756812622,0.773568094,0.440895885,0.729960978,0.589906693,0.750645757,0.309254989,0.260905802,0.280651703,0.087856755,0.469054328
p02,575440.921,0.625,SHAKE,25,18,5.667727711,-14.10594707,1.971117922,-157.2802914,-18.49263295,-1.640109267,0.777022421,0.440741181,0.731781065,0.591009378,0.753690779,0.309858099,0.261516094,0.28115128,0.08921685,0.465525474
p02,575440.937,0.641,SHAKE,25,19,5.305943268,-15.02858334,1.688189048,-157.6420758,-19.41526921,-1.923038141,0.779383719,0.440728784,0.732735634,0.590659916,0.753523082,0.308919787,0.26119113,0.281740129,0.099010397,0.467838915
p02,575440.968,0.672,SHAKE,25,20,4.98996173,-15.22921177,1.98251714,-157.9580573,-19.61589765,-1.628710049,0.778938293,0.440053344,0.732409,0.590564489,0.754027963,0.30872725,0.261496186,0.28183724,0.09526078,0.465964307
p02,575441,0.704,SHAKE,25,21,5.050646294,-15.48896896,1.842853078,-157.8973728,-19.87565484,-1.768374111,0.778878152,0.440420151,0.732223511,0.589766502,0.753513813,0.307723984,0.261048853,0.282042518,0.09716319,0.470482846
p02,575441.031,0.735,SHAKE,25,22,4.798968629,-15.17743013,1.994321501,-158.1490504,-19.56411601,-1.616905688,0.777350307,0.439223766,0.731354952,0.589328468,0.752498537,0.307050347,0.261772096,0.282278121,0.094936663,0.468238271
p02,575441.062,0.766,SHAKE,25,23,4.428383475,-14.36021139,2.375763719,-158.5196356,-18.74689727,-1.23546347,0.773844302,0.43704322,0.73041755,0.588509917,0.751098841,0.306726545,0.26187104,0.281783372,0.086857486,0.462471131
p02,575441.093,0.797,SHAKE,25,24,5.001399524,-13.11819347,2.670404712,-157.9466195,-17.50487935,-0.940822478,0.768038154,0.435654879,0.726231515,0.587750852,0.748325795,0.30515492,0.262919009,0.282595932,0.074975023,0.461789941
p02,575441.125,0.829,SHAKE,25,25,5.451840303,-10.81281001,3.224996156,-157.4961788,-15.19949588,-0.386231033,0.759057343,0.435796618,0.720317185,0.585990727,0.743020147,0.303815097,0.265844703,0.28217563,0.06032543,0.467728279
p02,575441.156,0.86,SHAKE,25,26,4.618901403,-9.541795317,3.536617266,-158.3291177,-13.92848119,-0.074609924,0.750483155,0.435007989,0.715049982,0.585205495,0.735772789,0.302964911,0.266735017,0.282240584,0.05514974,0.467838737
p02,575441.187,0.891,SHAKE,25,27,5.594186706,-6.539001462,4.449581982,-157.3538324,-10.92568734,0.838354792,0.742602646,0.434417695,0.709910452,0.584398091,0.733820736,0.303020388,0.268052816,0.281377703,0.032761864,0.466978391
p02,575441.234,0.938,SHAKE,25,28,6.346149278,-6.133923703,4.524811947,-156.6018698,-10.52060958,0.913584757,0.737915039,0.435759604,0.706013978,0.585903883,0.730981708,0.302322984,0.268631756,0.283580899,0.025809798,0.470541636
p02,575441.25,0.954,SHAKE,25,29,6.636210584,-5.562644189,4.688270903,-156.3118085,-9.949330065,1.077043714,0.735534668,0.435602725,0.70403409,0.585356712,0.729598194,0.302358598,0.269967854,0.282998115,0.021989557,0.47083044
p02,575441.296,1,SHAKE,25,30,6.09185225,-5.307544251,4.913322286,-156.8561668,-9.694230127,1.302095097,0.734532595,0.434872508,0.703923464,0.585059226,0.729448348,0.303912237,0.269362748,0.281146988,0.018875091,0.465807127
p02,575441.328,1.032,SHAKE,25,31,6.225835632,-5.037258611,4.685643877,-156.7221834,-9.423944487,1.074416687,0.735055625,0.436273426,0.704329789,0.585558414,0.728803217,0.304282755,0.26887095,0.28127566,0.023254309,0.469257351
p02,575441.359,1.063,SHAKE,25,32,6.030490569,-5.968221022,4.464131456,-156.9175285,-10.3549069,0.852904267,0.738297522,0.43661353,0.706269622,0.586320281,0.729967922,0.304037154,0.268117845,0.282283127,0.031066937,0.469657459
p02,575441.39,1.094,SHAKE,25,33,6.423259973,-6.490490748,4.035032877,-156.5247591,-10.87717662,0.423805687,0.740636706,0.437343299,0.708091736,0.585898638,0.731109977,0.303354442,0.26824975,0.282544196,0.035514402,0.47422265
p02,575441.421,1.125,SHAKE,25,34,5.920817991,-7.576280829,4.167783511,-157.0272011,-11.96296671,0.556556322,0.742356718,0.436187804,0.70849973,0.586418033,0.732616127,0.303540558,0.268152475,0.282877475,0.036324822,0.468921204
p02,575441.453,1.157,SHAKE,25,35,6.321147506,-7.979322177,3.98301947,-156.6268716,-12.36600805,0.371792281,0.743931532,0.436802953,0.709614217,0.585747361,0.734010607,0.30317378,0.267713904,0.282573581,0.037057937,0.472900448
p02,575441.484,1.188,SHAKE,25,36,6.117727812,-7.915712111,4.16420464,-156.8302913,-12.30239799,0.552977451,0.744478583,0.436763406,0.710244358,0.586623311,0.734941274,0.30342032,0.267912686,0.283202991,0.035598573,0.470839256
p02,575441.515,1.219,SHAKE,25,37,6.276505427,-7.762579662,4.03158858,-156.6715136,-12.14926554,0.420361391,0.744812608,0.436610311,0.710127711,0.585972369,0.734702647,0.303437456,0.267858744,0.282534912,0.037743629,0.471350085
p02,575441.562,1.266,SHAKE,25,38,5.887557139,-7.666708457,4.290774184,-157.0604619,-12.05339433,0.679546995,0.744938076,0.436504722,0.710336626,0.585882068,0.73478812,0.30335474,0.26780194,0.282527328,0.037900979,0.471281779
p02,575441.593,1.297,SHAKE,25,39,6.092789411,-8.112769737,4.024318398,-156.8552297,-12.49945561,0.413091209,0.745541513,0.436375111,0.710702419,0.585535526,0.734973043,0.302942038,0.267575681,0.282593489,0.039497124,0.472173207
p02,575441.625,1.329,SHAKE,25,40,5.970702704,-7.963468643,4.227759456,-156.9773164,-12.35015452,0.616532266,0.745488167,0.435649931,0.710446477,0.585394561,0.735247284,0.30279021,0.267901063,0.282604352,0.038226361,0.470126242
p02,575441.656,1.36,SHAKE,25,41,5.963339423,-8.203791288,4.074815803,-156.9846796,-12.59047716,0.463588614,0.74556905,0.43542257,0.710455,0.585525334,0.734955966,0.302408963,0.267423511,0.28311637,0.039686428,0.469819551
p02,575441.687,1.391,SHAKE,25,42,5.830174038,-8.135547431,4.199639203,-157.117845,-12.52223331,0.588412014,0.745192289,0.435468286,0.710024118,0.58697468,0.734796077,0.301966563,0.268160343,0.285008118,0.038768642,0.468413758
p02,575441.718,1.422,SHAKE,25,43,5.243491694,-8.054528317,4.155406329,-157.7045274,-12.44121419,0.54417914,0.745155036,0.435380459,0.709532201,0.5874331,0.732763082,0.302720934,0.267294466,0.284712166,0.046360685,0.465942593
p02,575441.765,1.469,SHAKE,25,44,5.441122622,-6.537113101,4.422956794,-157.5068964,-10.92379898,0.811729605,0.742987633,0.436626792,0.708052099,0.587905705,0.731325835,0.303704262,0.267508388,0.284201443,0.043594139,0.467705331
p02,575441.781,1.485,SHAKE,25,45,4.81154832,-6.581257751,4.371713148,-158.1364707,-10.96794363,0.760485959,0.74254775,0.436285645,0.707774401,0.588390708,0.73010236,0.303905502,0.267193735,0.284485206,0.046578151,0.465332256
p02,575441.828,1.532,SHAKE,25,46,4.942597293,-6.799827751,4.363796461,-158.0054218,-11.18651363,0.752569272,0.742545843,0.436694354,0.707281768,0.588210344,0.730017185,0.303813264,0.267155528,0.284397081,0.046896495,0.467237884
p02,575441.859,1.563,SHAKE,25,47,4.913208564,-6.547043882,4.381022848,-158.0348105,-10.93372976,0.769795659,0.742447853,0.436772823,0.707710207,0.588827908,0.730051428,0.304040134,0.267602563,0.284787774,0.046324015,0.466075799
p02,575441.89,1.594,SHAKE,25,48,4.759179855,-6.773982217,4.405521466,-158.1888392,-11.16066809,0.794294276,0.742516518,0.43677032,0.707701445,0.588555813,0.729962111,0.304005474,0.267443717,0.284550339,0.04694224,0.466577712
p02,575441.921,1.625,SHAKE,25,49,4.335559721,-6.995930252,4.284593772,-158.6124593,-11.38261613,0.673366583,0.742737353,0.43686074,0.708478987,0.58955586,0.729588419,0.304089218,0.267324865,0.285466641,0.049187095,0.465103457
p02,575441.953,1.657,SHAKE,25,50,4.246001995,-7.045815394,4.179533594,-158.7020171,-11.43250127,0.568306404,0.742879629,0.437016279,0.708539784,0.589352489,0.729108393,0.303810701,0.266608596,0.285541788,0.051653383,0.466501169
p02,575441.984,1.688,SHAKE,25,51,3.781832531,-7.859496249,4.078414738,-159.1661865,-12.24618212,0.467187548,0.743360221,0.436862409,0.709722817,0.589867651,0.729727864,0.304305255,0.266457975,0.285562396,0.051161378,0.464196811
p02,575442.015,1.719,SHAKE,25,52,3.136045561,-9.332834263,3.995423469,-159.8119735,-13.71952014,0.384196279,0.743080616,0.435460716,0.709043562,0.59126085,0.729817569,0.302589372,0.267000794,0.288671479,0.049674185,0.460285669
p02,575442.046,1.75,SHAKE,25,53,3.195359483,-10.445185,4.093848983,-159.7526596,-14.83187088,0.482621794,0.743888319,0.434478253,0.708001733,0.591806412,0.730822176,0.299164578,0.265773118,0.292641833,0.049162771,0.462386642
p02,575442.093,1.797,SHAKE,25,54,3.690293357,-10.35520511,4.063211835,-159.2577257,-14.74189099,0.451984645,0.74446553,0.433890522,0.707558334,0.591958582,0.731794894,0.296886265,0.266167164,0.295072317,0.047604055,0.464307386
p02,575442.125,1.829,SHAKE,25,55,4.415339647,-11.03937303,3.739383141,-158.5326794,-15.42605891,0.128155951,0.745407641,0.434339464,0.707393348,0.59001267,0.732776552,0.295464471,0.267430007,0.294548199,0.047231381,0.47148478
p02,575442.156,1.86,SHAKE,25,56,4.556502071,-12.32235478,3.507912022,-158.391517,-16.70904066,-0.103315167,0.746543944,0.434553981,0.708309174,0.591222942,0.734018803,0.294937164,0.268288553,0.296285778,0.046685336,0.471223486
p02,575442.187,1.891,SHAKE,25,57,4.532978489,-12.2699274,3.190118161,-158.4150406,-16.65661328,-0.421109028,0.748835683,0.434042931,0.711093426,0.590330184,0.734758019,0.294836566,0.268688738,0.295493618,0.052393947,0.471097704
p02,575442.218,1.922,SHAKE,25,58,4.638931943,-12.76476161,3.093732726,-158.3090871,-17.15144749,-0.517494464,0.749481261,0.433190942,0.711889744,0.591270268,0.735880911,0.293681711,0.26867485,0.297588557,0.050620106,0.468799043
p02,575442.25,1.954,SHAKE,25,59,4.351869789,-12.31066656,3.318181226,-158.5961493,-16.69735244,-0.293045963,0.748464048,0.432291448,0.711045325,0.591518939,0.735882193,0.293308705,0.268903673,0.298210233,0.04678945,0.46605625
p02,575442.296,2,SHAKE,25,60,4.476187794,-11.71306757,3.371126952,-158.4718313,-16.09975344,-0.240100237,0.747877717,0.432168007,0.710725486,0.591319263,0.735769957,0.292976439,0.269395232,0.298342824,0.044944224,0.466549073
p02,575446.156,0,SHAKE,26,0,-31.74639641,70.94031946,156.9438382,165.3055845,66.55363358,153.332611,0.11973083,0.422901124,0.195869476,0.555518508,0.157653365,0.300193787,0.19835943,0.255324721,-0.191180904,0.480593248
p02,575446.187,0.031,SHAKE,26,1,-28.69927953,65.92598428,161.3996075,168.3527014,61.5392984,157.7883803,0.13757059,0.418645203,0.203634083,0.560192108,0.169599522,0.296532631,0.213214487,0.263659477,-0.150219305,0.463145014
p02,575446.218,0.062,SHAKE,26,2,2.098203007,24.45135447,1.350751885,-160.8498161,20.06466859,-2.260475304,0.159612909,0.415847182,0.215527534,0.561451137,0.18304573,0.292751491,0.23182001,0.268699646,-0.10108196,0.458116313
p02,575446.25,0.094,SHAKE,26,3,-19.56599773,50.76556881,170.1809759,177.4859832,46.37888294,166.5697488,0.184683591,0.415628731,0.232545391,0.559359074,0.200661238,0.288712949,0.246788174,0.270646125,-0.064742353,0.468936264
p02,575446.281,0.125,SHAKE,26,4,2.716657353,11.72873811,-1.152188775,-160.2313617,7.342052234,-4.763415964,0.211203113,0.409227431,0.251061469,0.55490905,0.218553826,0.287639052,0.251926497,0.267269999,-0.029178007,0.454927151
p02,575446.312,0.156,SHAKE,26,5,3.700756853,2.206443424,-3.05357618,-159.2472622,-2.180242452,-6.664803369,0.241601348,0.404821396,0.270248592,0.552872956,0.235730328,0.284983933,0.258203149,0.267889023,0.022737989,0.447339953
p02,575446.375,0.219,SHAKE,26,6,4.577759672,-4.868658271,-4.57008584,-158.3702594,-9.255344147,-8.181313029,0.264312804,0.402932584,0.286320537,0.553530633,0.251603246,0.282749385,0.259631723,0.270781249,0.048952254,0.443838708
p02,575446.39,0.234,SHAKE,26,7,3.132554312,-15.16746199,-6.782351295,-159.8154647,-19.55414787,-10.39357848,0.284373879,0.397390664,0.298746884,0.552170634,0.264049128,0.281525791,0.256634906,0.270644844,0.079197145,0.428106708
p02,575446.421,0.265,SHAKE,26,8,4.406961812,-19.6927667,-7.953105531,-158.5410573,-24.07945258,-11.56433272,0.30110696,0.396196187,0.309864253,0.548939347,0.276587203,0.281109065,0.253821388,0.267830282,0.096602405,0.429701678
p02,575446.453,0.297,SHAKE,26,9,6.211537098,-23.40654915,-9.154680971,-156.736482,-27.79323503,-12.76590816,0.313931525,0.396936506,0.317689657,0.547981977,0.283533573,0.280525833,0.25316906,0.267456144,0.120069773,0.435251443
p02,575446.484,0.328,SHAKE,26,10,5.439159439,-25.22092607,-9.140561138,-157.5088596,-29.60761194,-12.75178833,0.316960871,0.398229599,0.319013059,0.549595714,0.285394318,0.281405583,0.252047807,0.268190131,0.125240339,0.435601473
p02,575446.515,0.359,SHAKE,26,11,5.063232037,-24.27120642,-8.635065984,-157.884787,-28.6578923,-12.24629317,0.315442562,0.399365306,0.318452328,0.549919784,0.285497025,0.283355862,0.252561942,0.266563922,0.118567102,0.435203095
p02,575446.562,0.406,SHAKE,26,12,5.812092788,-20.41752226,-7.819527869,-157.1359263,-24.80420813,-11.43075506,0.31012854,0.402212709,0.316301197,0.550216198,0.282736979,0.283392847,0.255219892,0.266823351,0.107325335,0.445312833
p02,575446.593,0.437,SHAKE,26,13,6.369105302,-17.36152243,-6.016670268,-156.5789138,-21.7482083,-9.627897458,0.30237937,0.405454576,0.309669465,0.551775098,0.281021222,0.284331679,0.258591712,0.267443419,0.082594091,0.452891671
p02,575446.625,0.469,SHAKE,26,14,5.67371174,-12.11279619,-4.168887043,-157.2743073,-16.49948206,-7.780114232,0.290266991,0.405442983,0.300918877,0.552804768,0.273993343,0.284488231,0.260622442,0.268316537,0.062441467,0.450791268
p02,575446.656,0.5,SHAKE,26,15,4.498906089,-6.702067583,-2.05854343,-158.449113,-11.08875346,-5.669770619,0.27716127,0.404669374,0.290895969,0.553274155,0.267362863,0.284278974,0.261636212,0.268995181,0.037450502,0.447555975
p02,575446.687,0.531,SHAKE,26,16,3.589098903,-1.772478987,-0.371302724,-159.3589202,-6.159164862,-3.982529913,0.266991198,0.404739946,0.282841921,0.553716123,0.262022808,0.284075186,0.260341987,0.269640937,0.01908409,0.447501635
p02,575446.718,0.562,SHAKE,26,17,3.722075365,1.714838949,0.473975334,-159.2259437,-2.671846927,-3.137251855,0.25903061,0.405184954,0.277702242,0.553851962,0.257344186,0.284067839,0.260349065,0.269784123,0.00647755,0.448940856
p02,575446.765,0.609,SHAKE,26,18,2.97490483,4.49553343,1.30087676,-159.9731142,0.108847554,-2.310350429,0.254006088,0.404941142,0.274144739,0.554358482,0.25539986,0.283317834,0.259243697,0.271040648,-0.005376303,0.448727186
p02,575446.781,0.625,SHAKE,26,19,3.172461852,5.021728533,1.46061215,-159.7755572,0.635042657,-2.150615039,0.251537919,0.404545397,0.272915006,0.554149747,0.253925957,0.283072188,0.259248525,0.271077558,-0.009211384,0.448112373
p02,575446.828,0.672,SHAKE,26,20,3.068462505,5.558356007,1.473492397,-159.8795566,1.171670131,-2.137734792,0.250508219,0.403961241,0.272257894,0.554066062,0.252878472,0.282466605,0.259267136,0.271599457,-0.009142127,0.447330188
p02,575446.859,0.703,SHAKE,26,21,2.859101454,6.106349056,1.446866671,-160.0889176,1.719663181,-2.164360519,0.249926478,0.402803242,0.272089332,0.553269625,0.252289131,0.281733468,0.259002805,0.271536157,-0.009122116,0.445869808
p02,575446.89,0.734,SHAKE,26,22,2.576138718,6.831774002,1.528085394,-160.3718803,2.445088126,-2.083141795,0.249456093,0.401941776,0.271885306,0.55264473,0.252319992,0.281280354,0.258409828,0.271364376,-0.011082778,0.444647247
p02,575446.921,0.765,SHAKE,26,23,2.644584488,6.781035995,1.440858432,-160.3034346,2.394350119,-2.170368757,0.249751166,0.401367486,0.272359699,0.551964283,0.25240092,0.281103358,0.258347675,0.270860925,-0.010256544,0.44400693
p02,575446.953,0.797,SHAKE,26,24,2.629469948,6.622101327,1.403401711,-160.3185491,2.235415451,-2.207825478,0.250133544,0.401500136,0.272596776,0.552067339,0.253014058,0.280698359,0.258751661,0.27136898,-0.011132349,0.445156909
p02,575446.984,0.828,SHAKE,26,25,2.707128091,6.390824685,1.265784467,-160.240891,2.004138809,-2.345442722,0.251272857,0.401203811,0.273728937,0.551349163,0.253517956,0.280424863,0.25795044,0.2709243,-0.008703603,0.445803304
p02,575447.031,0.875,SHAKE,26,26,2.632948259,6.428684387,1.37329559,-160.3150708,2.041998511,-2.237931599,0.251663417,0.400934637,0.273828506,0.55094558,0.254328072,0.280236021,0.257993534,0.270709559,-0.010328381,0.445860191
p02,575447.046,0.89,SHAKE,26,27,2.279866483,6.637080746,1.402750977,-160.6681526,2.25039487,-2.208476212,0.251963437,0.400355011,0.273801267,0.550598621,0.254817858,0.280326352,0.258249521,0.27027227,-0.01105296,0.444102755
p02,575447.093,0.937,SHAKE,26,28,2.382878342,6.460195546,1.389761887,-160.5651407,2.07350967,-2.221465303,0.252730638,0.400410891,0.27417469,0.550746739,0.255293414,0.280335233,0.258199304,0.270411506,-0.009925574,0.444047887
p02,575447.125,0.969,SHAKE,26,29,2.632038822,6.46181609,1.454523144,-160.3159802,2.075130214,-2.156704045,0.25286144,0.400898755,0.274548262,0.550655067,0.255637705,0.280454919,0.257794738,0.270200148,-0.010769286,0.445757845
p02,575447.156,1,SHAKE,26,30,2.371517216,6.110060884,1.359484649,-160.5765018,1.723375008,-2.251742541,0.253528029,0.400475234,0.274864703,0.550347984,0.25605908,0.280636624,0.25751245,0.26971136,-0.009828852,0.444321701
p02,575447.187,1.031,SHAKE,26,31,2.58350716,6.207097302,1.388132186,-160.3645119,1.820411426,-2.223095003,0.253840297,0.400931656,0.275177985,0.550562143,0.25628835,0.28053093,0.257670209,0.270031214,-0.009500719,0.445877071
p02,575447.218,1.062,SHAKE,26,32,2.526331927,5.931806888,1.314049334,-160.4216871,1.545121012,-2.297177855,0.254188567,0.400781959,0.275432289,0.550266504,0.256575532,0.280535832,0.257563874,0.269730672,-0.009267468,0.445800718
p02,575447.265,1.109,SHAKE,26,33,2.466309993,5.912876308,1.195402896,-160.4817091,1.526190433,-2.415824294,0.254799366,0.400229335,0.276055664,0.54974395,0.256832272,0.280265823,0.257489309,0.269478127,-0.007895108,0.445169755
p02,575447.296,1.14,SHAKE,26,34,2.512631265,6.006501097,1.148055458,-160.4353878,1.619815221,-2.463171732,0.255088687,0.399817228,0.276588231,0.549810469,0.257009238,0.280104041,0.257792652,0.269706428,-0.007449984,0.443864791
p02,575447.328,1.172,SHAKE,26,35,2.488345682,6.288340422,1.189933733,-160.4596734,1.901654546,-2.421293456,0.255169928,0.399561733,0.276771545,0.549664974,0.257117599,0.279912323,0.257663369,0.269752651,-0.007558976,0.443552305
p02,575447.359,1.203,SHAKE,26,36,2.608053633,6.287140422,1.234150729,-160.3399654,1.900454546,-2.37707646,0.255287707,0.400026798,0.276753873,0.549602091,0.25733082,0.279954851,0.2577485,0.269647241,-0.00792677,0.445292699
p02,575447.39,1.234,SHAKE,26,37,2.555161362,6.30980409,1.209064018,-160.3928577,1.923118214,-2.402163172,0.255382091,0.399721533,0.277010858,0.549621105,0.25735531,0.279796809,0.257570624,0.269824296,-0.007660886,0.444454876
p02,575447.421,1.265,SHAKE,26,38,2.460483812,6.21830462,1.146065263,-160.4875353,1.831618745,-2.465161926,0.25568074,0.399593949,0.277223736,0.549486518,0.257480361,0.279856861,0.257643357,0.269629657,-0.00698493,0.444079816
p02,575447.453,1.297,SHAKE,26,39,2.580016304,6.079478506,1.157131038,-160.3680028,1.692792631,-2.454096152,0.255811393,0.399705559,0.27722308,0.549657583,0.25749781,0.279501274,0.257818341,0.270156309,-0.006541104,0.444943467
p02,575447.484,1.328,SHAKE,26,40,2.382554223,6.074743542,1.113275544,-160.5654648,1.688057666,-2.497951646,0.255832255,0.398750782,0.277141839,0.549191833,0.257508896,0.278970405,0.257787734,0.270221427,-0.006503961,0.4432675
p02,575447.515,1.359,SHAKE,26,41,2.43515284,6.04052469,1.091681404,-160.5128662,1.653838814,-2.519545785,0.255874813,0.39848873,0.277501911,0.549092591,0.257617146,0.27876626,0.258056074,0.270326331,-0.006751762,0.442881276
p02,575447.546,1.39,SHAKE,26,42,2.329508819,6.17082543,1.090399544,-160.6185102,1.784139554,-2.520827645,0.255965203,0.398413688,0.277507097,0.54910171,0.257691011,0.278788999,0.2580823,0.270312712,-0.006687044,0.442541856
p02,575447.593,1.437,SHAKE,26,43,2.413096758,6.202385009,1.12541311,-160.5349223,1.815699133,-2.485814079,0.25600782,0.398615807,0.277624637,0.549268365,0.257861696,0.278749034,0.258251369,0.270519331,-0.007178571,0.443098735
p02,575447.625,1.469,SHAKE,26,44,2.351256653,5.978140027,1.096460984,-160.5967624,1.591454151,-2.514766205,0.256208867,0.398489892,0.277683884,0.549283206,0.257872328,0.278980955,0.257952452,0.270302251,-0.006448713,0.44213075
p02,575447.656,1.5,SHAKE,26,45,2.33847479,5.958601982,1.050779175,-160.6095443,1.571916106,-2.560448015,0.255968928,0.39844054,0.277573973,0.549258411,0.257636629,0.279044434,0.258155152,0.270213977,-0.006460071,0.441857623
p02,575447.687,1.531,SHAKE,26,46,2.292583217,6.038243312,1.049144214,-160.6554358,1.651557436,-2.562082975,0.25579226,0.398363352,0.277409285,0.549341679,0.257503599,0.279075503,0.258067653,0.270266175,-0.006631357,0.441371727
p02,575447.718,1.562,SHAKE,26,47,2.348404668,6.021594613,1.0524796,-160.5996144,1.634908737,-2.55874759,0.255609483,0.398605853,0.27719453,0.549185753,0.257302657,0.279071271,0.257993102,0.270114481,-0.006562866,0.442533037
p02,575447.75,1.594,SHAKE,26,48,2.34379373,6.190613997,1.062560498,-160.6042253,1.803928121,-2.548666691,0.255058289,0.398539543,0.27707541,0.549008369,0.25694979,0.279146731,0.257630333,0.269861639,-0.00734192,0.44242232
p02,575447.796,1.64,SHAKE,26,49,2.298851134,6.129031137,1.070230883,-160.6491679,1.742345262,-2.540996306,0.254852116,0.398594499,0.276837111,0.549396813,0.256925926,0.279204443,0.257676885,0.27019237,-0.008048101,0.441870567
p02,575447.828,1.672,SHAKE,26,50,2.385114271,5.931305008,1.030967224,-160.5629048,1.544619132,-2.580259965,0.254735947,0.398551166,0.276620299,0.549081802,0.256572008,0.279144749,0.25755097,0.269937053,-0.007128925,0.442349116
p02,575447.859,1.703,SHAKE,26,51,2.268624731,5.526131719,0.897160193,-160.6793943,1.139445843,-2.714066997,0.254683316,0.398554653,0.276388973,0.549482226,0.256260514,0.279278219,0.257787734,0.270204008,-0.006118206,0.441431033
p02,575447.89,1.734,SHAKE,26,52,2.229485571,5.682542263,0.910527142,-160.7185335,1.295856387,-2.700700047,0.254399478,0.39836517,0.276115149,0.549494684,0.25592728,0.27936323,0.257859573,0.270131454,-0.005924935,0.440533445
p02,575447.921,1.765,SHAKE,26,53,2.416018141,5.899953236,0.944400261,-160.5320009,1.51326736,-2.666826929,0.253770888,0.398891479,0.275928706,0.54935962,0.255553365,0.279558137,0.258000165,0.269801483,-0.006908821,0.442300541
p02,575447.953,1.797,SHAKE,26,54,2.384444508,6.330979945,1.028869346,-160.5635746,1.944294069,-2.582357844,0.253315687,0.399191201,0.27552706,0.549506307,0.255390689,0.279686406,0.25793013,0.2698199,-0.008044821,0.442905784
p02,575447.984,1.828,SHAKE,26,55,2.465048765,6.549653496,1.041370251,-160.4829703,2.16296762,-2.569856938,0.253093183,0.399579018,0.275434464,0.549382925,0.255201086,0.279770508,0.257892966,0.269612417,-0.008173559,0.444373117
p02,575448.031,1.875,SHAKE,26,56,2.487749404,6.62560197,1.042065804,-160.4602697,2.238916094,-2.569161385,0.252607286,0.399568439,0.275057554,0.549795628,0.254745781,0.279776171,0.257910267,0.270019457,-0.008291626,0.443643096
p02,575448.062,1.906,SHAKE,26,57,2.462054808,6.194502361,0.958228294,-160.4859643,1.807816485,-2.652998895,0.252725124,0.399629056,0.274903744,0.549881339,0.254506439,0.279806525,0.258009613,0.270074815,-0.006904063,0.44366422
p02,575448.093,1.937,SHAKE,26,58,2.392253653,6.116159746,0.851781001,-160.5557654,1.72947387,-2.759446188,0.252861679,0.399424404,0.275193006,0.550204873,0.254344568,0.279871285,0.25790979,0.270333588,-0.005749642,0.442242933
p02,575448.125,1.969,SHAKE,26,59,2.425919969,5.976398213,0.861105162,-160.5220991,1.589712337,-2.750122027,0.25296706,0.39967671,0.275118291,0.549797177,0.254379712,0.279952496,0.257997483,0.269844681,-0.00547545,0.443678243
p02,575448.156,2,SHAKE,26,60,2.385659346,6.312715515,0.973609389,-160.5623597,1.926029639,-2.6376178,0.252669126,0.399624467,0.27479738,0.550130963,0.254354849,0.279813111,0.258223101,0.270317852,-0.006528168,0.443223986
p02,575452.171,0,SHAKE,27,0,8.224791012,-41.9884668,-6.281576981,-154.723228,-46.37515267,-9.89280417,0.668827832,0.545537055,0.595056832,0.702911198,0.610950619,0.40345557,0.22819829,0.299455628,0.253626847,0.474465901
p02,575452.187,0.016,SHAKE,27,1,6.819121137,-37.69124464,-3.534476358,-156.1288979,-42.07793051,-7.145703547,0.64707154,0.551921189,0.577819705,0.706195116,0.593172848,0.402604699,0.250889003,0.303590417,0.214830827,0.491835319
p02,575452.234,0.063,SHAKE,27,2,-2.300716676,-42.50398064,-178.2534592,-165.2487357,-46.89066652,178.1353136,0.619185925,0.556183159,0.549753666,0.710800171,0.56782344,0.404547185,0.262733042,0.306252986,0.195493054,0.495133048
p02,575452.265,0.094,SHAKE,27,3,-0.972478712,-33.95373272,-177.7688978,-163.9204978,-38.34041859,178.619875,0.58945334,0.559477925,0.527557433,0.716101706,0.546769783,0.401431069,0.273048937,0.314670637,0.156322003,0.502261215
p02,575452.296,0.125,SHAKE,27,4,0.516843974,-21.67270874,-176.7205638,-162.4311751,-26.05939462,179.6682091,0.554319561,0.559430063,0.507839978,0.71291858,0.525355056,0.397022128,0.297138393,0.315896451,0.097478163,0.514117629
p02,575452.328,0.157,SHAKE,27,5,4.536721876,-12.11251616,-175.6794851,-158.4112972,-16.49920204,-179.2907122,0.521890342,0.564630151,0.488764822,0.71408689,0.504486501,0.393688932,0.309309304,0.320397958,0.056266788,0.533527803
p02,575452.375,0.204,SHAKE,27,6,5.575590376,-3.818416543,-174.3004157,-157.3724287,-8.205102419,-177.9116429,0.489390433,0.564365566,0.469953537,0.717081904,0.486006647,0.390729249,0.312812746,0.326352656,0.010817288,0.532051185
p02,575452.39,0.219,SHAKE,27,7,0.151837879,4.610105011,-172.8946912,-162.7961812,0.223419135,-176.5059184,0.459682554,0.554288924,0.453122228,0.714006901,0.467400715,0.386621878,0.31036967,0.327385023,-0.024867638,0.512140246
p02,575452.437,0.266,SHAKE,27,8,-2.913382113,9.893871906,-172.219487,-165.8614012,5.50718603,-175.8307142,0.444605917,0.550536036,0.441238046,0.707898498,0.456432596,0.38429229,0.309094816,0.323606208,-0.038262302,0.513722366
p02,575452.468,0.297,SHAKE,27,9,-3.012535524,14.4948323,-172.1464723,-165.9605546,10.10814642,-175.7576995,0.435034543,0.550222397,0.435678303,0.710811973,0.448942095,0.382804558,0.309793055,0.328007415,-0.044893039,0.510408703
p02,575452.5,0.329,SHAKE,27,10,-2.907059378,13.67957938,-173.0009855,-165.8550784,9.292893508,-176.6122127,0.433647871,0.548927069,0.436027825,0.711681843,0.444632232,0.382214844,0.313159525,0.329466999,-0.035075929,0.506005837
p02,575452.531,0.36,SHAKE,27,11,-3.196761251,12.96794845,-173.5809903,-166.1447803,8.581262571,-177.1922175,0.430844724,0.54764396,0.43481335,0.711054981,0.441584215,0.38145715,0.315385938,0.329597831,-0.0340519,0.504210872
p02,575452.562,0.391,SHAKE,27,12,-1.675406269,14.50530908,-173.5299606,-164.6234253,10.1186232,-177.1411878,0.426981091,0.550250649,0.432328999,0.713662386,0.437944084,0.381867781,0.31514889,0.331794605,-0.03478671,0.507491279
p02,575452.593,0.422,SHAKE,27,13,-1.728108946,17.68598978,-174.0388619,-164.676128,13.29930391,-177.6500891,0.421571076,0.551672339,0.430644721,0.715872467,0.432279915,0.381513163,0.316723377,0.334359303,-0.03381133,0.508911146
p02,575452.625,0.454,SHAKE,27,14,-3.029280727,20.47825675,-174.4872881,-165.9772998,16.09157088,-178.0985153,0.415647805,0.55333221,0.426675647,0.71702373,0.426229507,0.382602587,0.316231012,0.334421143,-0.033461936,0.510522812
p02,575452.656,0.485,SHAKE,27,15,-4.341740563,23.40640709,-174.6040468,-167.2897596,19.01972121,-178.215274,0.407573819,0.552635849,0.421733499,0.717436135,0.421075463,0.384582505,0.316492498,0.33285363,-0.042660234,0.504886619
p02,575452.687,0.516,SHAKE,27,16,-6.635592325,28.54888124,-174.8239961,-169.5836114,24.16219537,-178.4352233,0.398109734,0.551965296,0.41488874,0.719076395,0.41375953,0.386237323,0.31604594,0.332839072,-0.049517471,0.49792223
p02,575452.734,0.563,SHAKE,27,17,0.628030314,20.53649226,6.259597432,-162.3199887,16.14980639,2.648370243,0.383024991,0.553927302,0.405474365,0.722274303,0.404117644,0.388806939,0.315501928,0.333467364,-0.066854277,0.495161989
p02,575452.765,0.594,SHAKE,27,18,-4.311599136,34.89607965,-174.233211,-167.2596182,30.50939378,-177.8444382,0.364580482,0.562553167,0.393230051,0.724433422,0.390326858,0.390466839,0.318330377,0.333966583,-0.080879417,0.515280082
p02,575452.796,0.625,SHAKE,27,19,-4.533408573,37.84898727,-173.6251711,-167.4814276,33.4623014,-177.2363983,0.339172959,0.567888141,0.372456789,0.720038891,0.373303831,0.391487882,0.318942338,0.328551009,-0.10701267,0.53690372
p02,575452.828,0.657,SHAKE,27,20,-7.002193208,44.68314982,-173.3144622,-169.9502123,40.29646394,-176.9256894,0.305439055,0.557289839,0.354509592,0.71432519,0.354596287,0.393940806,0.306670874,0.320384383,-0.160293123,0.509853292
p02,575452.859,0.688,SHAKE,27,21,-6.45742979,53.48628679,-171.3016228,-169.4054489,49.09960091,-174.91285,0.271475345,0.553365767,0.331332237,0.715997994,0.335829273,0.392317325,0.299500048,0.323680669,-0.214871177,0.497553476
p02,575452.906,0.735,SHAKE,27,22,-3.505291519,65.16275348,-170.5570295,-166.4533106,60.77606761,-174.1682567,0.243291453,0.547708333,0.322457969,0.708895087,0.315433927,0.391561687,0.26289162,0.3173334,-0.274419071,0.492058653
p02,575452.937,0.766,SHAKE,27,23,-2.220182867,72.98125704,-170.365003,-165.1682019,68.59457116,-173.9762302,0.220867053,0.537920535,0.308279932,0.705321789,0.29176268,0.387818217,0.224801004,0.317503572,-0.315370598,0.472757886
p02,575452.968,0.797,SHAKE,27,24,4.245289347,18.45481402,5.688237932,-158.7027297,14.06812815,2.077010742,0.201282427,0.531410336,0.292965144,0.698728323,0.275630511,0.389746785,0.186225533,0.308981538,-0.399236792,0.458485489
p02,575453,0.829,SHAKE,27,25,-19.6523335,-22.53518698,-176.3656473,177.3996474,-26.92187286,-179.9768745,0.190151423,0.530580342,0.283774793,0.693358541,0.258357942,0.393271193,0.183870316,0.300087348,-0.37094905,0.457563939
p02,575453.031,0.86,SHAKE,27,26,-98.41734055,-26.79169427,-123.0091909,98.63464039,-31.17838015,-126.620418,0.187756479,0.531843901,0.281338692,0.694490314,0.257275909,0.397734225,0.171637326,0.296756089,-0.405036782,0.451918869
p02,575453.062,0.891,SHAKE,27,27,2.742020721,51.03440459,9.72367209,-160.2059983,46.64771871,6.112444901,0.191008016,0.53629899,0.280335784,0.692582071,0.254512131,0.395282403,0.173759043,0.297299668,-0.365472286,0.474324739
p02,575453.093,0.922,SHAKE,27,28,-4.289791434,77.98923169,-175.3168083,-167.2378105,73.60254582,-178.9280354,0.197423965,0.534956276,0.288319737,0.69345355,0.259533167,0.395904034,0.181900054,0.297549516,-0.341446859,0.467324713
p02,575453.14,0.969,SHAKE,27,29,-4.557979451,73.87433247,-177.8757616,-167.5059985,69.4876466,178.5130112,0.210796371,0.539983034,0.300708503,0.702261806,0.262939319,0.395684034,0.194370657,0.306577772,-0.268265533,0.470676656
p02,575453.171,1,SHAKE,27,30,-4.088002784,64.59626094,-177.7383113,-167.0360218,60.20957506,178.6504615,0.226224437,0.544971168,0.310456008,0.710197151,0.274261087,0.398995802,0.226494044,0.311201349,-0.212087916,0.46907048
p02,575453.187,1.016,SHAKE,27,31,-5.735355555,57.64742555,-179.7542783,-168.6833746,53.26073967,176.6344945,0.247918934,0.552011013,0.319502264,0.7100932,0.287047915,0.399572447,0.258106828,0.310520753,-0.151599947,0.490912651
p02,575453.234,1.063,SHAKE,27,32,-2.881122782,51.11609626,179.7124781,-165.8291418,46.72941039,176.1012509,0.27152276,0.564484,0.341104478,0.714762986,0.304246075,0.401067048,0.275412306,0.313695937,-0.118815733,0.520940607
p02,575453.265,1.094,SHAKE,27,33,-2.491979058,45.29694798,179.8688943,-165.4399981,40.91026211,176.2576671,0.295351118,0.569518328,0.354525536,0.721308053,0.321560256,0.399018541,0.297181353,0.322289512,-0.088192405,0.529026793
p02,575453.296,1.125,SHAKE,27,34,-1.673358374,35.83604681,179.7532254,-164.6213774,31.44936093,176.1419982,0.32303521,0.567857146,0.367482245,0.718870521,0.339281559,0.397418067,0.31331557,0.321452454,-0.051852988,0.530215518
p02,575453.328,1.157,SHAKE,27,35,3.306649033,27.33137907,179.6414319,-159.64137,22.9446932,176.0302047,0.347396523,0.567967892,0.382226646,0.720085859,0.351595663,0.395640463,0.321360141,0.324445397,-0.013066772,0.531144627
p02,575453.359,1.188,SHAKE,27,36,6.302563743,8.955722028,-0.954587808,-156.6454553,4.569036152,-4.565814997,0.373054385,0.564506769,0.399993658,0.721137166,0.368160203,0.394166052,0.320506692,0.326971114,0.01527014,0.520965644
p02,575453.39,1.219,SHAKE,27,37,6.453536575,3.282446256,-2.370746405,-156.4944825,-1.104239619,-5.981973595,0.392610013,0.561716199,0.411612749,0.720010281,0.379833266,0.393320024,0.31720604,0.326690257,0.040279017,0.515461271
p02,575453.437,1.266,SHAKE,27,38,5.326982632,9.916082591,176.8495677,-157.6210364,5.529396715,173.2383405,0.410408497,0.556612492,0.423938721,0.717719078,0.3912801,0.390100718,0.312721834,0.327618361,0.06116745,0.508249214
p02,575453.468,1.297,SHAKE,27,39,4.684094947,5.225189394,176.0596815,-158.2639241,0.838503518,172.4484543,0.424763918,0.553515971,0.43306461,0.714661777,0.399024874,0.38899149,0.309787646,0.325670287,0.083086089,0.505187262
p02,575453.531,1.36,SHAKE,27,40,5.536191149,-10.79025052,-4.800321008,-157.4118279,-15.1769364,-8.411548198,0.432107389,0.551364303,0.437900424,0.714613676,0.403366312,0.386717215,0.307064205,0.327896461,0.093599567,0.502131334
p02,575453.546,1.375,SHAKE,27,41,6.083359597,-11.24942602,-4.755644354,-156.8646595,-15.63611189,-8.366871544,0.43550691,0.55267489,0.43977353,0.713823974,0.40601483,0.385197416,0.306723163,0.328626558,0.096152113,0.509628542
p02,575453.578,1.407,SHAKE,27,42,6.136649832,-11.48998673,-4.010902416,-156.8113692,-15.87667261,-7.622129606,0.435638875,0.55276078,0.43833217,0.714637637,0.408479393,0.383320883,0.306033567,0.331316754,0.088746743,0.511413609
p02,575453.593,1.422,SHAKE,27,43,6.882493005,-10.3280106,-3.153002947,-156.0655261,-14.71469647,-6.764230136,0.434383273,0.553593278,0.436260343,0.713333368,0.4102799,0.382777154,0.309427708,0.330556214,0.077896622,0.51675363
p02,575453.625,1.454,SHAKE,27,44,6.59697932,-9.882186965,-2.67564152,-156.3510397,-14.26887284,-6.28686871,0.432881176,0.552048087,0.43485111,0.711545646,0.410381377,0.38286975,0.307782456,0.328675896,0.073102931,0.514726936
p02,575453.656,1.485,SHAKE,27,45,6.384459091,3.54514838,178.5014199,-156.56356,-0.841537496,174.8901927,0.430982798,0.551407516,0.43326664,0.709874511,0.412583366,0.382616088,0.307164192,0.327258423,0.059900968,0.515774129
p02,575453.703,1.532,SHAKE,27,46,6.268003079,4.199336975,178.9502447,-156.680016,-0.187348901,175.3390175,0.430164397,0.550598383,0.432531774,0.710310102,0.412373632,0.381309032,0.305924326,0.329001069,0.058154135,0.514555624
p02,575453.734,1.563,SHAKE,27,47,6.009886654,4.033866598,179.2357159,-156.9381324,-0.352819278,175.6244887,0.429975897,0.550020993,0.431081891,0.709498942,0.412315145,0.381099716,0.3053675,0.328399226,0.057834419,0.514377817
p02,575453.765,1.594,SHAKE,27,48,6.358140406,4.48884485,179.3409128,-156.5898787,0.102158974,175.7296856,0.429685622,0.550010741,0.431271374,0.708689928,0.412966177,0.381563842,0.305435061,0.327126086,0.054739772,0.514929582
p02,575453.796,1.625,SHAKE,27,49,6.082506546,4.466014619,179.4105222,-156.8655125,0.079328743,175.799295,0.429627568,0.549373031,0.431467444,0.709095478,0.413586795,0.381107524,0.3061032,0.327987954,0.052403151,0.513023434
p02,575453.843,1.672,SHAKE,27,50,6.271243865,4.382310791,179.4369318,-156.6767752,-0.004375085,175.8257046,0.430283785,0.549516797,0.431796998,0.708786428,0.414077073,0.380692527,0.306154549,0.328093901,0.052936373,0.514560831
p02,575453.859,1.688,SHAKE,27,51,6.696558171,4.964797715,179.4998203,-156.2514609,0.578111839,175.8885931,0.430531949,0.549852252,0.432218105,0.709403813,0.414217219,0.380743682,0.30721426,0.328660131,0.05310538,0.514539349
p02,575453.906,1.735,SHAKE,27,52,6.652664491,5.108865891,179.6048764,-156.2953546,0.722180015,175.9936492,0.43075335,0.549930871,0.432581335,0.708389461,0.414651245,0.381098971,0.306892216,0.32729049,0.052468276,0.515847251
p02,575453.921,1.75,SHAKE,27,53,6.527110429,5.320012184,179.6422007,-156.4209086,0.933326308,176.0309735,0.430140197,0.550117195,0.432333082,0.709581852,0.414829493,0.381664127,0.307963818,0.327917725,0.049715921,0.513705283
p02,575453.968,1.797,SHAKE,27,54,6.809615314,5.062222835,179.8594109,-156.1384037,0.675536959,176.2481837,0.431256682,0.550636292,0.432438731,0.709424496,0.415596068,0.381025583,0.307340086,0.328398913,0.050955324,0.516477681
p02,575454.015,1.844,SHAKE,27,55,6.975915771,5.182899704,179.7942848,-155.9721033,0.796213828,176.1830576,0.430966944,0.551051438,0.432460755,0.709424138,0.415581107,0.381330162,0.308072835,0.328093976,0.049942204,0.517294702
p02,575454.046,1.875,SHAKE,27,56,6.656208846,-6.97653511,-0.406435564,-156.2918102,-11.36322099,-4.017662754,0.431638449,0.551475644,0.432607114,0.71056664,0.416414127,0.38138622,0.306871593,0.329180419,0.049611378,0.516705775
p02,575454.062,1.891,SHAKE,27,57,7.55471187,4.991717746,-179.8723728,-155.3933072,0.60503187,176.5164,0.431663603,0.55253154,0.431407928,0.708878875,0.416201442,0.381246537,0.308267325,0.327632338,0.050158284,0.52279639
p02,575454.093,1.922,SHAKE,27,58,8.006355511,5.725779978,-179.7572342,-154.9416636,1.339094102,176.6315386,0.430832267,0.55169481,0.431492716,0.709394813,0.416410655,0.381478906,0.307941496,0.327915907,0.046832311,0.519084012
p02,575454.125,1.954,SHAKE,27,59,8.006096501,5.185638497,-179.813539,-154.9419226,0.798952621,176.5752338,0.432235956,0.552012205,0.432236701,0.710026383,0.417168528,0.382062554,0.307441175,0.327963829,0.049009142,0.518196324
p02,575454.203,2.032,SHAKE,27,60,9.007722989,4.57175842,-179.8116113,-153.9402961,0.185072544,176.5771615,0.432792127,0.553666532,0.432741076,0.709530473,0.418914884,0.384778664,0.307489753,0.324751809,0.045130749,0.520052125
p02,575457.796,0,SHAKE,28,0,-5.099195223,35.15597776,-176.3847045,-168.0472143,30.76929188,-179.9959317,0.22450915,0.480764776,0.243940547,0.627261043,0.238771446,0.35087952,0.270378232,0.276381522,-0.052749425,0.469949131
p02,575457.828,0.032,SHAKE,28,1,3.337780742,3.298469789,3.838093292,-159.6102383,-1.088216087,0.226866103,0.23541595,0.481972694,0.253174603,0.627174318,0.243980892,0.350542963,0.270961463,0.276631355,-0.031609445,0.475107862
p02,575457.875,0.079,SHAKE,28,2,-1.294507437,26.3444097,-178.6920446,-164.2425265,21.95772382,177.6967282,0.247592613,0.483404607,0.262508661,0.627687871,0.24847728,0.350397334,0.27094309,0.277290538,-0.00326514,0.47966755
p02,575457.906,0.11,SHAKE,28,3,4.212931651,-5.448390367,0.521003172,-158.7350874,-9.835076243,-3.090224017,0.258052588,0.480946749,0.26931107,0.628616929,0.252994895,0.349500015,0.273211792,0.279116914,0.018511985,0.470937903
p02,575457.921,0.125,SHAKE,28,4,5.34479818,-10.57513422,-0.913315017,-157.6032209,-14.9618201,-4.524542206,0.266506165,0.481750518,0.274679601,0.627103865,0.256062821,0.348939463,0.274772152,0.278164402,0.038007289,0.477455252
p02,575457.968,0.172,SHAKE,28,5,5.504568492,-11.45276878,-1.154836194,-157.4434506,-15.83945466,-4.766063383,0.270231843,0.481164575,0.27723369,0.62709564,0.25887759,0.348776117,0.274070486,0.278319523,0.041428221,0.475670756
p02,575458,0.204,SHAKE,28,6,5.374075576,-12.88938323,-1.383117812,-157.5739435,-17.27606911,-4.994345001,0.272560209,0.4800798,0.277622581,0.626326442,0.259748504,0.34878704,0.27488941,0.277539402,0.046606763,0.473059895
p02,575458.031,0.235,SHAKE,28,7,5.098931575,-12.34456048,-0.9744511,-157.8490875,-16.73124635,-4.58567829,0.272714555,0.479762137,0.277643502,0.626333952,0.261029705,0.348020375,0.275044233,0.278313577,0.04248353,0.473357295
p02,575458.062,0.266,SHAKE,28,8,5.044680064,-12.89309898,-0.898049168,-157.903339,-17.27978486,-4.509276357,0.273749352,0.479077101,0.277754813,0.626454055,0.261939853,0.3480528,0.275163367,0.278401256,0.042918133,0.470631143
p02,575458.093,0.297,SHAKE,28,9,4.843482805,-13.88827474,-0.840154311,-158.1045363,-18.27496061,-4.451381501,0.275026798,0.479048848,0.27849707,0.6260342,0.263524964,0.347296447,0.274817273,0.278737754,0.04185266,0.472675122
p02,575458.125,0.329,SHAKE,28,10,4.664010453,-14.48115749,-0.751941535,-158.2840086,-18.86784337,-4.363168725,0.275866926,0.478180379,0.278095156,0.625678658,0.264219202,0.34672609,0.275082693,0.278952569,0.042342626,0.471242439
p02,575458.171,0.375,SHAKE,28,11,4.582997481,-15.29346054,-0.726087587,-158.3650216,-19.68014642,-4.337314776,0.277772933,0.477429032,0.278983265,0.625486732,0.265701994,0.34669815,0.275254726,0.278788581,0.043853703,0.468924809
p02,575458.203,0.407,SHAKE,28,12,4.359055159,-14.57951259,-0.666481273,-158.5889639,-18.96619846,-4.277708462,0.277914613,0.477613717,0.27952379,0.625685334,0.266355008,0.346607938,0.27459617,0.279077396,0.042096747,0.469424543
p02,575458.265,0.469,SHAKE,28,13,4.629069868,-14.98143825,-0.613501383,-158.3189492,-19.36812412,-4.224728572,0.279134423,0.477202266,0.280313045,0.624597609,0.267571121,0.346132025,0.274622992,0.278465584,0.042106092,0.470687399
p02,575458.296,0.5,SHAKE,28,14,-2.056332681,11.34551487,179.9914741,-165.0043517,6.958828992,176.3802469,0.280251682,0.476522297,0.281415969,0.624185443,0.268783033,0.345665321,0.27493149,0.278520122,0.04171457,0.469829522
p02,575458.328,0.532,SHAKE,28,15,-2.283352087,11.35676026,179.795005,-165.2313711,6.970074386,176.1837778,0.28191191,0.475644141,0.283289939,0.622288942,0.270003244,0.345260262,0.274333999,0.27702868,0.043409367,0.470651194
p02,575458.359,0.563,SHAKE,28,16,4.807037286,-14.64272674,-1.145054617,-158.1409818,-19.02941262,-4.756281806,0.284336716,0.475513101,0.285559684,0.621716917,0.271659046,0.345062315,0.273912832,0.276654601,0.046283591,0.471529426
p02,575458.39,0.594,SHAKE,28,17,-2.276386555,10.27735471,179.2886744,-165.2244056,5.890668834,175.6774472,0.28660199,0.474850565,0.287621737,0.620653093,0.273132294,0.345064417,0.273808539,0.275588676,0.049193849,0.470941515
p02,575458.406,0.61,SHAKE,28,18,5.057015474,-15.4677592,-1.684517794,-157.8910036,-19.85444508,-5.295744983,0.287947357,0.474106878,0.288591087,0.61997807,0.27393695,0.344808906,0.273620397,0.275169164,0.051203811,0.469885397
p02,575458.437,0.641,SHAKE,28,19,5.169476294,-15.4361746,-1.587342447,-157.7785428,-19.82286048,-5.198569636,0.288810462,0.473736554,0.28891924,0.619906366,0.27502089,0.344392836,0.27373293,0.27551353,0.050376006,0.469464125
p02,575458.468,0.672,SHAKE,28,20,-2.244926794,9.434239821,179.3523982,-165.1929459,5.047553945,175.741171,0.289593369,0.4733814,0.289671093,0.619209826,0.27571699,0.344149426,0.273273543,0.2750604,0.050778346,0.46983126
p02,575458.5,0.704,SHAKE,28,21,4.857093988,-15.6260816,-1.52357137,-158.0909251,-20.01276747,-5.134798559,0.289731532,0.472744882,0.289995372,0.619252443,0.275943637,0.343845606,0.272923753,0.275406837,0.050519221,0.46803223
p02,575458.531,0.735,SHAKE,28,22,5.057429903,-15.34253581,-1.441572172,-157.8905892,-19.72922168,-5.052799361,0.289407462,0.473214716,0.289606899,0.618915856,0.275873199,0.34358263,0.273161516,0.275333226,0.049546741,0.470818897
p02,575458.562,0.766,SHAKE,28,23,5.190753821,-15.37376342,-1.36124734,-157.7572652,-19.76044929,-4.97247453,0.289385647,0.473261267,0.289491147,0.618609428,0.275993779,0.343542531,0.273005158,0.275066897,0.049053532,0.471589774
p02,575458.593,0.797,SHAKE,28,24,5.220368949,-15.336933,-1.168450578,-157.7276501,-19.72361888,-4.779677767,0.28900212,0.4734115,0.288522869,0.618932843,0.275927395,0.343577787,0.273024067,0.275355056,0.047888547,0.471513816
p02,575458.625,0.829,SHAKE,28,25,5.036090121,-15.28111239,-1.046957969,-157.9119289,-19.66779827,-4.658185158,0.288830549,0.473361075,0.288569063,0.618638754,0.275910676,0.343522161,0.273005068,0.275116593,0.047324664,0.471941414
p02,575458.656,0.86,SHAKE,28,26,-2.300908998,9.585135149,179.8277051,-165.2489281,5.198449274,176.2164779,0.288916558,0.473342061,0.288649231,0.618206739,0.276217014,0.343355879,0.273319528,0.27485086,0.046464095,0.472933509
p02,575458.687,0.891,SHAKE,28,27,-2.125809207,9.946552815,179.9106933,-165.0738283,5.559866939,176.2994661,0.28860718,0.473722577,0.288238138,0.618268549,0.276025482,0.343344167,0.273383811,0.274924383,0.046022105,0.474233711
p02,575458.734,0.938,SHAKE,28,28,5.085967929,-15.62302623,-0.972674427,-157.8620511,-20.0097121,-4.583901617,0.288353115,0.473695785,0.287968427,0.618582129,0.275906846,0.343422443,0.273235172,0.275159687,0.045551491,0.473446324
p02,575458.765,0.969,SHAKE,28,29,-2.135063397,9.954838227,179.9156993,-165.0830825,5.568152351,176.3044721,0.288241029,0.473853588,0.287813723,0.618316889,0.275496416,0.343359649,0.273075417,0.27495724,0.046670671,0.47459721
p02,575458.796,1,SHAKE,28,30,5.150944388,-15.47837858,-0.916479409,-157.7970747,-19.86506446,-4.527706598,0.287949622,0.473955303,0.287598342,0.618494868,0.275605261,0.343425095,0.273065642,0.275069773,0.045206567,0.474534904
p02,575458.843,1.047,SHAKE,28,31,-1.780186079,10.21470009,179.9053787,-164.7282051,5.828014217,176.2941515,0.287892193,0.474594921,0.287513524,0.617939413,0.275303207,0.343487471,0.273083821,0.274451941,0.046099345,0.477706403
p02,575458.859,1.063,SHAKE,28,32,-1.413125569,10.35828138,179.9317451,-164.3611446,5.971595509,176.3205179,0.287530303,0.474637985,0.287058443,0.618303776,0.27533827,0.343577623,0.273025349,0.274726152,0.044655316,0.477058193
p02,575458.906,1.11,SHAKE,28,33,-1.540745551,10.37449888,179.8893259,-164.4887646,5.987813005,176.2780987,0.287671089,0.474571556,0.287043393,0.618535936,0.274826109,0.343683079,0.272993445,0.274852857,0.047052338,0.476212903
p02,575458.937,1.141,SHAKE,28,34,-1.700533142,10.27203567,179.8677722,-164.6485522,5.885349792,176.256545,0.287534028,0.474469751,0.287076354,0.618792653,0.274846762,0.343686074,0.273150966,0.275106579,0.046447816,0.475392764
p02,575458.968,1.172,SHAKE,28,35,5.212704519,-15.1839572,-0.907058958,-157.7353145,-19.57064308,-4.518286147,0.287359208,0.474564523,0.28706792,0.619163156,0.275113687,0.343842059,0.27305387,0.275321096,0.044846539,0.474800024
p02,575459,1.204,SHAKE,28,36,5.252581618,-14.89596568,-0.804451525,-157.6954374,-19.28265156,-4.415678714,0.287026078,0.474645346,0.286760628,0.619088054,0.275005236,0.343938112,0.272934005,0.275149941,0.044043033,0.475040022
p02,575459.031,1.235,SHAKE,28,37,-1.304028492,10.53768598,179.9794614,-164.2520476,6.151000106,176.3682342,0.287177473,0.475384265,0.286685139,0.619418561,0.27490136,0.344024956,0.273165181,0.275393605,0.044940255,0.476987506
p02,575459.062,1.266,SHAKE,28,38,-1.456674263,10.66456673,179.9545672,-164.4046933,6.277880854,176.34334,0.287315398,0.4756459,0.286739409,0.619486809,0.274669342,0.344096541,0.273253128,0.275390267,0.046279641,0.477683397
p02,575459.093,1.297,SHAKE,28,39,-1.599010103,10.33529985,179.9385788,-164.5470292,5.948613974,176.3273516,0.287444115,0.475621462,0.286833733,0.619563878,0.274874374,0.344217718,0.273329437,0.27534616,0.045987511,0.477231076
p02,575459.125,1.329,SHAKE,28,40,5.466539709,-15.31076616,-0.924139044,-157.4814794,-19.69745204,-4.535366234,0.287436157,0.47587657,0.287067533,0.619523168,0.274910629,0.344354928,0.273253158,0.27516824,0.04583855,0.477968105
p02,575459.156,1.36,SHAKE,28,41,-1.472187423,10.37667231,179.8925362,-164.4202065,5.989986438,176.281309,0.287416518,0.476011038,0.287120193,0.619443297,0.274875738,0.344391793,0.273397222,0.275051504,0.045870181,0.478525813
p02,575459.203,1.407,SHAKE,28,42,-1.392411829,10.50824988,179.9729754,-164.3404309,6.121564005,176.3617482,0.287154436,0.475947201,0.286884248,0.619563162,0.275139928,0.3443674,0.273380607,0.275195763,0.043947917,0.478131641
p02,575459.234,1.438,SHAKE,28,43,-1.483835763,10.53603133,179.9605758,-164.4318548,6.14934545,176.3493486,0.287387997,0.475862175,0.287007362,0.619385123,0.275079608,0.344361827,0.273251519,0.275023296,0.045044174,0.47814258
p02,575459.265,1.469,SHAKE,28,44,-1.502697483,10.10310173,179.9855375,-164.4507165,5.716415854,176.3743103,0.287470549,0.475586534,0.287045151,0.619574189,0.275625676,0.344583347,0.273572743,0.274990842,0.043296979,0.476391087
p02,575459.296,1.5,SHAKE,28,45,-1.627546427,9.98196808,179.9324628,-164.5755655,5.595282205,176.3212356,0.287908763,0.475890577,0.287588388,0.619540334,0.275657341,0.344738081,0.273198992,0.274802253,0.044844316,0.477261356
p02,575459.328,1.532,SHAKE,28,46,5.384825741,-15.05269631,-0.847530102,-157.5631933,-19.43938219,-4.458757291,0.287800223,0.475556225,0.28750512,0.619761288,0.275845036,0.345058382,0.273523703,0.274702907,0.043708046,0.475050827
p02,575459.359,1.563,SHAKE,28,47,5.470558254,-15.05857935,-0.841635281,-157.4774608,-19.44526523,-4.452862471,0.287779778,0.475713998,0.287523329,0.619770885,0.275871076,0.34500517,0.27319631,0.274765715,0.043590276,0.47571011
p02,575459.39,1.594,SHAKE,28,48,-1.507289887,10.16583184,179.9134755,-164.4553089,5.779145966,176.3022483,0.287895054,0.475789309,0.287651211,0.619746804,0.275961936,0.345117107,0.273372307,0.274629697,0.043651525,0.47581235
p02,575459.437,1.641,SHAKE,28,49,5.441190414,-14.95116675,-0.915045339,-157.5068286,-19.33785263,-4.526272529,0.287832588,0.475909591,0.288064569,0.619659007,0.275889486,0.345311761,0.273275271,0.274347246,0.043703559,0.476031132
p02,575459.453,1.657,SHAKE,28,50,-1.477209625,9.963711053,179.9173123,-164.4252287,5.577025177,176.3060851,0.287969917,0.475879699,0.287684262,0.620264649,0.276018798,0.345191956,0.273385897,0.275072694,0.043715198,0.475102569
p02,575459.5,1.704,SHAKE,28,51,-1.577618618,10.46108973,179.9935836,-164.5256377,6.074403856,176.3823564,0.287889838,0.476394832,0.287831575,0.61986047,0.275947854,0.34544225,0.273027956,0.27441822,0.043739053,0.477200755
p02,575459.531,1.735,SHAKE,28,52,-1.335613591,10.48180288,-179.9983117,-164.2836327,6.095117005,176.3904611,0.28795287,0.476434797,0.287708461,0.620030105,0.276220232,0.34552674,0.273267612,0.274503365,0.042934608,0.476890537
p02,575459.562,1.766,SHAKE,28,53,-1.300597269,10.41773103,-179.9959896,-164.2486163,6.031045157,176.3927832,0.287930667,0.476592958,0.287645429,0.620316088,0.276176244,0.345561132,0.273091286,0.274754956,0.043042103,0.476904322
p02,575459.593,1.797,SHAKE,28,54,5.375086761,-14.95815153,-0.71751826,-157.5729323,-19.34483741,-4.328745449,0.287950814,0.476443738,0.287625313,0.620518327,0.276336119,0.345634639,0.273251548,0.274883687,0.042505505,0.475870721
p02,575459.64,1.844,SHAKE,28,55,-1.405219848,10.23274076,-179.958012,-164.3532389,5.846054883,176.4307608,0.288146317,0.476687253,0.287679732,0.620533347,0.276376583,0.345589399,0.273197457,0.274943948,0.04308142,0.476816654
p02,575459.656,1.86,SHAKE,28,56,-1.172122174,10.41749811,-179.9414892,-164.1201412,6.030812236,176.4472836,0.287836909,0.476945668,0.287331074,0.620254159,0.276368186,0.345660716,0.273229614,0.274593443,0.041974672,0.478106654
p02,575459.703,1.907,SHAKE,28,57,5.460840367,-15.26939444,-0.70958167,-157.4871787,-19.65608032,-4.320808859,0.288112134,0.476979911,0.287282169,0.62080425,0.276521981,0.345864177,0.273113236,0.274940073,0.042437171,0.47688841
p02,575459.734,1.938,SHAKE,28,58,-1.251780122,9.985372794,-179.9820151,-164.1997992,5.598686918,176.4067577,0.287883848,0.477058053,0.287309349,0.620295823,0.276466101,0.345850766,0.273048282,0.274445057,0.041815852,0.478082166
p02,575459.765,1.969,SHAKE,28,59,-1.246458658,10.40917464,-179.9599569,-164.1944777,6.022488764,176.4288159,0.287670672,0.476896197,0.287293971,0.620341539,0.276308395,0.345824674,0.273323238,0.274516866,0.041570841,0.477462551
p02,575459.796,2,SHAKE,28,60,-1.220752243,10.39083127,-179.8655713,-164.1687713,6.004145398,176.5232015,0.287826508,0.477038532,0.287377119,0.620759487,0.276728556,0.345853895,0.273713157,0.274905592,0.040545924,0.477198869
p02,575463.703,0,SHAKE,29,0,-2.384247364,5.796269387,3.923092408,-165.3322664,1.409583511,0.311865219,0.247865319,0.303632438,0.25983867,0.476395607,0.253137991,0.196855657,0.259821221,0.27953995,-0.02029346,0.381973243
p02,575463.734,0.031,SHAKE,29,1,-2.715125716,7.984221376,3.826580405,-165.6631448,3.5975355,0.215353215,0.24092719,0.302943885,0.255444169,0.476500511,0.248034894,0.196532175,0.260040268,0.279968336,-0.027333093,0.380084805
p02,575463.765,0.062,SHAKE,29,2,-3.138990616,10.00893833,3.586731004,-166.0870097,5.622252451,-0.024496185,0.235130399,0.301859587,0.252616376,0.476727724,0.243645921,0.197462551,0.259038746,0.279265173,-0.032873545,0.373827624
p02,575463.796,0.093,SHAKE,29,3,-2.769628126,11.73617055,3.330748041,-165.7176472,7.349484677,-0.280479149,0.23119542,0.30252555,0.251710743,0.477195323,0.240186021,0.198061123,0.258222982,0.279134199,-0.034817198,0.374244457
p02,575463.828,0.125,SHAKE,29,4,-2.681816824,12.46128757,3.175436972,-165.6298359,8.074601693,-0.435790217,0.228459105,0.304208755,0.250424564,0.477994502,0.238109685,0.199195847,0.258005306,0.278798655,-0.037404582,0.376662178
p02,575463.859,0.156,SHAKE,29,5,-2.046664521,14.08720486,3.302224259,-164.9946836,9.700518986,-0.30900293,0.22559157,0.306318432,0.249255583,0.47845459,0.235730037,0.199939296,0.257537186,0.278515294,-0.039367002,0.381950789
p02,575463.906,0.203,SHAKE,29,6,-2.003426536,15.25130509,3.271012204,-164.9514456,10.86461921,-0.340214985,0.222337678,0.307288527,0.248657256,0.479156733,0.234023564,0.200608671,0.256083578,0.278548062,-0.045633092,0.382985457
p02,575463.937,0.234,SHAKE,29,7,-2.251298964,15.73167555,3.273577458,-165.199318,11.34498968,-0.337649731,0.22013846,0.307951689,0.246670425,0.480099976,0.232251227,0.201285437,0.255752474,0.278814539,-0.047361288,0.382570623
p02,575463.953,0.25,SHAKE,29,8,-2.13474347,17.04285622,3.482589106,-165.0827625,12.65617034,-0.128638083,0.216094181,0.30979526,0.243856907,0.481778055,0.230031177,0.201824665,0.254043192,0.27995339,-0.054860736,0.38567347
p02,575464,0.297,SHAKE,29,9,-2.123463587,17.89081208,3.857072546,-165.0714826,13.5041262,0.245845356,0.21255827,0.311610639,0.240999967,0.482049316,0.22858198,0.201950349,0.252656668,0.280098967,-0.063420888,0.391505514
p02,575464.031,0.328,SHAKE,29,10,-1.931432237,18.21517798,4.036553976,-164.8794513,13.8284921,0.425326787,0.210447878,0.312365681,0.239602238,0.482422799,0.227115311,0.202586584,0.252084464,0.279836215,-0.066118446,0.392297677
p02,575464.062,0.359,SHAKE,29,11,-1.975384171,18.28559591,4.016874897,-164.9234032,13.89891004,0.405647708,0.208839804,0.312094778,0.238709435,0.482710481,0.225917682,0.203047857,0.252776787,0.279662624,-0.067561101,0.389923114
p02,575464.109,0.406,SHAKE,29,12,-1.799179605,17.91899222,3.898713788,-164.7471987,13.53230635,0.287486599,0.209214061,0.312729597,0.238817036,0.483439147,0.225550517,0.203047484,0.254094526,0.280391663,-0.064292829,0.391174658
p02,575464.125,0.422,SHAKE,29,13,-2.116105083,17.65712297,3.639619175,-165.0641241,13.27043709,0.028391986,0.210552514,0.312796324,0.239216745,0.484309286,0.225836344,0.203252196,0.255154103,0.28105709,-0.059900391,0.38975757
p02,575464.171,0.468,SHAKE,29,14,-2.292835972,16.62872176,3.202598729,-165.240855,12.24203589,-0.40862846,0.212653577,0.312744021,0.240730628,0.484852254,0.226471908,0.203739323,0.257302478,0.281112932,-0.053704617,0.387761239
p02,575464.203,0.5,SHAKE,29,15,-1.961979548,14.90096959,2.780530627,-164.9099986,10.51428372,-0.830696563,0.216241911,0.312758595,0.24283281,0.484843493,0.227066696,0.204199493,0.258463234,0.280644,-0.041881333,0.386821389
p02,575464.234,0.531,SHAKE,29,16,-1.90687353,13.33114231,2.513295331,-164.8548926,8.944456432,-1.097931859,0.219258606,0.312267691,0.244553104,0.48472473,0.228509754,0.204114601,0.260103002,0.280610129,-0.035567246,0.38542119
p02,575464.265,0.562,SHAKE,29,17,-2.343473608,13.67003249,2.485508829,-165.2914927,9.283346615,-1.12571836,0.220058441,0.311415613,0.245226875,0.48479712,0.230238453,0.203411996,0.260452405,0.281385124,-0.03908588,0.383828452
p02,575464.296,0.593,SHAKE,29,18,-2.284054124,13.46042868,2.527697373,-165.2320732,9.073742809,-1.083529817,0.221696168,0.311817497,0.246270701,0.484467745,0.231849432,0.202981308,0.259601951,0.281486437,-0.039110892,0.386648075
p02,575464.328,0.625,SHAKE,29,19,-2.117874595,13.22640414,2.614316854,-165.0658937,8.839718264,-0.996910335,0.223159581,0.311586261,0.247169182,0.483476698,0.233167425,0.20259361,0.259272903,0.280883089,-0.03859965,0.388035647
p02,575464.375,0.672,SHAKE,29,20,-2.125559247,12.88533497,2.738496658,-165.0735783,8.498649091,-0.872730531,0.224799827,0.310919166,0.248206005,0.482991636,0.234689966,0.202049397,0.259061545,0.280942239,-0.038176793,0.387516555
p02,575464.39,0.687,SHAKE,29,21,-2.136001418,12.7482984,2.656996219,-165.0840205,8.361612525,-0.95423097,0.226376399,0.310556173,0.24950327,0.483053535,0.23542814,0.201920785,0.258992791,0.28113275,-0.034949777,0.386420252
p02,575464.421,0.718,SHAKE,29,22,-1.988198078,12.55295858,2.643927662,-164.9362171,8.1662727,-0.967299527,0.227909371,0.310706019,0.250648797,0.483198434,0.236404724,0.202168047,0.259912744,0.281030387,-0.032685404,0.386214364
p02,575464.453,0.75,SHAKE,29,23,-1.809854485,12.47271135,2.716988886,-164.7578735,8.086025475,-0.894238304,0.229270697,0.311279804,0.25182724,0.483959049,0.237354584,0.202524893,0.260239944,0.281434156,-0.031063208,0.3864311
p02,575464.5,0.797,SHAKE,29,24,-1.841196531,12.23691771,2.755595834,-164.7892156,7.850231839,-0.855631356,0.230255917,0.311982691,0.252431601,0.484076917,0.238320857,0.202840015,0.260293543,0.281236902,-0.030984021,0.388080921
p02,575464.531,0.828,SHAKE,29,25,-1.929339599,12.15602295,2.805505772,-164.8773587,7.769337072,-0.805721417,0.231529921,0.31207189,0.252992809,0.484588265,0.239216074,0.203272276,0.260614142,0.28131599,-0.029492463,0.386752328
p02,575464.562,0.859,SHAKE,29,26,-1.895615601,11.95843046,2.776629467,-164.8436347,7.571744581,-0.834597722,0.23259984,0.312495947,0.253765643,0.484726489,0.240138583,0.203542389,0.260644764,0.2811841,-0.028923441,0.38748122
p02,575464.593,0.89,SHAKE,29,27,-1.782343072,11.59532193,2.60168172,-164.7303621,7.208636059,-1.009545469,0.23383449,0.31307444,0.25505197,0.484896064,0.240813114,0.20413439,0.260992721,0.280761674,-0.026738767,0.388016101
p02,575464.625,0.922,SHAKE,29,28,-1.820579958,11.71987647,2.726782921,-164.768599,7.333190592,-0.884444269,0.234472513,0.313413352,0.25512585,0.484919906,0.241674528,0.204389468,0.260728836,0.280530438,-0.027622623,0.388634776
p02,575464.656,0.953,SHAKE,29,29,-1.882661247,11.35230311,2.684894536,-164.8306803,6.965617237,-0.926332653,0.235531703,0.313224971,0.255843878,0.484706104,0.242309421,0.204621926,0.26071538,0.280084178,-0.02599662,0.387751447
p02,575464.703,1,SHAKE,29,30,-1.815101958,11.16137112,2.616295799,-164.763121,6.774685249,-0.99493139,0.236413404,0.313331127,0.256544471,0.484654695,0.242812261,0.204611912,0.260771945,0.280042782,-0.024538133,0.388223592
p02,575464.734,1.031,SHAKE,29,31,-1.723909518,11.01164437,2.637975016,-164.6719286,6.624958493,-0.973252174,0.237033904,0.313436806,0.256984621,0.48481226,0.243270695,0.204618096,0.260527775,0.280194163,-0.023939066,0.388368939
p02,575464.765,1.062,SHAKE,29,32,-1.516063326,10.87643615,2.612099687,-164.4640824,6.489750272,-0.999127502,0.237612933,0.313660622,0.257549077,0.484452754,0.243684515,0.204517186,0.259946376,0.279935569,-0.023357057,0.389887703
p02,575464.796,1.093,SHAKE,29,33,-1.69998149,10.83254946,2.624641441,-164.6480006,6.445863589,-0.986585749,0.237906307,0.313479334,0.257721752,0.484754086,0.244160429,0.204721719,0.260385752,0.280032367,-0.024018679,0.38837516
p02,575464.828,1.125,SHAKE,29,34,-1.842759657,10.99879918,2.647077595,-164.7907787,6.612113307,-0.964149595,0.237934336,0.313299894,0.257776707,0.48469162,0.244523495,0.204762585,0.260183513,0.279929034,-0.025325046,0.387731516
p02,575464.859,1.156,SHAKE,29,35,-1.735488704,10.9721007,2.556296295,-164.6835078,6.585414827,-1.054930895,0.238186777,0.313558877,0.258247256,0.485392749,0.244347312,0.204749629,0.260099143,0.28064312,-0.023685333,0.387713932
p02,575464.906,1.203,SHAKE,29,36,-1.767984869,10.84336197,2.552515719,-164.7160039,6.456676091,-1.058711471,0.2384343,0.31358102,0.25821355,0.485074699,0.244401649,0.204733834,0.260048077,0.280340865,-0.022947098,0.388267283
p02,575464.921,1.218,SHAKE,29,37,-1.605563908,10.73951251,2.464790091,-164.553583,6.35282663,-1.146437098,0.238294378,0.313853741,0.258380264,0.485345781,0.244007148,0.204929419,0.26062946,0.280416362,-0.021919126,0.388437825
p02,575464.968,1.265,SHAKE,29,38,-1.674263336,10.58779337,2.441427547,-164.6222824,6.201107492,-1.169799642,0.23841086,0.314091563,0.258272558,0.485702455,0.24391973,0.205149196,0.260867685,0.280553259,-0.021117487,0.388312606
p02,575465,1.297,SHAKE,29,39,-1.650635866,10.50834746,2.397643031,-164.5986549,6.121661583,-1.213584158,0.237959042,0.314216495,0.257997662,0.485654891,0.243415266,0.20524998,0.26139757,0.28040491,-0.020873278,0.388604159
p02,575465.031,1.328,SHAKE,29,40,-1.57437779,10.76267657,2.450317725,-164.5223969,6.375990689,-1.160909464,0.237353131,0.314725906,0.257687092,0.485975206,0.24318929,0.205544576,0.26110965,0.28043063,-0.022351372,0.389334538
p02,575465.062,1.359,SHAKE,29,41,-1.525809132,10.82864071,2.473344919,-164.4738282,6.441954835,-1.13788227,0.237109184,0.314824611,0.257464737,0.485851258,0.242986254,0.205498211,0.261128917,0.280353047,-0.022506393,0.389959735
p02,575465.109,1.406,SHAKE,29,42,-1.522723433,10.49593361,2.315968314,-164.4707425,6.109247735,-1.295258875,0.237112179,0.314597309,0.257656157,0.485896707,0.242547929,0.205542207,0.261459842,0.2803545,-0.020789999,0.388990018
p02,575465.125,1.422,SHAKE,29,43,-1.665741698,11.16032129,2.480171029,-164.6137608,6.773635414,-1.13105616,0.236371517,0.314488441,0.257020772,0.486139119,0.24248331,0.205342337,0.260863528,0.280796781,-0.023429083,0.388701405
p02,575465.171,1.468,SHAKE,29,44,-1.586850574,11.08873697,2.486613339,-164.5348696,6.702051091,-1.12461385,0.236429498,0.314747483,0.257132709,0.486394763,0.242454082,0.205237553,0.260993406,0.28115721,-0.023083281,0.389497142
p02,575465.203,1.5,SHAKE,29,45,-1.435751845,11.08026574,2.444089322,-164.3837709,6.693579868,-1.167137867,0.23607254,0.314928323,0.25699535,0.486347079,0.242025748,0.205171943,0.261710823,0.281175137,-0.022747273,0.390348811
p02,575465.234,1.531,SHAKE,29,46,-1.64418276,10.98237522,2.457687628,-164.5922018,6.595689343,-1.153539561,0.236066058,0.314527512,0.256571054,0.486323118,0.242090493,0.20522327,0.261728495,0.281099848,-0.02301788,0.388844898
p02,575465.265,1.562,SHAKE,29,47,-1.570507554,10.80158692,2.400860312,-164.5185266,6.414901048,-1.210366877,0.236525074,0.314354599,0.257040083,0.48619622,0.242074922,0.205091387,0.262004599,0.281104833,-0.021182254,0.388692042
p02,575465.296,1.593,SHAKE,29,48,-1.617832203,11.04705489,2.56841268,-164.5658513,6.660369012,-1.042814509,0.236107901,0.314697087,0.256406844,0.486334622,0.242385298,0.20508457,0.261636361,0.281250052,-0.023992832,0.389733322
p02,575465.328,1.625,SHAKE,29,49,-1.720437748,10.78313444,2.483204196,-164.6684568,6.396448567,-1.128022994,0.236505985,0.314656228,0.256768793,0.485984892,0.242637619,0.205319665,0.261535138,0.280665226,-0.023444781,0.389562198
p02,575465.359,1.656,SHAKE,29,50,-1.916730347,10.94183837,2.571328935,-164.8647494,6.555152496,-1.039898254,0.23662968,0.314276636,0.256482452,0.486064017,0.243098624,0.20539584,0.261325181,0.280668177,-0.024754385,0.387934239
p02,575465.406,1.703,SHAKE,29,51,-1.738324809,10.52926792,2.621716377,-164.6863439,6.142582039,-0.989510812,0.237498894,0.314891338,0.25697732,0.486112446,0.243524909,0.205677055,0.260584399,0.280435391,-0.023125002,0.389445438
p02,575465.421,1.718,SHAKE,29,52,-1.853313198,10.70626891,2.526535357,-164.8013323,6.31958303,-1.084691832,0.238024473,0.315083683,0.257748246,0.486303329,0.244053423,0.20658844,0.260322407,0.27971489,-0.023159552,0.387877967
p02,575465.468,1.765,SHAKE,29,53,-1.877925845,10.96096296,2.600814766,-164.8259449,6.574277086,-1.010412423,0.23796615,0.315503955,0.257785082,0.486777961,0.244271323,0.207915589,0.259606078,0.278862372,-0.024287463,0.385811699
p02,575465.5,1.797,SHAKE,29,54,-1.751063794,10.48285159,2.606092223,-164.6990829,6.096165715,-1.005134966,0.238801911,0.316127032,0.25813368,0.486766934,0.244797543,0.207942218,0.260065854,0.278824717,-0.023054281,0.388002956
p02,575465.531,1.828,SHAKE,29,55,-1.748832531,10.67132057,2.58202112,-164.6968516,6.284634692,-1.029206069,0.239328861,0.316320062,0.258713454,0.487278402,0.245247237,0.207993314,0.260190591,0.279285088,-0.022746311,0.387871579
p02,575465.562,1.859,SHAKE,29,56,-1.492791161,9.456981747,2.152628378,-164.4408102,5.070295872,-1.458598811,0.239002347,0.317450255,0.259495109,0.486942351,0.245318361,0.210281804,0.256922603,0.276660547,-0.024583332,0.387364416
p02,575465.593,1.89,SHAKE,29,57,-1.682706,8.23457075,2.194173964,-164.6307251,3.847884874,-1.417053226,0.240412295,0.31864506,0.260481507,0.486851424,0.247430272,0.212603055,0.254958868,0.274248369,-0.027525921,0.386664123
p02,575465.625,1.922,SHAKE,29,58,-0.950410696,6.130498086,1.765744693,-163.8984298,1.74381221,-1.845482496,0.242341533,0.318545789,0.262257099,0.486659169,0.247425526,0.211705044,0.256646276,0.274954125,-0.019809339,0.38857662
p02,575465.656,1.953,SHAKE,29,59,-1.178188169,8.549259792,2.348825276,-164.1262072,4.162573916,-1.262401913,0.242519438,0.319189668,0.261600614,0.486303687,0.248558246,0.209624082,0.257162347,0.276679605,-0.023482471,0.39600167
p02,575465.703,2,SHAKE,29,60,-1.389600258,9.715571507,2.647174054,-164.3376193,5.328885632,-0.964053136,0.243139848,0.318274498,0.261878908,0.486416727,0.249038219,0.208647177,0.257661268,0.277769551,-0.02289196,0.394670046
p02,575468.968,0,SHAKE,30,0,-8.965683184,8.865945159,-4.727163787,-171.9137022,4.479259283,-8.338390976,0.598662734,0.344145507,0.611140192,0.460149705,0.592841983,0.285578057,0.159559548,0.174571648,0.036480118,0.335492332
p02,575469,0.032,SHAKE,30,1,-7.830128211,0.47453145,-4.770652358,-170.7781473,-3.912154426,-8.381879547,0.607904494,0.344750732,0.616306007,0.460522592,0.599388182,0.286278293,0.160209477,0.1742443,0.053157353,0.335577346
p02,575469.046,0.078,SHAKE,30,2,-6.836796275,-0.408581986,-4.330899665,-169.7848153,-4.795267862,-7.942126854,0.61008352,0.347086757,0.617968202,0.463901103,0.602493495,0.287674531,0.160613716,0.176226571,0.047256398,0.33713546
p02,575469.062,0.094,SHAKE,30,3,-6.768967159,3.883673753,-3.142220958,-169.7169862,-0.503012123,-6.753448147,0.606613338,0.349281639,0.614103556,0.465454727,0.601206303,0.288928911,0.161252141,0.176525816,0.033531557,0.341891793
p02,575469.093,0.125,SHAKE,30,4,-10.06142581,15.70828322,-1.584550101,-173.0094449,11.32159734,-5.195777291,0.598915696,0.350002915,0.608079195,0.467903733,0.597298741,0.291557953,0.161783576,0.17634578,0.009994555,0.331422514
p02,575469.14,0.172,SHAKE,30,5,-11.36944917,24.45080139,-0.772687445,-174.3174682,20.06411551,-4.383914635,0.59038341,0.351929843,0.6019274,0.470794439,0.592883825,0.293829516,0.161702752,0.176964924,-0.015463032,0.328315502
p02,575469.156,0.188,SHAKE,30,6,-12.22782961,27.92944874,-0.559583174,-175.1758487,23.54276286,-4.170810364,0.583673477,0.353622973,0.597813547,0.472151756,0.589300185,0.296225622,0.160831928,0.175926134,-0.03498502,0.326258239
p02,575469.187,0.219,SHAKE,30,7,-12.53700044,30.32090739,-0.532910342,-175.4850195,25.93422151,-4.144137532,0.579622149,0.354567587,0.595908284,0.473893285,0.587137222,0.297850937,0.159146488,0.176042348,-0.047221104,0.322176177
p02,575469.234,0.266,SHAKE,30,8,-12.11307383,30.36521542,-0.398602532,-175.0610929,25.97852955,-4.009829721,0.578923464,0.356278032,0.59500885,0.474528015,0.586041212,0.299170226,0.159192085,0.175357789,-0.044711697,0.325664498
p02,575469.265,0.297,SHAKE,30,9,-11.33471494,31.54868917,0.058820371,-174.282734,27.16200329,-3.552406818,0.578031003,0.358492464,0.59380585,0.476955354,0.585495383,0.3004843,0.159925699,0.176471055,-0.046674044,0.328712062
p02,575469.296,0.328,SHAKE,30,10,-11.51629436,30.82055497,0.121956467,-174.4643134,26.4338691,-3.489270722,0.578635395,0.359980881,0.593838513,0.477850735,0.586262047,0.301661551,0.160492063,0.176189184,-0.047520436,0.331004031
p02,575469.328,0.36,SHAKE,30,11,-11.42410662,30.49954377,0.110495089,-174.3721257,26.11285789,-3.500732101,0.579301476,0.36102435,0.594159901,0.479176044,0.586487263,0.302387342,0.161236644,0.176788703,-0.044566711,0.331678479
p02,575469.375,0.407,SHAKE,30,12,-11.00534852,30.65786558,0.320057549,-173.9533676,26.2711797,-3.29116964,0.580166817,0.361798584,0.594808877,0.479626298,0.587319613,0.302423537,0.161660731,0.177202761,-0.044245722,0.335068411
p02,575469.406,0.438,SHAKE,30,13,-10.83425971,30.67655892,0.422359398,-173.7822788,26.28987304,-3.188867791,0.581204355,0.362083972,0.595246553,0.479719937,0.588046283,0.302619919,0.161807299,0.177100018,-0.04228442,0.335765366
p02,575469.437,0.469,SHAKE,30,14,-10.4081382,30.20153728,0.494736875,-173.3561573,25.8148514,-3.116490314,0.582442045,0.362714827,0.595874846,0.480166435,0.588632554,0.30252482,0.162349164,0.177641615,-0.038130831,0.338828303
p02,575469.453,0.485,SHAKE,30,15,-10.4857597,30.12152601,0.471613918,-173.4337788,25.73484013,-3.139613271,0.583067775,0.362993717,0.59635973,0.480057478,0.58940959,0.302463993,0.162219822,0.177593485,-0.039093958,0.340833021
p02,575469.5,0.532,SHAKE,30,16,-10.38285354,29.83887205,0.415448216,-173.3308726,25.45218617,-3.195778973,0.583691657,0.363284588,0.597121298,0.479773313,0.590218037,0.302315056,0.162378311,0.177458256,-0.040192442,0.343571118
p02,575469.531,0.563,SHAKE,30,17,-10.3306764,29.85076357,0.394646318,-173.2786955,25.46407769,-3.216580872,0.584489346,0.362982363,0.598011792,0.479638308,0.590844035,0.301895678,0.162980199,0.17774263,-0.038990562,0.343680547
p02,575469.562,0.594,SHAKE,30,18,-10.20512793,29.92217782,0.247409241,-173.153147,25.53549194,-3.363817948,0.585021555,0.363048136,0.598654509,0.479978323,0.591136932,0.301732019,0.162880242,0.178246304,-0.037545235,0.343996572
p02,575469.593,0.625,SHAKE,30,19,-10.44900743,30.4225527,0.345199037,-173.3970265,26.03586683,-3.266028153,0.5855304,0.36298123,0.599248111,0.480021656,0.592258453,0.30159989,0.162821531,0.178421766,-0.041321642,0.344023835
p02,575469.64,0.672,SHAKE,30,20,-10.38493666,30.25002055,0.252795743,-173.3329557,25.86333467,-3.358431447,0.58653456,0.362452388,0.600463569,0.479943484,0.593006641,0.301367089,0.163469434,0.178576395,-0.039591995,0.342068159
p02,575469.656,0.688,SHAKE,30,21,-10.62243614,31.29227778,0.250388923,-173.5704552,26.9055919,-3.360838266,0.586758256,0.362015724,0.600964069,0.480108261,0.593702406,0.300838664,0.163266778,0.179269597,-0.042532534,0.341257308
p02,575469.718,0.75,SHAKE,30,22,-10.50009039,31.12455803,0.134816034,-173.4481094,26.73787216,-3.476411156,0.587721825,0.361312598,0.602469742,0.48013854,0.594536602,0.300276175,0.163759947,0.179862365,-0.041614436,0.339350719
p02,575469.734,0.766,SHAKE,30,23,-10.41192534,31.01691305,0.074977049,-173.3599444,26.63022717,-3.53625014,0.588680625,0.361143798,0.603489935,0.48002857,0.595414013,0.299743593,0.164357185,0.180284977,-0.040968015,0.340573052
p02,575469.765,0.797,SHAKE,30,24,-10.38345612,31.93590013,-0.050746577,-173.3314752,27.54921426,-3.661973766,0.589013875,0.361093253,0.604395151,0.480126977,0.59597972,0.299467474,0.164085865,0.180659503,-0.042452443,0.341115622
p02,575469.796,0.828,SHAKE,30,25,-10.32467951,30.89704068,-0.555161182,-173.2726986,26.5103548,-4.166388371,0.590351284,0.360357672,0.60606128,0.479762048,0.595963985,0.299261391,0.1648646,0.180500656,-0.034044308,0.338482319
p02,575469.828,0.86,SHAKE,30,26,-10.31534422,32.04265942,-0.48296152,-173.2633633,27.65597355,-4.09418871,0.590184867,0.360297263,0.606119037,0.480244219,0.596261948,0.298918918,0.16507566,0.181325302,-0.036813913,0.338498513
p02,575469.859,0.891,SHAKE,30,27,-10.00089956,31.16016721,-0.559743823,-172.9489186,26.77348133,-4.170971012,0.590844631,0.360526741,0.606789947,0.480328381,0.596434027,0.298735514,0.165389776,0.181592867,-0.033795292,0.340273422
p02,575469.906,0.938,SHAKE,30,28,-10.11087458,31.43774627,-0.729473056,-173.0588936,27.05106039,-4.340700246,0.590719104,0.360408396,0.607043445,0.480410218,0.596364647,0.29863219,0.165587902,0.181778029,-0.034093936,0.339844185
p02,575469.921,0.953,SHAKE,30,29,-9.879530713,31.51126172,-0.875089658,-172.8275498,27.12457584,-4.486316847,0.590524554,0.360508442,0.607197762,0.480168641,0.595947802,0.298247457,0.165638506,0.181921184,-0.032741468,0.342241536
p02,575469.968,1,SHAKE,30,30,-9.412221861,31.18427656,-1.025287778,-172.3602409,26.79759068,-4.636514967,0.590387702,0.360332847,0.607393265,0.479674757,0.595329493,0.297320947,0.165649712,0.182353809,-0.029832779,0.345547481
p02,575470,1.032,SHAKE,30,31,-9.688604699,31.8079432,-0.710095073,-172.6366238,27.42125732,-4.321322262,0.588768661,0.358590931,0.605458021,0.478224576,0.594558448,0.295837656,0.166244447,0.18238692,-0.034826947,0.344066752
p02,575470.031,1.063,SHAKE,30,32,-10.60681538,31.12101122,-0.888039528,-173.5548344,26.73432535,-4.499266718,0.587176979,0.355801016,0.604082286,0.475847423,0.593470544,0.294224381,0.16615659,0.181623042,-0.037877312,0.339035367
p02,575470.062,1.094,SHAKE,30,33,-10.21335525,31.31632801,-0.889677849,-173.1613743,26.92964214,-4.500905039,0.586039722,0.354293555,0.603482246,0.475399733,0.592275679,0.292307168,0.166461229,0.183092564,-0.037461919,0.33855218
p02,575470.093,1.125,SHAKE,30,34,-10.24803481,31.2365059,-0.928642832,-173.1960539,26.84982002,-4.539870021,0.584527493,0.353289604,0.602074802,0.473946393,0.591013819,0.29087387,0.167082667,0.183072522,-0.038821061,0.340934473
p02,575470.125,1.157,SHAKE,30,35,-10.3194855,31.51342683,-0.956412398,-173.2675046,27.12674096,-4.567639588,0.583035409,0.352187812,0.601067603,0.474460721,0.5897111,0.289726377,0.167335212,0.184734344,-0.039894116,0.338114907
p02,575470.171,1.203,SHAKE,30,36,-10.64867711,30.95442399,-0.952662815,-173.5966962,26.56773811,-4.563890004,0.580922842,0.351765901,0.598456979,0.4737674,0.587755263,0.289200872,0.167952299,0.184566528,-0.040680722,0.338983615
p02,575470.203,1.235,SHAKE,30,37,-10.75982871,31.77669526,-0.96685489,-173.7078478,27.39000938,-4.578082079,0.578834832,0.350695074,0.597182214,0.474008232,0.586074561,0.288561314,0.16877991,0.185446918,-0.042894496,0.335048756
p02,575470.234,1.266,SHAKE,30,38,-10.82374648,31.5342252,-0.782914268,-173.7717655,27.14753933,-4.394141458,0.577344239,0.350170732,0.594993234,0.472724229,0.58471483,0.28773509,0.16927743,0.184989139,-0.043541488,0.33750977
p02,575470.265,1.297,SHAKE,30,39,-10.86958393,31.28893252,-0.995030147,-173.817603,26.90224664,-4.606257336,0.575662196,0.349265218,0.594080806,0.473100841,0.582862616,0.286961749,0.169657946,0.186139092,-0.042440806,0.334714583
p02,575470.296,1.328,SHAKE,30,40,-10.81938035,30.60224827,-1.053218564,-173.7673994,26.21556239,-4.664445754,0.574977279,0.348877013,0.592953503,0.472404301,0.581688792,0.286217272,0.170077085,0.186187029,-0.039461593,0.336541921
p02,575470.328,1.36,SHAKE,30,41,-10.60243996,32.02886595,-1.169695157,-173.550459,27.64218008,-4.780922346,0.573770463,0.348777443,0.593014598,0.474357128,0.580859721,0.285637587,0.17010361,0.188719541,-0.041676113,0.334569783
p02,575470.375,1.407,SHAKE,30,42,-10.40732617,31.46392674,-1.010841378,-173.3553452,27.07724087,-4.622068567,0.573043466,0.349079907,0.592003286,0.473091543,0.580278128,0.285364151,0.17017144,0.187727392,-0.042513966,0.339405749
p02,575470.406,1.438,SHAKE,30,43,-9.848372942,31.92469506,-0.998751375,-172.796392,27.53800918,-4.609978564,0.572894454,0.349967808,0.592083156,0.474101901,0.579866052,0.285413608,0.170270324,0.188688293,-0.040944291,0.342120852
p02,575470.421,1.453,SHAKE,30,44,-9.796096226,31.35325703,-1.086013926,-172.7441153,26.96657116,-4.697241116,0.572913289,0.350443065,0.591956735,0.473665476,0.579497665,0.285413787,0.170063138,0.188251689,-0.038717245,0.345437954
p02,575470.468,1.5,SHAKE,30,45,-9.679891438,31.95927427,-1.237022974,-172.6279105,27.57258839,-4.848250164,0.573066354,0.35073027,0.592380464,0.474787146,0.579276562,0.285655022,0.170403957,0.189132124,-0.036444036,0.344072953
p02,575470.5,1.532,SHAKE,30,46,-9.363931783,32.1145462,-1.081371592,-172.3119508,27.72786032,-4.692598782,0.572881937,0.351713985,0.591989815,0.475156009,0.579248607,0.285933495,0.170407534,0.189222515,-0.037361436,0.347635643
p02,575470.531,1.563,SHAKE,30,47,-9.422771533,31.58875133,-1.016663239,-172.3707906,27.20206545,-4.627890428,0.573186457,0.352714837,0.592192829,0.476030469,0.579749405,0.286766991,0.169979274,0.189263478,-0.038610285,0.348444646
p02,575470.562,1.594,SHAKE,30,48,-9.713576899,31.88584894,-0.764082421,-172.661596,27.49916306,-4.375309611,0.573632479,0.353425771,0.592391968,0.476290703,0.581312865,0.287270501,0.170292258,0.189020202,-0.045101206,0.349990473
p02,575470.609,1.641,SHAKE,30,49,-9.60680835,31.23988207,-0.741276013,-172.5548274,26.85319619,-4.352503202,0.574380338,0.353779674,0.592568994,0.476705253,0.581573874,0.287418261,0.170781314,0.189286992,-0.042121327,0.350586227
p02,575470.625,1.657,SHAKE,30,50,-9.317941219,30.15130982,-0.78571018,-172.2659603,25.76462394,-4.396937369,0.575747788,0.354175895,0.59326458,0.476782978,0.582009375,0.287426591,0.171269536,0.189356387,-0.036559842,0.352506222
p02,575470.671,1.703,SHAKE,30,51,-9.693669465,30.03023077,-0.720385194,-172.6416885,25.64354489,-4.331612383,0.576120794,0.354015917,0.593407452,0.477313757,0.582662731,0.28758727,0.171587408,0.189726487,-0.038125977,0.35012848
p02,575470.703,1.735,SHAKE,30,52,-9.575307928,29.83263783,-0.549662061,-172.523327,25.44595195,-4.16088925,0.5769853,0.355133146,0.59350729,0.47812593,0.583461106,0.288036332,0.172041595,0.190089598,-0.037640934,0.352974677
p02,575470.734,1.766,SHAKE,30,53,-9.361831241,29.79291472,-0.395160239,-172.3098503,25.40622885,-4.006387428,0.577884912,0.356054187,0.594044328,0.478913099,0.584313691,0.288235053,0.172372103,0.190678045,-0.037295932,0.35567353
p02,575470.765,1.797,SHAKE,30,54,-8.894463957,29.27756527,-0.325266568,-171.842483,24.89087939,-3.936493757,0.578951955,0.357096881,0.595100701,0.479671806,0.584975749,0.289100036,0.172338903,0.19057177,-0.03495319,0.356804393
p02,575470.796,1.828,SHAKE,30,55,-8.863584013,29.46360639,-0.210007331,-171.8116031,25.07692051,-3.821234521,0.579626441,0.358065784,0.595685244,0.480800927,0.585856855,0.289384589,0.173066854,0.191416338,-0.036000041,0.358805294
p02,575470.828,1.86,SHAKE,30,56,-8.655581908,29.33012833,-0.179988031,-171.603601,24.94344245,-3.791215221,0.580252945,0.358508617,0.596179843,0.480702966,0.586440384,0.289860472,0.172925174,0.190842494,-0.035781019,0.359711001
p02,575470.859,1.891,SHAKE,30,57,-8.305485867,28.99157372,-0.072542994,-171.2535049,24.60488785,-3.683770183,0.580774307,0.358994663,0.596360028,0.480570853,0.586641192,0.289732546,0.173436105,0.190838307,-0.033827358,0.362936133
p02,575470.906,1.938,SHAKE,30,58,-8.623058857,29.0292138,-0.094450993,-171.5710779,24.64252792,-3.705678182,0.580541193,0.358637452,0.59624505,0.480679959,0.586790442,0.289675504,0.173470616,0.191004455,-0.036024827,0.361048899
p02,575470.921,1.953,SHAKE,30,59,-8.407554498,29.47600582,-0.052176884,-171.3555736,25.08931994,-3.663404073,0.580837309,0.358366847,0.596571147,0.480657458,0.586828232,0.289180398,0.173380256,0.19147706,-0.03455366,0.361330224
p02,575470.968,2,SHAKE,30,60,-8.617801574,29.31257755,-0.26487779,-171.5658206,24.92589167,-3.876104979,0.580761015,0.357662141,0.596805513,0.480393887,0.586647213,0.289056644,0.17350781,0.191337243,-0.033924681,0.358557992
p02,575477.968,0,SHAKE,31,0,9.578473579,-12.73534626,-11.11519494,-153.3695455,-17.12203214,-14.72642213,0.772056341,0.274967134,0.745350897,0.473259151,0.719321728,0.127931044,0.306108177,0.345328107,0.172274436,0.425786628
p02,575478,0.032,SHAKE,31,1,9.95757385,-12.36170877,-9.935827824,-152.9904452,-16.74839464,-13.54705501,0.767350614,0.280756861,0.738984942,0.478655368,0.717517674,0.130928241,0.307357311,0.347727127,0.162133576,0.430879872
p02,575478.031,0.063,SHAKE,31,2,10.10757953,-10.57132443,-8.307040584,-152.8404395,-14.9580103,-11.91826777,0.758978784,0.284361243,0.731835425,0.48100698,0.71508795,0.134057958,0.306816339,0.346949022,0.143052466,0.433214322
p02,575478.062,0.094,SHAKE,31,3,11.39092553,-7.597801684,-6.606150945,-151.5570935,-11.98448756,-10.21737813,0.749517977,0.289862454,0.724306464,0.482219934,0.713101894,0.136766184,0.309423745,0.34545375,0.11769001,0.443174433
p02,575478.109,0.141,SHAKE,31,4,-5.443521899,-28.12020662,-178.7264683,-168.391541,-32.50689249,177.6623045,0.74029249,0.290896386,0.71754092,0.481762797,0.710328221,0.140096094,0.311584651,0.341666702,0.096167344,0.441366661
p02,575478.14,0.172,SHAKE,31,5,-2.629945822,-25.25343823,-179.0087427,-165.5779649,-29.64012411,177.3800301,0.734298289,0.296950191,0.714537084,0.484058708,0.708537698,0.140611745,0.311872661,0.343446963,0.082599709,0.455204043
p02,575478.171,0.203,SHAKE,31,6,-2.088506178,-23.59616913,-178.9408059,-165.0365252,-27.982855,177.4479669,0.728673458,0.300455838,0.711620808,0.485965669,0.705543846,0.141634062,0.313502491,0.344331607,0.073778081,0.461246581
p02,575478.203,0.235,SHAKE,31,7,13.1394469,-1.2737992,-3.900152244,-149.8085722,-5.660485076,-7.511379433,0.722896457,0.301638484,0.708830416,0.487062097,0.702412397,0.142638132,0.315055907,0.344423965,0.065017223,0.461641373
p02,575478.234,0.266,SHAKE,31,8,-0.3076586,-20.31542055,-179.3670305,-163.2556777,-24.70210642,177.0217423,0.719100118,0.302909791,0.706721902,0.487668574,0.700078577,0.141918316,0.316034496,0.345750257,0.060188179,0.465629371
p02,575478.265,0.297,SHAKE,31,9,13.18941667,1.02643767,-3.698738379,-149.7586024,-3.360248206,-7.309965569,0.716122091,0.302626401,0.705655992,0.488159418,0.696871638,0.142338589,0.315442264,0.345820829,0.061026865,0.463499589
p02,575478.296,0.328,SHAKE,31,10,0.474446277,-18.60899081,-179.8421794,-162.4735728,-22.99567668,176.5465934,0.712455809,0.303564489,0.70385927,0.487885326,0.695230186,0.143172003,0.315379381,0.344713323,0.054618736,0.465292389
p02,575478.343,0.375,SHAKE,31,11,-0.017500285,-17.96162531,-179.8821782,-162.9655193,-22.34831119,176.5065946,0.709262073,0.301645219,0.702312469,0.488223016,0.693421006,0.144364618,0.315719426,0.343858398,0.050174508,0.457399331
p02,575478.375,0.407,SHAKE,31,12,12.19347089,3.644973812,-2.987332757,-150.7545482,-0.741712064,-6.598559946,0.705629349,0.300878197,0.70059973,0.488267094,0.691839755,0.144657157,0.315736115,0.343609937,0.043674428,0.454646455
p02,575478.406,0.438,SHAKE,31,13,11.89423145,4.708265522,-2.721198443,-151.0537876,0.321579646,-6.332425632,0.70282656,0.301273525,0.699540794,0.488372564,0.690708786,0.144251376,0.315847933,0.344121188,0.038365846,0.456298984
p02,575478.437,0.469,SHAKE,31,14,11.62178844,5.327547864,-2.725624803,-151.3262306,0.940861988,-6.336851992,0.701202869,0.300531328,0.698807657,0.488204926,0.689100891,0.143973507,0.316065609,0.344231419,0.038289449,0.454803984
p02,575478.468,0.5,SHAKE,31,15,11.79615544,5.216329301,-2.943009311,-151.1518636,0.829643425,-6.5542365,0.700881779,0.301178098,0.698889852,0.488788188,0.688268214,0.143950511,0.316394567,0.344837677,0.039866565,0.45594666
p02,575478.5,0.532,SHAKE,31,16,11.27044818,5.262406445,-3.112731681,-151.6775709,0.875720569,-6.72395887,0.700403869,0.299767584,0.69928956,0.488463134,0.68781662,0.143954575,0.316388726,0.344508559,0.039784127,0.452276162
p02,575478.531,0.563,SHAKE,31,17,11.39250939,5.317449842,-3.412930291,-151.5555097,0.930763966,-7.024157481,0.700812757,0.299663424,0.699988246,0.488944262,0.687468976,0.144347362,0.316112578,0.3445969,0.042212117,0.450718106
p02,575478.578,0.61,SHAKE,31,18,11.21397671,5.224562578,-3.555726643,-151.7340424,0.837876702,-7.166953832,0.700855374,0.299334943,0.700618505,0.48892653,0.687444419,0.144611038,0.315930784,0.344315492,0.042449031,0.449366667
p02,575478.593,0.625,SHAKE,31,19,11.33829677,5.19166203,-3.700785562,-151.6097223,0.804976154,-7.312012751,0.700756729,0.299611866,0.700670958,0.488896251,0.687114447,0.144605257,0.316021502,0.344290994,0.043168839,0.450219763
p02,575478.625,0.657,SHAKE,31,20,11.18807559,5.082848171,-3.99017339,-151.7599435,0.696162295,-7.60140058,0.700931907,0.299505711,0.701385796,0.488532394,0.686486781,0.144905236,0.314975381,0.343627159,0.045861127,0.449907614
p02,575478.671,0.703,SHAKE,31,21,11.02251306,5.07013421,-4.08131194,-151.925506,0.683448334,-7.69253913,0.700623631,0.298676968,0.701485515,0.488136023,0.686024696,0.144927833,0.314983904,0.34320819,0.046348196,0.447976298
p02,575478.703,0.735,SHAKE,31,22,11.08472713,5.280132014,-4.173264271,-151.8632919,0.893446138,-7.78449146,0.699731648,0.299063385,0.700939715,0.488093913,0.684759945,0.145271368,0.314618766,0.342822544,0.047586809,0.448605317
p02,575478.734,0.766,SHAKE,31,23,10.96561818,5.567554318,-4.12466285,-151.9824009,1.180868442,-7.735890039,0.698559046,0.298813671,0.700456679,0.48830238,0.683704793,0.145429771,0.314556777,0.342872608,0.047222802,0.447349528
p02,575478.765,0.797,SHAKE,31,24,11.23869624,5.636739634,-4.01247688,-151.7093228,1.250053758,-7.623704069,0.697337389,0.299754322,0.699216545,0.488040924,0.683143497,0.145574685,0.314480364,0.342466239,0.045134432,0.4502039
p02,575478.796,0.828,SHAKE,31,25,11.10151581,5.797642733,-3.900093988,-151.8465032,1.410956857,-7.511321177,0.696342409,0.299455136,0.698266447,0.487861335,0.682468683,0.145811643,0.314059079,0.342049692,0.04417553,0.449184713
p02,575478.843,0.875,SHAKE,31,26,10.99007048,5.695452887,-3.802864268,-151.9579486,1.308767011,-7.414091457,0.695715845,0.299155921,0.697655737,0.487679839,0.681949705,0.146012437,0.314207971,0.341667403,0.043812191,0.448223866
p02,575478.875,0.907,SHAKE,31,27,11.12644971,5.640587911,-3.831949059,-151.8215694,1.253902035,-7.443176248,0.695414364,0.299308002,0.696917832,0.487163991,0.68111971,0.145832039,0.31405133,0.341331951,0.045516935,0.44963843
p02,575478.906,0.938,SHAKE,31,28,11.31838956,5.300435182,-3.85886489,-151.6296295,0.913749306,-7.47009208,0.695370674,0.299404919,0.696608841,0.486843616,0.681295097,0.145991571,0.314829707,0.340852045,0.044708542,0.450087803
p02,575478.937,0.969,SHAKE,31,29,11.35706007,5.360176767,-3.801102786,-151.590959,0.973490891,-7.412329975,0.69496429,0.300292075,0.695965409,0.487456828,0.681053966,0.146187447,0.314496219,0.341269381,0.044230495,0.451563006
p02,575478.968,1,SHAKE,31,30,11.46796958,5.75378518,-3.621055319,-151.4800495,1.367099304,-7.232282508,0.694490969,0.300686419,0.695276082,0.487702012,0.681141615,0.146885701,0.314837694,0.340816312,0.04240075,0.451271589
p02,575479,1.032,SHAKE,31,31,11.37513115,5.259863146,-3.716205321,-151.5728879,0.87317727,-7.32743251,0.695123971,0.300566763,0.695930004,0.488113344,0.681504935,0.147056594,0.315495789,0.341056749,0.043167091,0.45010154
p02,575479.031,1.063,SHAKE,31,32,11.2216759,5.220902167,-3.753063902,-151.7263432,0.834216291,-7.364291091,0.695658147,0.300061941,0.696439564,0.488541007,0.681784064,0.147225752,0.315469384,0.341315255,0.043979177,0.447785989
p02,575479.062,1.094,SHAKE,31,33,11.48473015,5.450576129,-3.624460951,-151.4632889,1.063890253,-7.235688141,0.695724547,0.300639331,0.696357191,0.488493174,0.682362854,0.147441953,0.315937102,0.341051221,0.042292255,0.449191701
p02,575479.093,1.125,SHAKE,31,34,11.43702673,5.141257795,-3.685518368,-151.5109923,0.754571919,-7.296745557,0.696852922,0.30068782,0.696710348,0.488973171,0.682982206,0.147141591,0.315945685,0.34183158,0.043902217,0.449186787
p02,575479.14,1.172,SHAKE,31,35,11.61975701,5.263845926,-3.71134873,-151.3282621,0.877160051,-7.322575919,0.697490394,0.301083744,0.697278023,0.489152491,0.683451891,0.14766331,0.316247702,0.341489181,0.044390846,0.449268797
p02,575479.171,1.203,SHAKE,31,36,11.43597288,5.234857795,-3.682803667,-151.5120462,0.848171919,-7.294030857,0.698209405,0.300828516,0.697869956,0.489593476,0.683958262,0.147316545,0.315825701,0.342276931,0.045123442,0.448502243
p02,575479.203,1.235,SHAKE,31,37,11.52950078,5.686097333,-3.564595268,-151.4185183,1.299411457,-7.175822457,0.698380291,0.300860018,0.698597968,0.489274174,0.684581429,0.146617621,0.316682935,0.342656553,0.043573117,0.450137011
p02,575479.234,1.266,SHAKE,31,38,11.26053127,5.397800761,-3.670840796,-151.6874878,1.011114885,-7.282067985,0.699102461,0.300293505,0.699260116,0.489764869,0.685114384,0.146682173,0.31655395,0.343082696,0.044188606,0.447738501
p02,575479.265,1.297,SHAKE,31,39,11.28990485,5.475223523,-3.666090227,-151.6581142,1.088537648,-7.277317416,0.699486017,0.300565213,0.69961369,0.48999393,0.685506582,0.146211267,0.317185462,0.343782663,0.044073379,0.448986999
p02,575479.296,1.328,SHAKE,31,40,11.34202903,5.356595139,-3.734202515,-151.60599,0.969909263,-7.345429705,0.700242341,0.300895751,0.700426221,0.489942163,0.685897708,0.145771638,0.317536473,0.344170526,0.045174756,0.450718761
p02,575479.343,1.375,SHAKE,31,41,11.3741775,5.246162217,-3.828201894,-151.5738416,0.859476341,-7.439429083,0.700746655,0.301454246,0.700837135,0.490391284,0.686223954,0.14608511,0.316941082,0.344306175,0.045821455,0.451252832
p02,575479.375,1.407,SHAKE,31,42,11.54105308,5.354621454,-3.846604566,-151.406966,0.967935578,-7.457831755,0.701107681,0.302045643,0.701238215,0.490496755,0.686369419,0.146429241,0.316843331,0.344067514,0.046515928,0.452284497
p02,575479.406,1.438,SHAKE,31,43,11.54917554,5.175318986,-3.827385726,-151.3988435,0.78863311,-7.438612915,0.701589048,0.302360684,0.701274574,0.490989864,0.686857611,0.146945164,0.316812396,0.3440447,0.046498929,0.451730603
p02,575479.437,1.469,SHAKE,31,44,11.59149993,5.159176437,-3.862386293,-151.3565191,0.772490561,-7.473613482,0.702063799,0.302559197,0.701735675,0.490520835,0.68732509,0.147246197,0.316714048,0.343274638,0.046536328,0.45244531
p02,575479.468,1.5,SHAKE,31,45,11.771663,5.570453145,-3.638267586,-151.1763561,1.183767269,-7.249494775,0.70167613,0.302963734,0.701161504,0.49060297,0.687728345,0.147260807,0.317333162,0.343342163,0.043953127,0.453492006
p02,575479.5,1.532,SHAKE,31,46,11.52599315,5.516837156,-3.750575804,-151.4220259,1.13015128,-7.361802993,0.702228844,0.302211434,0.702066183,0.490632355,0.687929302,0.147335142,0.317073584,0.343297213,0.045098496,0.451143457
p02,575479.531,1.563,SHAKE,31,47,11.61912293,5.880115484,-3.676447795,-151.3288961,1.493429608,-7.287674984,0.702073038,0.302679718,0.701765954,0.49059099,0.688077956,0.14719101,0.317280233,0.343399979,0.044109528,0.452791836
p02,575479.578,1.61,SHAKE,31,48,11.53598516,5.472472536,-3.771995991,-151.4120339,1.08578666,-7.38322318,0.702629209,0.302217811,0.702168524,0.490627468,0.688103914,0.147120729,0.3170017,0.343506739,0.045820872,0.451511033
p02,575479.593,1.625,SHAKE,31,49,11.62675817,5.446656288,-3.755564376,-151.3212609,1.059970412,-7.366791565,0.702841401,0.302340478,0.702317595,0.490852624,0.688471258,0.146993004,0.317231774,0.34385962,0.045298563,0.451775855
p02,575479.64,1.672,SHAKE,31,50,11.56070376,5.732474373,-3.739476654,-151.3873153,1.345788498,-7.350703843,0.702823877,0.302002281,0.702506006,0.490796566,0.688526034,0.146853819,0.316894174,0.343942747,0.045118668,0.451088046
p02,575479.671,1.703,SHAKE,31,51,11.53360524,5.743803152,-3.76854251,-151.4144138,1.357117276,-7.379769699,0.70300889,0.302059382,0.702884316,0.490776569,0.688585132,0.146703951,0.317151606,0.344072618,0.045479063,0.451519311
p02,575479.703,1.735,SHAKE,31,52,11.45458153,5.533501278,-3.836307712,-151.4934375,1.146815402,-7.447534902,0.703340054,0.301774353,0.703131735,0.490991801,0.688702852,0.146698367,0.317116499,0.344293434,0.046157176,0.450418075
p02,575479.734,1.766,SHAKE,31,53,11.20733703,5.675619284,-3.739955368,-151.740682,1.288933408,-7.351182558,0.70290941,0.301360846,0.702612102,0.4915497,0.68857041,0.146761321,0.316898167,0.34478838,0.045247974,0.448389604
p02,575479.765,1.797,SHAKE,31,54,11.20408429,5.712430774,-3.709684695,-151.7439348,1.325744898,-7.320911884,0.702694118,0.301735163,0.702653706,0.491634935,0.688475192,0.146776162,0.316869676,0.344858773,0.044873106,0.449340463
p02,575479.796,1.828,SHAKE,31,55,11.27106749,5.905527556,-3.705031166,-151.6769516,1.51884168,-7.316258355,0.702424943,0.302000105,0.702623129,0.491369367,0.68849799,0.146837179,0.316743255,0.344532188,0.043969218,0.450358289
p02,575479.843,1.875,SHAKE,31,56,11.38936553,5.971094489,-3.763146765,-151.5586535,1.584408614,-7.374373954,0.702396572,0.302312493,0.702793658,0.491265297,0.688403428,0.146537218,0.316947103,0.344728079,0.044149777,0.451878697
p02,575479.875,1.907,SHAKE,31,57,11.2639371,6.068960614,-3.77254562,-151.684082,1.682274738,-7.383772809,0.702141225,0.301870614,0.7026999,0.490806311,0.688033164,0.146668132,0.316636622,0.344138179,0.044556001,0.450988851
p02,575479.906,1.938,SHAKE,31,58,11.27002738,6.052768789,-3.855946525,-151.6779917,1.666082913,-7.467173714,0.701939821,0.301936448,0.702735484,0.490444094,0.687853843,0.146671288,0.316755354,0.343772806,0.044469582,0.4516505
p02,575479.937,1.969,SHAKE,31,59,11.26504941,5.905988668,-3.991294382,-151.6829697,1.519302792,-7.602521571,0.702079296,0.302375436,0.703055441,0.490844816,0.687591821,0.146708637,0.316677809,0.344136178,0.045748312,0.452340696
p02,575479.968,2,SHAKE,31,60,11.30709161,5.782932829,-4.100295272,-151.6409274,1.396246953,-7.711522461,0.702275097,0.30186972,0.703065872,0.490791947,0.687300652,0.147107042,0.316773534,0.343684904,0.047271768,0.450303973
p02,575484.171,0,SHAKE,32,0,-8.133827959,-25.00127069,-0.394960298,-171.081847,-29.38795656,-4.006187487,0.57834357,0.420991898,0.564460099,0.533847392,0.556157768,0.361934841,0.144739568,0.171912551,0.153280839,0.343529641
p02,575484.203,0.032,SHAKE,32,1,-8.346020844,-26.05270195,-0.701621115,-171.2940399,-30.43938783,-4.312848304,0.577966571,0.421514332,0.564263105,0.534134269,0.555207849,0.362385556,0.145017445,0.171748713,0.156937824,0.344274931
p02,575484.234,0.063,SHAKE,32,2,-8.303116997,-23.60158286,-0.458569078,-171.2511361,-27.98826874,-4.069796267,0.573448598,0.421565533,0.561768949,0.534887135,0.552580208,0.362766817,0.145865023,0.172120318,0.143066448,0.34161403
p02,575484.281,0.11,SHAKE,32,3,-7.436953851,-20.17124458,-0.525953236,-170.3849729,-24.55793046,-4.137180425,0.566672564,0.423830569,0.556562424,0.53407371,0.547555909,0.363480568,0.148123741,0.170593143,0.129058683,0.353765691
p02,575484.296,0.125,SHAKE,32,4,-4.667839975,-15.53481379,-0.345204409,-167.615859,-19.92149967,-3.956431599,0.556423604,0.427282721,0.549992561,0.535064936,0.542933792,0.363082021,0.150228918,0.171982914,0.089795046,0.373296962
p02,575484.328,0.157,SHAKE,32,5,-4.24590432,-9.881890594,0.191611911,-167.1939234,-14.26857647,-3.419615278,0.546412468,0.426636249,0.543521345,0.536192119,0.537631959,0.363227457,0.15204829,0.172964662,0.057748162,0.366599693
p02,575484.375,0.204,SHAKE,32,6,-4.860902316,-7.060107866,0.375995414,-167.8089214,-11.44679374,-3.235231775,0.538298547,0.426410973,0.538531125,0.536066413,0.53181915,0.363693476,0.153553426,0.172372937,0.042196371,0.363847704
p02,575484.406,0.235,SHAKE,32,7,-3.107110093,-2.546099945,0.909546518,-166.0551292,-6.932785821,-2.701680672,0.532240927,0.427796811,0.533608675,0.535807729,0.528643981,0.363775283,0.154095083,0.172032446,0.023342384,0.372147984
p02,575484.437,0.266,SHAKE,32,8,-3.083137201,-0.566378992,0.85945906,-166.0311563,-4.953064868,-2.751768129,0.529560983,0.428173453,0.53174305,0.535687804,0.526358709,0.364091098,0.153611451,0.171596706,0.020846587,0.373447462
p02,575484.468,0.297,SHAKE,32,9,-3.229777467,0.808252168,0.961749474,-166.1777965,-3.578433708,-2.649477715,0.527801991,0.428486943,0.530659199,0.536039352,0.525393739,0.364155501,0.152911246,0.171883851,0.01574934,0.374272752
p02,575484.5,0.329,SHAKE,32,10,-3.164493725,2.038012406,1.165462409,-166.1125128,-2.348673469,-2.445764781,0.527202249,0.428952783,0.530186653,0.536296308,0.525264367,0.364294425,0.15334332,0.172001883,0.012637532,0.375916574
p02,575484.531,0.36,SHAKE,32,11,-2.998443658,1.55021483,1.305048981,-165.9464627,-2.836471046,-2.306178208,0.527519166,0.429440886,0.530104041,0.536224663,0.525767252,0.364453688,0.153250664,0.171770975,0.011431693,0.378336314
p02,575484.578,0.407,SHAKE,32,12,-3.135372315,1.140013549,1.293788211,-166.0833914,-3.246672327,-2.317438978,0.528239548,0.429470092,0.530692518,0.535962164,0.526305199,0.364747792,0.153244257,0.171214372,0.012622656,0.378019081
p02,575484.609,0.438,SHAKE,32,13,-3.097577505,1.1075947,1.355864423,-166.0455966,-3.279091176,-2.255362767,0.529215872,0.42971772,0.531164408,0.536018133,0.527142003,0.364890769,0.153687567,0.171127364,0.013494059,0.378822819
p02,575484.64,0.469,SHAKE,32,14,-3.168643674,0.482028488,1.359072194,-166.1166627,-3.904657388,-2.252154995,0.529834747,0.429940581,0.531541348,0.536192358,0.527715966,0.364975393,0.153431416,0.171216965,0.013809305,0.37943196
p02,575484.671,0.5,SHAKE,32,15,-2.766086963,0.299990486,1.321810451,-165.714106,-4.08669539,-2.289416738,0.53021872,0.430563837,0.53171736,0.536275387,0.527970701,0.365217075,0.15337956,0.171058312,0.014656575,0.382014541
p02,575484.703,0.532,SHAKE,32,16,-2.993915279,0.142771699,1.375104059,-165.9419343,-4.243914177,-2.23612313,0.530381978,0.43033433,0.531816185,0.536108732,0.528254509,0.365328893,0.153845549,0.170779839,0.0138286,0.38063882
p02,575484.734,0.563,SHAKE,32,17,-2.903277296,0.018328098,1.300540756,-165.8512964,-4.368357778,-2.310686433,0.530302167,0.430502951,0.531929731,0.536381483,0.528084844,0.365266368,0.15378058,0.171115115,0.014418743,0.381243838
p02,575484.781,0.61,SHAKE,32,18,-3.106528481,-0.4069435,1.445250973,-166.0545475,-4.793629376,-2.165976216,0.530318737,0.430429578,0.531446278,0.536594927,0.528065786,0.365221769,0.153889656,0.171373159,0.014640044,0.380501881
p02,575484.796,0.625,SHAKE,32,19,-2.93840241,-0.522820457,1.453394741,-165.8864215,-4.909506333,-2.157832448,0.530254006,0.43071571,0.531498313,0.536598086,0.5280426,0.365235835,0.154087424,0.171362251,0.014351637,0.382113763
p02,575484.843,0.672,SHAKE,32,20,-3.070777129,-0.787164247,1.399252875,-166.0187962,-5.173850123,-2.211974315,0.530490518,0.430494696,0.531851113,0.53678757,0.528208509,0.365262419,0.15411973,0.171525151,0.014806725,0.380307358
p02,575484.875,0.704,SHAKE,32,21,-3.005118055,-0.204649683,1.654225116,-165.9531371,-4.591335559,-1.957002074,0.530524969,0.430725724,0.53179723,0.537479877,0.528701901,0.365154654,0.15408361,0.172325224,0.011831678,0.380507672
p02,575484.906,0.735,SHAKE,32,22,-3.080883929,-0.265926333,2.1057263,-166.028903,-4.652612208,-1.50550089,0.530835152,0.43071413,0.531222939,0.53723371,0.529505834,0.365359485,0.154308885,0.171874225,0.008614654,0.380246923
p02,575484.937,0.766,SHAKE,32,23,-3.480566026,-1.38446581,2.243268841,-166.4285851,-5.771151686,-1.367958348,0.531939924,0.430459648,0.531831741,0.538011968,0.530262783,0.365927637,0.154345304,0.172084332,0.010866159,0.375002251
p02,575484.968,0.797,SHAKE,32,24,-2.580322129,-2.455096665,2.188221241,-165.5283412,-6.841782541,-1.423005949,0.53274107,0.432080209,0.53223449,0.53842032,0.530820921,0.366231099,0.153931558,0.172189221,0.012474042,0.382422954
p02,575485,0.829,SHAKE,32,25,-2.66850519,-3.057605428,2.098606737,-165.6165243,-7.444291304,-1.512620452,0.53366369,0.432509303,0.532820761,0.539188325,0.531110793,0.366691843,0.153871596,0.172496483,0.016591085,0.381558275
p02,575485.046,0.875,SHAKE,32,26,-2.362573681,-3.455375652,2.441349365,-165.3105927,-7.842061528,-1.169877824,0.534310102,0.432966679,0.532622755,0.539283514,0.532235533,0.367052436,0.15407753,0.172231078,0.013464452,0.382708186
p02,575485.078,0.907,SHAKE,32,27,-2.666389842,-4.161901479,2.260739143,-165.6144089,-8.548587355,-1.350488047,0.535346627,0.43287313,0.533556938,0.539240122,0.532569453,0.367019966,0.154106259,0.172220156,0.018021164,0.382377796
p02,575485.109,0.938,SHAKE,32,28,-2.769538816,-5.648670432,2.155221906,-165.7175579,-10.03535631,-1.456005283,0.536735177,0.432924807,0.534355104,0.539907813,0.533167779,0.366825774,0.154026031,0.173082039,0.023161004,0.381894235
p02,575485.14,0.969,SHAKE,32,29,-2.77505511,-6.571324312,2.273119341,-165.7230742,-10.95801019,-1.338107848,0.537293136,0.432966977,0.534429491,0.540011287,0.533897609,0.366961688,0.153904974,0.173049599,0.022062494,0.381424112
p02,575485.171,1,SHAKE,32,30,-2.788962686,-6.379389301,2.449709579,-165.7369817,-10.76607518,-1.16151761,0.537435174,0.432982117,0.534435034,0.540159702,0.534298465,0.366951555,0.153811157,0.173208147,0.02039325,0.381220878
p02,575485.203,1.032,SHAKE,32,31,-2.943265577,-6.768765741,2.638116931,-165.8912846,-11.15545162,-0.973110258,0.537934959,0.432771295,0.534422576,0.539753497,0.534826994,0.366826653,0.154128909,0.172926843,0.020164712,0.38134416
p02,575485.234,1.063,SHAKE,32,32,-3.066453592,-7.121834344,2.615586409,-166.0144727,-11.50852022,-0.99564078,0.538397133,0.432660908,0.534901321,0.539857984,0.535249934,0.366724461,0.154039502,0.173133522,0.020431121,0.380841592
p02,575485.281,1.11,SHAKE,32,33,-3.051237863,-7.362866565,2.679682323,-165.9992569,-11.74955244,-0.931544866,0.538720012,0.432601511,0.534839392,0.540110826,0.53563723,0.366746962,0.154268533,0.173363864,0.01998322,0.379863183
p02,575485.312,1.141,SHAKE,32,34,-3.016585913,-8.02575871,2.537687151,-165.964605,-12.41244459,-1.073540038,0.539464772,0.432794631,0.535399556,0.540011704,0.53587234,0.366800055,0.154446989,0.173211649,0.023259965,0.381005411
p02,575485.343,1.172,SHAKE,32,35,-3.302684743,-8.096142981,2.526882712,-166.2507038,-12.48282886,-1.084344477,0.539800823,0.432700574,0.535917699,0.540045857,0.536057591,0.366798133,0.154295027,0.173247725,0.02426022,0.38039427
p02,575485.375,1.204,SHAKE,32,36,-3.241852891,-8.810306798,2.406113984,-166.189872,-13.19699267,-1.205113205,0.540413797,0.432891905,0.536349058,0.539916039,0.536400601,0.366707608,0.154330254,0.17320843,0.026003946,0.382107828
p02,575485.406,1.235,SHAKE,32,37,-3.361956389,-8.254509351,2.544353173,-166.3099755,-12.64119523,-1.066874016,0.540337384,0.432741612,0.536284685,0.540041804,0.536692336,0.366743505,0.154251873,0.173298299,0.023630491,0.380835285
p02,575485.437,1.266,SHAKE,32,38,-3.645111642,-9.069870933,2.522953059,-166.5931307,-13.45655681,-1.08827413,0.541000605,0.432645649,0.536721289,0.540399075,0.536963135,0.366907269,0.154283196,0.173491806,0.026169212,0.378913457
p02,575485.468,1.297,SHAKE,32,39,-3.495013658,-8.818714268,2.551194463,-166.4430327,-13.20540014,-1.060032727,0.541067958,0.432847738,0.536895037,0.53992939,0.537195474,0.366957068,0.154477239,0.172972322,0.025068314,0.38093187
p02,575485.5,1.329,SHAKE,32,40,-3.644723799,-9.78409231,2.471381798,-166.5927429,-14.17077819,-1.139845391,0.541499555,0.432743758,0.53714788,0.54049325,0.53726694,0.366929248,0.154033124,0.173564002,0.027478604,0.379194472
p02,575485.531,1.36,SHAKE,32,41,-3.552393225,-9.412637341,2.550918671,-166.5004123,-13.79932322,-1.060308518,0.541558444,0.432703465,0.537207603,0.53999418,0.537509739,0.366935924,0.154287785,0.173058257,0.026241255,0.380031227
p02,575485.578,1.407,SHAKE,32,42,-3.544673575,-9.644738539,2.53146733,-166.4926926,-14.03142441,-1.079759859,0.541724741,0.432812929,0.537264824,0.540208042,0.537616521,0.366978854,0.154217929,0.173229188,0.026639058,0.380040316
p02,575485.609,1.438,SHAKE,32,43,-3.448416559,-9.515883431,2.687199649,-166.3964356,-13.90256931,-0.92402754,0.541687131,0.432988822,0.537075102,0.540422022,0.537850872,0.366951421,0.154150546,0.173470601,0.024886446,0.380683534
p02,575485.64,1.469,SHAKE,32,44,-3.392856031,-8.976300637,2.812568809,-166.3408751,-13.36298651,-0.79865838,0.541446805,0.432894975,0.536880672,0.540257573,0.538026631,0.367036849,0.154257178,0.173220724,0.022171896,0.380197728
p02,575485.671,1.5,SHAKE,32,45,-3.404215152,-9.203755565,2.830267769,-166.3522342,-13.59044144,-0.78095942,0.541419148,0.4328385,0.536634207,0.540254951,0.53797701,0.366935253,0.154315561,0.173319697,0.022305841,0.38024095
p02,575485.718,1.547,SHAKE,32,46,-3.636273696,-9.686229809,2.77561804,-166.5842928,-14.07291569,-0.835609149,0.54142046,0.432157367,0.536621034,0.539886951,0.537688583,0.366321638,0.154425204,0.173565313,0.02416624,0.379313862
p02,575485.734,1.563,SHAKE,32,47,-3.988064621,-9.402281903,2.97404003,-166.9360837,-13.78896778,-0.63718716,0.5410797,0.43142134,0.536339283,0.540181696,0.537639052,0.36587587,0.154562354,0.174305826,0.022260584,0.376037169
p02,575485.781,1.61,SHAKE,32,48,-3.795790746,-8.639580535,3.238270099,-166.7438098,-13.02626641,-0.37295709,0.54070431,0.430838853,0.53559643,0.539195597,0.537672549,0.365512192,0.154694259,0.173683405,0.019598403,0.376124944
p02,575485.796,1.625,SHAKE,32,49,-4.178042602,-9.239812639,3.106176598,-167.1260617,-13.62649851,-0.505050592,0.541042805,0.430004835,0.536168098,0.538682699,0.53759405,0.365000874,0.15462631,0.173681825,0.022303802,0.374270372
p02,575485.843,1.672,SHAKE,32,50,-4.418109776,-9.49462233,3.163852814,-167.3661288,-13.88130821,-0.447374376,0.540954828,0.429625005,0.536120474,0.538734555,0.537495047,0.36481455,0.154365599,0.173920006,0.022412904,0.372645198
p02,575485.875,1.704,SHAKE,32,51,-4.228867386,-9.471781875,3.13933152,-167.1768864,-13.85846775,-0.47189567,0.540876687,0.429714352,0.536049128,0.538831651,0.537433341,0.36476025,0.154281288,0.174071401,0.02231862,0.373146315
p02,575485.906,1.735,SHAKE,32,52,-4.24439154,-9.919008477,3.06738421,-167.1924106,-14.30569435,-0.543842979,0.540962696,0.42971316,0.536100626,0.538602889,0.537205473,0.364757985,0.154271662,0.173844904,0.024354593,0.373638649
p02,575485.937,1.766,SHAKE,32,53,-4.438018712,-9.863504073,3.035911027,-167.3860378,-14.25018995,-0.575316162,0.540956676,0.429547489,0.536349356,0.538592398,0.537116989,0.364831239,0.154145569,0.173761159,0.024909484,0.372443704
p02,575485.968,1.797,SHAKE,32,54,-4.517250107,-10.10334487,3.027080799,-167.4652692,-14.49003074,-0.584146391,0.540923297,0.429654479,0.536208808,0.538697958,0.536969841,0.364851132,0.154083401,0.173846826,0.025657902,0.372761174
p02,575486,1.829,SHAKE,32,55,-4.533542147,-10.36928084,3.002405297,-167.4815612,-14.75596672,-0.608821892,0.540991366,0.429668397,0.536393642,0.538722873,0.537035227,0.365038276,0.153999627,0.173684597,0.025689277,0.37211199
p02,575486.046,1.875,SHAKE,32,56,-4.465517502,-10.19010535,3.081211402,-167.4135366,-14.57679123,-0.530015787,0.540781081,0.429739803,0.536071718,0.538426757,0.536890104,0.364907473,0.153929442,0.173519284,0.025277661,0.373631843
p02,575486.078,1.907,SHAKE,32,57,-4.73115506,-10.17379867,3.115110723,-167.6791741,-14.56048454,-0.496116467,0.540655017,0.429329097,0.535900593,0.538429499,0.536705181,0.36487776,0.154087514,0.173551738,0.025633718,0.371366703
p02,575486.109,1.938,SHAKE,32,58,-4.663794945,-10.20914515,3.185632559,-167.611814,-14.59583103,-0.425594631,0.540501118,0.429217607,0.535661697,0.53831172,0.536749855,0.364898667,0.15421772,0.173413053,0.024324462,0.370900223
p02,575486.14,1.969,SHAKE,32,59,-4.479010472,-10.25749685,3.271790264,-167.4270295,-14.64418272,-0.339436926,0.540406346,0.429363221,0.535221815,0.53809458,0.536750734,0.364928678,0.154082566,0.173165902,0.023725023,0.372097176
p02,575486.171,2,SHAKE,32,60,-4.565266109,-10.96139235,3.140175951,-167.5132852,-15.34807822,-0.471051239,0.540704072,0.429215819,0.535360038,0.538220763,0.536588639,0.364938721,0.154072315,0.173282042,0.026711045,0.370939174
p02,575489.843,0,SHAKE,33,0,3.162505653,-19.24519529,26.61236636,-159.7855134,-23.63188116,23.00113917,0.801246226,0.465043187,0.727503359,0.566001534,0.811223686,0.377800837,0.160950661,0.188200697,-0.061990798,0.463560185
p02,575489.875,0.032,SHAKE,33,1,3.108126451,-16.49628682,27.60966045,-159.8398926,-20.88297269,23.99843326,0.789115191,0.461942822,0.719807386,0.562727571,0.803296536,0.374805257,0.163049579,0.187922314,-0.086975666,0.463689294
p02,575489.906,0.063,SHAKE,33,2,4.05555181,-15.12221177,28.20149314,-158.8924673,-19.50889765,24.59026595,0.786158979,0.4625732,0.717422843,0.56119293,0.802894562,0.375315011,0.164139926,0.185877919,-0.101959248,0.469438168
p02,575489.937,0.094,SHAKE,33,3,3.767297873,-16.70946152,28.30310438,-159.1807212,-21.0961474,24.69187719,0.788847744,0.465817332,0.71734488,0.564094186,0.804240823,0.376823068,0.162873685,0.187271118,-0.094509302,0.475216176
p02,575489.968,0.125,SHAKE,33,4,3.011077003,-21.43005917,26.94983669,-159.9369421,-25.81674504,23.3386095,0.799801767,0.472928464,0.723021865,0.56889081,0.808542252,0.380121469,0.154876411,0.188769341,-0.056435223,0.491642312
p02,575490,0.157,SHAKE,33,5,4.469729018,-23.27027149,25.64883801,-158.47829,-27.65695736,22.03761082,0.80571723,0.478153557,0.728358626,0.571488321,0.814596742,0.384024203,0.154298007,0.187464118,-0.057547811,0.502119311
p02,575490.046,0.203,SHAKE,33,6,-28.39416246,-51.0469391,-133.5823159,168.6578185,-55.43362498,-137.1935431,0.810154736,0.482006788,0.732746899,0.574134231,0.817898989,0.386921078,0.155617535,0.187213153,-0.049764653,0.507900802
p02,575490.078,0.235,SHAKE,33,7,2.854397554,-24.56187081,25.05421305,-160.0936215,-28.94855668,21.44298586,0.813935339,0.48245734,0.736967504,0.575574636,0.819623441,0.389024198,0.154283881,0.186550438,-0.03686776,0.500846541
p02,575490.125,0.282,SHAKE,33,8,2.47188532,-26.14956139,24.04047651,-160.4761337,-30.53624726,20.42924932,0.813952446,0.482435197,0.737104893,0.576734841,0.817071885,0.388552576,0.15092963,0.188182265,-0.020668168,0.498891968
p02,575490.14,0.297,SHAKE,33,9,2.957121809,-24.3375511,23.89600788,-159.9908973,-28.72423698,20.28478069,0.809231341,0.480685741,0.735853374,0.57482177,0.814129472,0.387649715,0.1545645,0.187172055,-0.031689883,0.497061517
p02,575490.171,0.328,SHAKE,33,10,4.007022167,-22.49001448,23.34893049,-158.9409969,-26.87670035,19.7377033,0.803216636,0.479533136,0.731435895,0.571116209,0.807728857,0.383859783,0.16070646,0.187256426,-0.028077407,0.510921599
p02,575490.203,0.36,SHAKE,33,11,4.020067966,-19.52561159,24.23901062,-158.9279511,-23.91229747,20.62778343,0.792098701,0.473480254,0.723851204,0.568759918,0.801043808,0.380724639,0.163944364,0.18803528,-0.054561848,0.493288366
p02,575490.234,0.391,SHAKE,33,12,4.305527469,-16.00398217,24.91189879,-158.6424916,-20.39066805,21.3006716,0.781742871,0.46780473,0.717579305,0.565944731,0.794310838,0.37804167,0.168184817,0.187903062,-0.074727121,0.477709408
p02,575490.265,0.422,SHAKE,33,13,3.762701849,-14.33318745,25.10880412,-159.1853172,-18.71987332,21.49757693,0.773145258,0.460809588,0.711395025,0.563087761,0.787235588,0.374202371,0.170504212,0.188885391,-0.082639187,0.458517292
p02,575490.312,0.469,SHAKE,33,14,3.10031954,-12.3676704,25.51552436,-159.8476995,-16.75435627,21.90429717,0.767742276,0.45698306,0.708294332,0.560973167,0.782628685,0.371725813,0.17205596,0.189247355,-0.086520741,0.450506942
p02,575490.343,0.5,SHAKE,33,15,3.678136541,-10.30316714,25.65615619,-159.2698825,-14.68985301,22.044929,0.763538778,0.454591751,0.705438197,0.559002101,0.780307591,0.36878626,0.173277259,0.190215841,-0.09677446,0.451095399
p02,575490.375,0.532,SHAKE,33,16,3.175842967,-10.08381895,25.72861191,-159.7721761,-14.47050482,22.11738472,0.761837065,0.452202171,0.70456326,0.558093548,0.779376566,0.3671332,0.174186945,0.190960348,-0.100693546,0.445479766
p02,575490.406,0.563,SHAKE,33,17,2.166310946,-10.00741448,25.85296466,-160.7817081,-14.39410035,22.24173748,0.76170826,0.45018059,0.704303861,0.557148755,0.778238982,0.365962699,0.174381971,0.191186056,-0.094796052,0.440502268
p02,575490.437,0.594,SHAKE,33,18,2.382768183,-10.30100761,25.93507098,-160.5652509,-14.68769348,22.32384379,0.762361228,0.450013101,0.704306066,0.557006419,0.77923277,0.366206884,0.17368269,0.190799534,-0.09714003,0.439237009
p02,575490.468,0.625,SHAKE,33,19,2.39777869,-10.51973555,25.93309137,-160.5502404,-14.90642143,22.32186418,0.762701392,0.449529052,0.704045773,0.556755662,0.779584944,0.365866482,0.174110115,0.19088918,-0.096970541,0.438278218
p02,575490.515,0.672,SHAKE,33,20,2.606376602,-11.09141502,25.90470995,-160.3416425,-15.47810089,22.29348276,0.762770057,0.449947685,0.704001427,0.556889117,0.779973,0.365707919,0.173789144,0.191181198,-0.098987447,0.440627881
p02,575490.546,0.703,SHAKE,33,21,2.610619544,-11.54122369,25.88148673,-160.3373995,-15.92790956,22.27025954,0.762884378,0.449644148,0.703855634,0.556589007,0.780098438,0.365739524,0.173086286,0.190849483,-0.099453632,0.43963768
p02,575490.578,0.735,SHAKE,33,22,2.352946116,-11.66306788,25.8177598,-160.5950729,-16.04975376,22.20653261,0.762996912,0.449594826,0.703751743,0.556863606,0.779784054,0.365602925,0.172928393,0.191260681,-0.097075681,0.439148809
p02,575490.609,0.766,SHAKE,33,23,2.29432524,-11.57706455,25.85335303,-160.6536938,-15.96375042,22.24212584,0.763400137,0.449214011,0.703979671,0.556655526,0.779958129,0.365845248,0.172750652,0.190810278,-0.095849083,0.436919668
p02,575490.64,0.797,SHAKE,33,24,2.23361753,-11.23029277,25.97937854,-160.7144015,-15.61697865,22.36815135,0.763396382,0.449224144,0.704190373,0.556662381,0.780188084,0.366025388,0.173080087,0.190636992,-0.097016945,0.436425034
p02,575490.671,0.828,SHAKE,33,25,2.432163653,-11.35682906,25.88359081,-160.5158554,-15.74351494,22.27236362,0.763939977,0.449722916,0.704364955,0.55709511,0.780584425,0.366083607,0.172243953,0.191011503,-0.096632989,0.437875768
p02,575490.718,0.875,SHAKE,33,26,2.51286314,-11.43016092,25.84914643,-160.4351559,-15.81684679,22.23791924,0.764978707,0.449932218,0.704957068,0.557112098,0.78122133,0.366403148,0.172307312,0.19070895,-0.094265432,0.437992396
p02,575490.734,0.891,SHAKE,33,27,2.693175557,-11.70660205,25.72013534,-160.2548435,-16.09328793,22.10890815,0.765826643,0.450425208,0.705766082,0.557091236,0.78200379,0.366312131,0.172486126,0.190779105,-0.093788109,0.440892499
p02,575490.781,0.938,SHAKE,33,28,2.627886872,-11.78595422,25.84346085,-160.3201322,-16.1726401,22.23223366,0.76685673,0.450847566,0.706406176,0.557046711,0.78273949,0.366820276,0.172258079,0.190226436,-0.092203282,0.441722466
p02,575490.812,0.969,SHAKE,33,29,2.634641765,-11.53356085,26.15224018,-160.3133773,-15.92024673,22.541013,0.767904878,0.451249719,0.707277,0.55679208,0.783975124,0.367874309,0.171863198,0.188917771,-0.093506038,0.441331743
p02,575490.843,1,SHAKE,33,30,2.37630475,-11.00030142,26.69816804,-160.5717143,-15.3869873,23.08694085,0.769001722,0.451835304,0.707670867,0.557495534,0.784770221,0.370115668,0.171737969,0.187379867,-0.091817193,0.436117488
p02,575490.875,1.032,SHAKE,33,31,2.388143331,-10.65616989,26.96364169,-160.5598757,-15.04285577,23.3524145,0.770067096,0.452671707,0.708223939,0.557787597,0.785601705,0.371275768,0.170917749,0.186511829,-0.090889387,0.43641167
p02,575490.921,1.078,SHAKE,33,32,2.431420694,-10.6968363,27.23142971,-160.5165984,-15.08352218,23.62020252,0.771525264,0.453232437,0.708788455,0.558015287,0.787023216,0.37200278,0.170066059,0.186012506,-0.091129017,0.436689223
p02,575490.937,1.094,SHAKE,33,33,2.530566469,-11.44577721,27.2996462,-160.4174526,-15.83246308,23.68841901,0.772475481,0.454577088,0.709353268,0.558711469,0.788216531,0.372607574,0.169438541,0.186103895,-0.092901238,0.440450289
p02,575490.984,1.141,SHAKE,33,34,2.045173894,-11.53174895,27.81338872,-160.9028452,-15.91843483,24.20216153,0.774201214,0.455209285,0.710068345,0.55919838,0.789680094,0.373723567,0.167978108,0.185474813,-0.092148194,0.439335763
p02,575491.015,1.172,SHAKE,33,35,1.831215697,-12.23165817,28.01035252,-161.1168034,-16.61834405,24.39912533,0.776416421,0.457148671,0.710993052,0.560949862,0.791351408,0.374767601,0.167114079,0.186182261,-0.08937001,0.442475397
p02,575491.046,1.203,SHAKE,33,36,1.725945495,-12.7651796,28.5077197,-161.2220736,-17.15186547,24.89649251,0.778879106,0.458763778,0.711858273,0.561996758,0.793698579,0.376933441,0.16558224,0.185063317,-0.08949917,0.442174812
p02,575491.078,1.235,SHAKE,33,37,1.45617782,-13.44455233,28.82415072,-161.4918412,-17.83123821,25.21292353,0.780609548,0.460303903,0.713395894,0.563152075,0.795650542,0.378900722,0.164072812,0.184251353,-0.091672676,0.441805064
p02,575491.109,1.266,SHAKE,33,38,1.887331182,-14.16696765,28.81094861,-161.0606879,-18.55365352,25.19972142,0.782514334,0.462495327,0.714169681,0.564389229,0.797725171,0.380435586,0.162982821,0.183953643,-0.093327855,0.446089242
p02,575491.14,1.297,SHAKE,33,39,1.923729981,-14.80160102,28.82313124,-161.0242891,-19.1882869,25.21190406,0.78416574,0.46360749,0.71500808,0.564978421,0.799237549,0.381037518,0.162769616,0.183940902,-0.092595963,0.448894023
p02,575491.171,1.328,SHAKE,33,40,2.0078396,-15.44316673,28.7136753,-160.9401795,-19.82985261,25.10244812,0.786013663,0.464930654,0.716497064,0.565303504,0.800632983,0.381674305,0.161661208,0.1836292,-0.090431841,0.453393845
p02,575491.203,1.36,SHAKE,33,41,2.52362513,-15.56504766,28.76994894,-160.4243939,-19.95173353,25.15872175,0.786254585,0.466078073,0.716612041,0.565330148,0.801596671,0.382308424,0.161043048,0.183021724,-0.095266991,0.457703312
p02,575491.234,1.391,SHAKE,33,42,2.508675103,-15.3404216,28.9919903,-160.439344,-19.72710748,25.38076311,0.787005544,0.467043817,0.717108548,0.565707862,0.802320987,0.383091524,0.160674572,0.182616338,-0.095319646,0.459719506
p02,575491.281,1.438,SHAKE,33,43,2.720040132,-16.15113645,29.14636223,-160.2279789,-20.53782233,25.53513504,0.787489355,0.468924254,0.717281759,0.566185296,0.803228319,0.384271845,0.159561217,0.18191345,-0.098639033,0.46534442
p02,575491.312,1.469,SHAKE,33,44,2.01274841,-16.36906153,29.91622111,-160.9352707,-20.75574741,26.30499392,0.78827405,0.46927461,0.716922522,0.567074478,0.804427445,0.385115996,0.158470035,0.181958482,-0.101933436,0.462515479
p02,575491.343,1.5,SHAKE,33,45,2.984942402,-16.98171897,29.80821816,-159.9630767,-21.36840484,26.19699097,0.789557099,0.472033173,0.717193007,0.568372667,0.806471407,0.386069581,0.157667577,0.182303086,-0.10727829,0.471542166
p02,575491.375,1.532,SHAKE,33,46,3.545542501,-17.49212651,29.97135201,-159.4024766,-21.87881238,26.36012483,0.789812565,0.47322005,0.717007041,0.568638921,0.80839473,0.386884287,0.159264565,0.181754634,-0.116674825,0.475012722
p02,575491.406,1.563,SHAKE,33,47,4.524865371,-17.53330579,30.11044412,-158.4231537,-21.91999167,26.49921693,0.789767027,0.474086672,0.717071354,0.568490744,0.810548097,0.387736395,0.158739209,0.180754349,-0.130913277,0.477721713
p02,575491.453,1.61,SHAKE,33,48,4.757933446,-17.84157884,30.09681922,-158.1900856,-22.22826472,26.48559203,0.790521204,0.474813819,0.717541277,0.568302035,0.811593026,0.387826949,0.158191979,0.180475086,-0.133204108,0.481988243
p02,575491.484,1.641,SHAKE,33,49,4.789126268,-17.77923946,30.25897664,-158.1588928,-22.16592534,26.64774946,0.791160941,0.474994272,0.717953384,0.568497181,0.812701434,0.387907386,0.158127546,0.180589795,-0.136222267,0.482235921
p02,575491.515,1.672,SHAKE,33,50,4.95586035,-17.54071055,30.33347395,-157.9921587,-21.92739643,26.72224676,0.791381538,0.47497344,0.718207955,0.568609238,0.813495398,0.387759075,0.158432961,0.180850163,-0.139578656,0.482246541
p02,575491.546,1.703,SHAKE,33,51,5.069306613,-17.54743118,30.37531587,-157.8787124,-21.93411706,26.76408868,0.791363657,0.475042403,0.718005598,0.568517447,0.81371516,0.387691036,0.15820694,0.180826411,-0.14128017,0.483067526
p02,575491.578,1.735,SHAKE,33,52,5.034660298,-17.75088862,30.37112278,-157.9133588,-22.1375745,26.75989559,0.791220903,0.475463927,0.718031943,0.568768144,0.813713133,0.387623444,0.158204794,0.181144699,-0.142171608,0.484918868
p02,575491.609,1.766,SHAKE,33,53,4.965989088,-17.74603612,30.3413077,-157.98203,-22.13272199,26.73008051,0.791319251,0.475423515,0.717782855,0.569212079,0.813530982,0.387772083,0.158048332,0.181439996,-0.140537583,0.483087707
p02,575491.64,1.797,SHAKE,33,54,5.232368825,-17.69357753,30.21457609,-157.7156502,-22.08026341,26.6033489,0.790897489,0.476056665,0.717561126,0.569421887,0.813266009,0.387881026,0.158554018,0.181540862,-0.141078232,0.485706847
p02,575491.671,1.828,SHAKE,33,55,5.112175451,-17.67255245,30.25739269,-157.8358436,-22.05923833,26.6461655,0.790894568,0.47577557,0.717556238,0.569368124,0.813193202,0.387858108,0.158988237,0.181510016,-0.140253357,0.484367
p02,575491.718,1.875,SHAKE,33,56,5.147082675,-17.55376227,30.25966325,-157.8009364,-21.94044814,26.64843606,0.790759385,0.475555837,0.717464387,0.569442153,0.813245207,0.387889922,0.159202576,0.181552231,-0.141240318,0.482868841
p02,575491.75,1.907,SHAKE,33,57,5.063979834,-17.7028077,29.99336376,-157.8840392,-22.08949358,26.38213657,0.791066527,0.475752115,0.718023896,0.569688559,0.813083112,0.387345001,0.159809351,0.182343557,-0.137767814,0.484838156
p02,575491.781,1.938,SHAKE,33,58,4.962211158,-17.40506147,30.025617,-157.9858079,-21.79174735,26.41438981,0.790860593,0.475741178,0.718140125,0.569347143,0.812814385,0.387243003,0.160018981,0.182104141,-0.137194921,0.485975634
p02,575491.812,1.969,SHAKE,33,59,4.935513844,-17.39865144,30.02012937,-158.0125052,-21.78533732,26.40890218,0.790816009,0.475655556,0.718252778,0.569247305,0.812604755,0.387156397,0.15965265,0.182090908,-0.136475944,0.48601635
p02,575491.843,2,SHAKE,33,60,5.021856479,-17.58654279,30.04507813,-157.9261626,-21.97322867,26.43385094,0.79059726,0.475962162,0.717613041,0.568934202,0.812148631,0.387174919,0.159367859,0.181759283,-0.135230345,0.488488078
p02,575496,0,SHAKE,34,0,7.054220069,2.855130733,4.463541147,-155.893799,-1.531555143,0.852313957,0.59849292,0.408100307,0.592427731,0.560941041,0.604348272,0.264303327,0.280060887,0.296637714,-0.020907424,0.484756232
p02,575496.046,0.046,SHAKE,34,1,6.323077519,6.763310246,4.728232287,-156.6249415,2.37662437,1.117005098,0.588788927,0.406908989,0.586923003,0.559774935,0.596783549,0.264523983,0.281277835,0.295250952,-0.02842251,0.482250793
p02,575496.078,0.078,SHAKE,34,2,6.124960249,8.499748365,4.288801787,-156.8230588,4.113062489,0.677574598,0.585297763,0.407150298,0.585209072,0.56105566,0.592398226,0.265202388,0.282218099,0.295853272,-0.025159488,0.479791584
p02,575496.109,0.109,SHAKE,34,3,6.485703995,7.146838304,3.38517534,-156.4623151,2.760152428,-0.226051849,0.585681558,0.408288121,0.58576256,0.561794162,0.590514764,0.265793592,0.282291114,0.29600057,-0.017121356,0.48139951
p02,575496.14,0.14,SHAKE,34,4,7.012875259,4.784274608,2.267955933,-155.9351438,0.397588733,-1.343271256,0.589896083,0.409008652,0.589137256,0.561661422,0.592007816,0.264707953,0.28322804,0.29695347,-0.007455946,0.485937071
p02,575496.171,0.171,SHAKE,34,5,7.692686216,2.394451629,1.229550008,-155.2553328,-1.992234247,-2.381677182,0.596007884,0.410764694,0.593695223,0.562436044,0.595432118,0.265178636,0.282872975,0.297257408,0.002035422,0.489764273
p02,575496.203,0.203,SHAKE,34,6,8.386310128,-2.028667969,-0.412314252,-154.5617089,-6.415353845,-4.023541441,0.604768753,0.411421806,0.599959791,0.563712001,0.598790616,0.265252769,0.283459902,0.298459232,0.021089887,0.489745402
p02,575496.25,0.25,SHAKE,34,7,8.016589885,-3.590092017,-1.011443548,-154.9314292,-7.976777893,-4.622670737,0.612764359,0.410211623,0.606556892,0.565588117,0.604018688,0.265521631,0.280655444,0.300066486,0.031161592,0.48219311
p02,575496.265,0.265,SHAKE,34,8,8.340473643,-4.220354327,-1.435928661,-154.6075454,-8.607040203,-5.047155851,0.619522214,0.410718322,0.611670673,0.564293504,0.608632386,0.265662387,0.280339837,0.298631117,0.038845097,0.48573617
p02,575496.312,0.312,SHAKE,34,9,8.83562722,-5.841257734,-2.277556469,-154.1123918,-10.22794361,-5.888783658,0.626598001,0.410539448,0.615838706,0.564010382,0.611533642,0.264312774,0.279666692,0.299697608,0.053865402,0.487914052
p02,575496.343,0.343,SHAKE,34,10,9.216809111,-7.493111488,-2.506714988,-153.73121,-11.87979736,-6.117942177,0.632763386,0.410028219,0.619147122,0.564947426,0.616115183,0.263220727,0.279928029,0.301726699,0.059473155,0.486557843
p02,575496.375,0.375,SHAKE,34,11,9.624034934,-8.700714593,-2.706384122,-153.3239841,-13.08740047,-6.317611312,0.636830807,0.409903795,0.620855749,0.563458025,0.619493663,0.262741864,0.279219508,0.300716162,0.062091447,0.489371539
p02,575496.406,0.406,SHAKE,34,12,9.541376915,-9.736735781,-2.774534324,-153.4066421,-14.12342166,-6.385761513,0.638654351,0.409994453,0.621930838,0.56294477,0.621038526,0.262319013,0.27797538,0.300625756,0.063371889,0.491226838
p02,575496.453,0.453,SHAKE,34,13,9.714293297,-10.45661255,-2.746354395,-153.2337258,-14.84329842,-6.357581584,0.640485942,0.409745812,0.622241735,0.562410176,0.622450799,0.261795163,0.277039617,0.300615013,0.065099511,0.492159882
p02,575496.468,0.468,SHAKE,34,14,9.749752436,-10.78653738,-2.637174901,-153.1982666,-15.17322325,-6.24840209,0.640989065,0.409580261,0.622101247,0.561320424,0.622823089,0.261319295,0.276411057,0.30000113,0.065720873,0.494201359
p02,575496.515,0.515,SHAKE,34,15,9.781180834,-11.23197645,-2.511598668,-153.1668382,-15.61866233,-6.122825857,0.640478551,0.40938589,0.621112883,0.561799824,0.62289235,0.261253223,0.276052773,0.300546601,0.06370594,0.492877531
p02,575496.546,0.546,SHAKE,34,16,9.618648929,-11.46471802,-2.480283248,-153.3293701,-15.8514039,-6.091510437,0.640066326,0.408686757,0.620286524,0.561642706,0.622530669,0.261635289,0.276030689,0.300007418,0.063527924,0.490159442
p02,575496.578,0.578,SHAKE,34,17,9.734629053,-11.44555888,-2.317051343,-153.21339,-15.83224476,-5.928278532,0.639639378,0.408999264,0.619152069,0.561259985,0.622140527,0.261643186,0.275512516,0.299616799,0.063513814,0.491815141
p02,575496.609,0.609,SHAKE,34,18,9.530125344,-11.35658753,-2.109853273,-153.4178937,-15.74327341,-5.721080462,0.638541877,0.409005642,0.618418217,0.561940908,0.621702611,0.262125164,0.275637627,0.299815744,0.061092043,0.489902484
p02,575496.64,0.64,SHAKE,34,19,9.492617704,-10.88570754,-1.989778916,-153.4554014,-15.27239342,-5.601006105,0.637354612,0.408397436,0.617802501,0.561392307,0.621283799,0.262055948,0.275626361,0.299336359,0.058306516,0.488886443
p02,575496.671,0.671,SHAKE,34,20,9.309870641,-10.81165861,-1.839759189,-153.6381484,-15.19834449,-5.450986379,0.63659364,0.408180535,0.617080212,0.561842322,0.620665014,0.261900321,0.275832206,0.299942002,0.057747521,0.487694999
p02,575496.703,0.703,SHAKE,34,21,9.300745864,-10.38666784,-1.697728517,-153.6472732,-14.77335371,-5.308955707,0.635899544,0.408488125,0.616764843,0.561911464,0.620387554,0.261943206,0.275572896,0.299968258,0.056289968,0.488534752
p02,575496.75,0.75,SHAKE,34,22,9.176497265,-10.11547285,-1.47965638,-153.7715218,-14.50215872,-5.090883569,0.63532275,0.408499718,0.616170585,0.561779857,0.620113939,0.261980459,0.275620997,0.299799398,0.055180159,0.488724326
p02,575496.781,0.781,SHAKE,34,23,9.056458817,-10.20378518,-1.274136039,-153.8915602,-14.59047106,-4.885363229,0.634842336,0.408619046,0.615792215,0.561702013,0.620210648,0.261246264,0.275746703,0.300455749,0.053062062,0.490497462
p02,575496.812,0.812,SHAKE,34,24,8.883498434,-11.0039911,-1.387535846,-154.0645206,-15.39067698,-4.998763036,0.634904563,0.408296913,0.615526378,0.561767101,0.620142579,0.25889948,0.27553609,0.302867621,0.053575502,0.493276344
p02,575496.843,0.843,SHAKE,34,25,8.761029411,-11.21598656,-1.204355785,-154.1869897,-15.60267244,-4.815582974,0.635311127,0.407919288,0.615432918,0.561809659,0.620971859,0.258668169,0.275921255,0.30314149,0.051968697,0.49234804
p02,575496.875,0.875,SHAKE,34,26,8.735630063,-11.19212633,-0.995649851,-154.212389,-15.57881221,-4.606877041,0.634955347,0.408152282,0.61483413,0.562227845,0.621413797,0.258378953,0.276625156,0.303848892,0.048952704,0.492920439
p02,575496.921,0.921,SHAKE,34,27,8.825879866,-11.26119738,-1.042420727,-154.1221392,-15.64788326,-4.653647917,0.634999752,0.408669293,0.614768088,0.56244123,0.621368378,0.258398965,0.276888162,0.304042265,0.049230612,0.494241575
p02,575496.937,0.937,SHAKE,34,28,8.698498728,-11.09326597,-0.808992987,-154.2495203,-15.47995185,-4.420220176,0.634564877,0.408442676,0.614403665,0.562570691,0.621681392,0.258649975,0.276914954,0.303920716,0.046525058,0.492867689
p02,575496.968,0.968,SHAKE,34,29,8.687165043,-11.16817385,-0.691005606,-154.260854,-15.55485973,-4.302232796,0.634300888,0.408468366,0.613928854,0.562436581,0.621749401,0.258748144,0.277133167,0.303688437,0.045290452,0.493006001
p02,575497.015,1.015,SHAKE,34,30,8.845274441,-10.83268934,-0.504686673,-154.1027446,-15.21937522,-4.115913862,0.633455813,0.409027517,0.613108158,0.5627051,0.621352166,0.25883311,0.277765453,0.303871989,0.043575063,0.494268678
p02,575497.031,1.031,SHAKE,34,31,8.847758569,-10.47297978,-0.479704358,-154.1002605,-14.85966566,-4.090931547,0.63284719,0.409117401,0.61259234,0.56233865,0.620552778,0.258632183,0.277945191,0.303706467,0.044233223,0.495495598
p02,575497.078,1.078,SHAKE,34,32,8.771646225,-10.20866162,-0.365396993,-154.1763728,-14.59534749,-3.976624183,0.632166147,0.408705086,0.612064362,0.562469304,0.620044023,0.258705735,0.278591245,0.303763568,0.043512223,0.493802964
p02,575497.109,1.109,SHAKE,34,33,8.75190192,-9.914688805,-0.259334248,-154.1961171,-14.30137468,-3.870561437,0.631514728,0.408697397,0.611756027,0.562367797,0.619890422,0.258651301,0.278183341,0.303716496,0.041786494,0.494033408
p02,575497.14,1.14,SHAKE,34,34,8.742125935,-9.726056649,-0.226325766,-154.2058931,-14.11274253,-3.837552955,0.631364405,0.408825457,0.611389101,0.562396765,0.619336396,0.258565918,0.278898716,0.303830847,0.043126798,0.49454998
p02,575497.171,1.171,SHAKE,34,35,8.533501433,-9.616946117,-0.201664855,-154.4145176,-14.00363199,-3.812892045,0.630952656,0.408034801,0.611063719,0.562570691,0.619042575,0.258327603,0.278945565,0.304243088,0.042696792,0.492064419
p02,575497.203,1.203,SHAKE,34,36,8.53965718,-9.683924818,-0.160281796,-154.4083619,-14.07061069,-3.771508985,0.630899549,0.408036113,0.611107826,0.562584639,0.619293809,0.25801982,0.278632164,0.304564819,0.041652548,0.492559494
p02,575497.25,1.25,SHAKE,34,37,8.554270395,-9.176678242,-0.117252607,-154.3937487,-13.56336412,-3.728479796,0.630682945,0.407784045,0.611475706,0.562153041,0.619266599,0.257616743,0.279343337,0.304536298,0.04086851,0.493101487
p02,575497.265,1.265,SHAKE,34,38,8.456089317,-9.619952942,-0.117959861,-154.4919297,-14.00663882,-3.72918705,0.631028295,0.407131314,0.611335635,0.562540054,0.61957413,0.257459193,0.279239416,0.305080861,0.041019155,0.490598199
p02,575497.312,1.312,SHAKE,34,39,8.602035035,-9.818762663,-0.060286961,-154.345984,-14.20544854,-3.67151415,0.63133651,0.407056272,0.611022472,0.562143087,0.620028019,0.257257611,0.27921465,0.304885477,0.040501067,0.491327639
p02,575497.343,1.343,SHAKE,34,40,8.476752276,-10.33103466,-0.10886453,-154.4712668,-14.71772053,-3.720091719,0.631929159,0.407031327,0.611297429,0.562457263,0.620280772,0.257070884,0.27908805,0.305386379,0.041737318,0.491051512
p02,575497.375,1.375,SHAKE,34,41,8.566437566,-10.19073028,-0.013270983,-154.3815815,-14.57741615,-3.624498172,0.631887078,0.40706569,0.610871017,0.562089264,0.620330215,0.256856278,0.278802037,0.305232987,0.041451863,0.492113954
p02,575497.406,1.406,SHAKE,34,42,8.600207957,-10.43869614,0.000623306,-154.3478111,-14.82538201,-3.610603884,0.632463455,0.406970978,0.611309111,0.56214726,0.621095896,0.256780475,0.278814465,0.305366784,0.040771053,0.491836408
p02,575497.437,1.437,SHAKE,34,43,8.630228634,-10.84716393,-0.072873051,-154.3177904,-15.2338498,-3.68410024,0.633003771,0.406809568,0.611367166,0.56193018,0.62137109,0.25654006,0.278405488,0.30539012,0.041783231,0.492057531
p02,575497.468,1.468,SHAKE,34,44,8.614493724,-10.5736918,0.007143274,-154.3335253,-14.96037768,-3.604083916,0.632707477,0.406368971,0.611146986,0.56179738,0.621269256,0.256556377,0.278780699,0.305241004,0.041029457,0.490801014
p02,575497.515,1.515,SHAKE,34,45,8.642746277,-10.5806497,0.105866213,-154.3052728,-14.96733557,-3.505360977,0.632726014,0.406474322,0.610873997,0.561933517,0.621379673,0.256299406,0.278568268,0.305634111,0.040730914,0.49135522
p02,575497.546,1.546,SHAKE,34,46,8.545886441,-10.38665724,0.106377306,-154.4021326,-14.77334311,-3.504849883,0.632492721,0.406243116,0.611153841,0.561813951,0.6212385,0.256272301,0.278798461,0.305541649,0.04036687,0.490835913
p02,575497.578,1.578,SHAKE,34,47,8.711001236,-10.20623787,0.188635404,-154.2370178,-14.59292374,-3.422591786,0.632139564,0.406541049,0.610688627,0.561919093,0.621223181,0.256301537,0.278836519,0.305617556,0.039149757,0.4915932
p02,575497.609,1.609,SHAKE,34,48,8.548278013,-10.43129171,0.174520116,-154.399741,-14.81797759,-3.436707073,0.632240295,0.406095266,0.610930026,0.561975718,0.621395707,0.256128326,0.278459072,0.305847391,0.038944999,0.490332579
p02,575497.64,1.64,SHAKE,34,49,8.570414029,-10.00288152,0.173775421,-154.377605,-14.3895674,-3.437451768,0.631752908,0.405872107,0.610864639,0.561265826,0.620939314,0.256094471,0.27886945,0.305171356,0.038776545,0.490798475
p02,575497.671,1.671,SHAKE,34,50,8.546186488,-10.27147959,0.138765007,-154.4018326,-14.65816547,-3.472462182,0.63184011,0.405564785,0.610652804,0.561320066,0.620880574,0.256094053,0.278728306,0.305226013,0.039319781,0.489705088
p02,575497.718,1.718,SHAKE,34,51,8.474831772,-10.39055351,0.158142357,-154.4731873,-14.77723939,-3.453084833,0.631612539,0.405604869,0.610518694,0.561363518,0.620734185,0.255867258,0.277922511,0.305496261,0.039141681,0.490145481
p02,575497.734,1.734,SHAKE,34,52,8.438105342,-10.09241867,0.160344693,-154.5099137,-14.47910455,-3.450882497,0.631535709,0.405023456,0.61085695,0.560779631,0.620717168,0.255975589,0.278338313,0.304804042,0.038868314,0.488995702
p02,575497.781,1.781,SHAKE,34,53,8.530793669,-9.679135547,0.237866112,-154.4172254,-14.06582142,-3.373361077,0.630704582,0.404947788,0.610355079,0.560909748,0.620212078,0.255792305,0.278580517,0.305117443,0.037664169,0.488846134
p02,575497.812,1.812,SHAKE,34,54,8.68823534,-9.831036913,0.076398538,-154.2597837,-14.21772279,-3.534828651,0.631528139,0.405146778,0.610801518,0.560840487,0.620312929,0.255613148,0.278325558,0.305227339,0.040295293,0.489909029
p02,575497.843,1.843,SHAKE,34,55,8.558498648,-9.988700351,0.122261737,-154.3895204,-14.37538623,-3.488965452,0.6313079,0.404684812,0.610810637,0.560449839,0.620316893,0.25522384,0.277950764,0.305225998,0.039543,0.489673135
p02,575497.875,1.875,SHAKE,34,56,8.411253216,-9.88434176,0.189266712,-154.5367658,-14.27102764,-3.421960478,0.631284118,0.403916121,0.610591352,0.560222268,0.62022531,0.255106717,0.278105676,0.305115551,0.039764767,0.487714909
p02,575497.921,1.921,SHAKE,34,57,8.430963105,-9.906956538,0.258521142,-154.517056,-14.29364241,-3.352706047,0.631287515,0.403746367,0.610683143,0.559757233,0.620570749,0.255149856,0.277870893,0.304607376,0.03856743,0.487829651
p02,575497.937,1.937,SHAKE,34,58,8.350099138,-10.52536265,0.167818497,-154.5979199,-14.91204853,-3.443408693,0.631733656,0.403438389,0.610448182,0.559788108,0.620599121,0.254967004,0.277661055,0.304821104,0.040101177,0.48707712
p02,575497.984,1.984,SHAKE,34,59,8.293146535,-10.82902725,0.117871455,-154.6548725,-15.21571313,-3.493355735,0.632528245,0.403491825,0.610995591,0.559919417,0.621209264,0.255103528,0.277398825,0.304815888,0.040804,0.486812866
p02,575498.015,2.015,SHAKE,34,60,8.263251713,-10.66724489,0.175180097,-154.6847673,-15.05393076,-3.436047092,0.63256377,0.403468996,0.610990405,0.559657335,0.621171147,0.254952267,0.277665526,0.304705068,0.041030024,0.487411418
p02,575501.734,0,SHAKE,35,0,-22.73028846,-25.82480564,-2.574801201,174.3216925,-30.21149152,-6.18602839,0.435925186,0.436800301,0.44087851,0.558373988,0.416308582,0.397946134,0.149763167,0.160427853,0.130984168,0.242190904
p02,575501.781,0.047,SHAKE,35,1,-26.31625854,-31.15632011,-1.134431085,170.7357224,-35.54300599,-4.745658275,0.448847294,0.43401894,0.451355219,0.554148376,0.422726482,0.397557557,0.144483805,0.156590819,0.180787125,0.23284496
p02,575501.812,0.078,SHAKE,35,2,-26.52964885,-35.19323075,-0.562274586,170.5223321,-39.57991663,-4.173501775,0.456739008,0.432918578,0.456856638,0.552597344,0.427194878,0.396383658,0.143541396,0.156213686,0.205823065,0.233877846
p02,575501.843,0.109,SHAKE,35,3,-27.51390018,-36.02702754,-0.049669624,169.5380808,-40.41371342,-3.660896813,0.459265798,0.431279838,0.458767086,0.552349091,0.42886968,0.396087736,0.142823964,0.156261355,0.212822259,0.225213088
p02,575501.875,0.141,SHAKE,35,4,-28.27147005,-36.25241516,0.220527237,168.7805109,-40.63910104,-3.390699953,0.459590971,0.431295216,0.459453523,0.551628947,0.428782701,0.395875588,0.142580926,0.155753359,0.216075675,0.227408437
p02,575501.906,0.172,SHAKE,35,5,-27.79060577,-36.20497169,0.374180557,169.2613752,-40.59165756,-3.237046632,0.458871812,0.433204323,0.45860976,0.552245736,0.42798841,0.395934567,0.143998682,0.156311169,0.214470029,0.238433097
p02,575501.937,0.203,SHAKE,35,6,-27.42237929,-35.55070429,0.481559762,169.6296017,-39.93739016,-3.129667428,0.455525041,0.433175594,0.456003785,0.552582681,0.426242828,0.395610526,0.144899726,0.156972155,0.202086043,0.239310389
p02,575501.984,0.25,SHAKE,35,7,-27.46835041,-33.11803409,0.277492096,169.5836305,-37.50471997,-3.333735093,0.450392604,0.432001919,0.451709628,0.5525226,0.423288405,0.39568606,0.147589773,0.15683654,0.183645509,0.23155228
p02,575502,0.266,SHAKE,35,8,-27.02030282,-31.6935748,0.185572982,170.0316781,-36.08026067,-3.425654207,0.445602834,0.43197006,0.448035002,0.55383563,0.420745283,0.395988032,0.149702221,0.157847598,0.16604664,0.22795423
p02,575502.046,0.312,SHAKE,35,9,-25.48638455,-29.0702108,-0.539377149,171.5655964,-33.45689667,-4.150604338,0.43947351,0.432773083,0.443235666,0.555789709,0.417512864,0.395741314,0.150757283,0.160048395,0.145668889,0.231378576
p02,575502.078,0.344,SHAKE,35,10,-23.34402491,-27.73682976,-1.162942453,173.707956,-32.12351563,-4.774169642,0.434620529,0.435714781,0.438699156,0.55826813,0.414226964,0.396487057,0.151824743,0.161781073,0.134323069,0.242474125
p02,575502.109,0.375,SHAKE,35,11,-21.84380066,-25.34509291,-1.938872088,175.2081803,-29.73177878,-5.550099277,0.428946942,0.437444001,0.434432089,0.559193492,0.4112477,0.3970844,0.152873337,0.162109092,0.115777165,0.248965687
p02,575502.14,0.406,SHAKE,35,12,-21.03415237,-22.92908985,-2.299092725,176.0178286,-27.31577573,-5.910319914,0.424167454,0.439344347,0.430602133,0.55961144,0.408577606,0.397724137,0.154092431,0.161887303,0.101172057,0.257093725
p02,575502.171,0.437,SHAKE,35,13,-20.57194229,-22.31485018,-2.593802321,176.4800386,-26.70153606,-6.205029511,0.422465682,0.440370262,0.429439425,0.560874879,0.407293335,0.398143604,0.154571921,0.162731275,0.098157203,0.259487043
p02,575502.203,0.469,SHAKE,35,14,-20.32276095,-22.06081341,-2.839711935,176.72922,-26.44749929,-6.450939124,0.421823055,0.441134244,0.429405898,0.561509609,0.406884119,0.398611367,0.155027837,0.162898242,0.096362924,0.26103951
p02,575502.234,0.5,SHAKE,35,15,-20.30648688,-22.30354249,-2.99500435,176.7454941,-26.69022837,-6.606231539,0.422324479,0.441203892,0.429917693,0.561780512,0.406981632,0.398630798,0.154583216,0.163149714,0.099252991,0.260944952
p02,575502.281,0.547,SHAKE,35,16,-20.38473751,-22.93457227,-3.030174799,176.6672434,-27.32125814,-6.641401988,0.423714757,0.440665871,0.430923581,0.562155664,0.407815158,0.398631886,0.153889656,0.163523778,0.103318176,0.257051211
p02,575502.312,0.578,SHAKE,35,17,-20.42388249,-23.96598254,-3.40679108,176.6280984,-28.35266842,-7.018018269,0.425593823,0.439972132,0.43279615,0.561567485,0.408461452,0.398360148,0.15305239,0.163207337,0.111937956,0.254963932
p02,575502.343,0.609,SHAKE,35,18,-21.06183109,-25.40696404,-3.327742605,175.9901498,-29.79364992,-6.938969794,0.427976698,0.43879354,0.434416533,0.561294734,0.409057558,0.398155272,0.152470767,0.163139462,0.124083721,0.249101397
p02,575502.375,0.641,SHAKE,35,19,-21.32973305,-25.45700957,-3.213952548,175.7222479,-29.84369544,-6.825179737,0.429087102,0.438421607,0.43526724,0.560702085,0.409934819,0.398116425,0.152285099,0.162585661,0.125765973,0.247901212
p02,575502.406,0.672,SHAKE,35,20,-21.47474389,-25.68081834,-3.183691756,175.577237,-30.06750421,-6.794918946,0.429989696,0.438126236,0.436012775,0.560545266,0.410610467,0.398027465,0.152129531,0.162517801,0.127386368,0.246734642
p02,575502.453,0.719,SHAKE,35,21,-21.54544677,-25.7375941,-3.088559774,175.5065342,-30.12427998,-6.699786963,0.430297554,0.438147396,0.436341107,0.561121702,0.410943151,0.398122668,0.152137935,0.162999034,0.127216154,0.245551931
p02,575502.484,0.75,SHAKE,35,22,-22.08578522,-25.97853029,-2.889777229,174.9661957,-30.36521616,-6.501004418,0.430419773,0.437970012,0.4365457,0.560919881,0.410848141,0.398265556,0.151885688,0.162654325,0.128857645,0.244103296
p02,575502.5,0.766,SHAKE,35,23,-22.05004218,-26.40506013,-2.908626304,175.0019388,-30.79174601,-6.519853493,0.430533469,0.4379538,0.436724454,0.560851932,0.41077967,0.398194283,0.152005166,0.162657648,0.129954786,0.24443681
p02,575502.546,0.812,SHAKE,35,24,-22.1985905,-26.42899128,-2.816431735,174.8533904,-30.81567716,-6.427658925,0.429932803,0.437720448,0.436287969,0.561020195,0.410542682,0.398337334,0.152008653,0.162682861,0.127559325,0.242085203
p02,575502.578,0.844,SHAKE,35,25,-22.2481961,-26.46111509,-2.734832727,174.8037848,-30.84780096,-6.346059917,0.429855704,0.437680423,0.436055839,0.561330557,0.410422653,0.398426786,0.152117163,0.162903771,0.127750551,0.240962115
p02,575502.609,0.875,SHAKE,35,26,-22.38310597,-26.35462888,-2.711846789,174.668875,-30.74131475,-6.323073979,0.429819465,0.438022852,0.435788512,0.561202168,0.410076767,0.398688376,0.152195454,0.162513793,0.129719364,0.24203777
p02,575502.64,0.906,SHAKE,35,27,-22.28391067,-26.53673291,-2.86768911,174.7680703,-30.92341878,-6.478916299,0.429801762,0.438363731,0.435973585,0.561346948,0.409845188,0.398838207,0.151937574,0.162508741,0.131347193,0.243220909
p02,575502.671,0.937,SHAKE,35,28,-22.34588719,-26.52196896,-2.682820609,174.7060938,-30.90865484,-6.294047799,0.429744929,0.438261241,0.435602814,0.561594546,0.409921885,0.398847774,0.151893973,0.162746772,0.1305058,0.242176644
p02,575502.703,0.969,SHAKE,35,29,-22.39113772,-26.52737021,-2.610347823,174.6608432,-30.91405609,-6.221575012,0.429669827,0.438325822,0.435709268,0.561608016,0.410096556,0.398971438,0.151810527,0.162636578,0.12893224,0.241977447
p02,575502.734,1,SHAKE,35,30,-22.31821478,-26.36379881,-2.572304094,174.7337662,-30.75048469,-6.183531284,0.429669797,0.43828249,0.435676157,0.561754227,0.410300016,0.398922756,0.151854783,0.16283147,0.127554632,0.241720678
p02,575502.781,1.047,SHAKE,35,31,-22.58160691,-26.51942812,-2.590774542,174.470374,-30.90611399,-6.202001731,0.43010816,0.438139141,0.43615219,0.56151402,0.410385653,0.398917183,0.151893437,0.162596837,0.129844362,0.241222143
p02,575502.812,1.078,SHAKE,35,32,-22.55823989,-26.01927693,-2.542470242,174.493741,-30.4059628,-6.153697432,0.429910302,0.438019753,0.436057925,0.561794221,0.410763428,0.398936123,0.151582032,0.162858099,0.126313615,0.239985792
p02,575502.843,1.109,SHAKE,35,33,-22.59570741,-26.09033886,-2.475141352,174.4562735,-30.47702474,-6.086368542,0.430257857,0.437963843,0.436201334,0.561742961,0.411008999,0.398979053,0.151504636,0.162763909,0.127051281,0.239517414
p02,575502.875,1.141,SHAKE,35,34,-22.21637851,-26.20539744,-2.512037317,174.8356024,-30.59208332,-6.123264506,0.430473149,0.438128322,0.436177731,0.56169498,0.411298022,0.398907945,0.151631862,0.162787035,0.12645843,0.240930599
p02,575502.906,1.172,SHAKE,35,35,-22.10294576,-26.27055406,-2.579985514,174.9490352,-30.65723994,-6.191212703,0.430730045,0.438637167,0.436310649,0.561681271,0.411215678,0.398878589,0.151719511,0.162802681,0.128621342,0.244213287
p02,575502.937,1.203,SHAKE,35,36,-21.97028855,-25.96373935,-2.51923476,175.0816924,-30.35042523,-6.13046195,0.430687398,0.43881309,0.43612352,0.561893404,0.411489934,0.398928702,0.151708573,0.162964702,0.126541721,0.2447425
p02,575502.984,1.25,SHAKE,35,37,-21.94971596,-25.90703063,-2.400776774,175.102265,-30.29371651,-6.012003963,0.430772156,0.43880558,0.435918033,0.562254786,0.411708727,0.398995966,0.151854753,0.163258821,0.125537249,0.243843574
p02,575503.015,1.281,SHAKE,35,38,-21.92445024,-25.86183712,-2.294105225,175.1275307,-30.248523,-5.905332415,0.43080613,0.438848704,0.435759962,0.562209368,0.411930889,0.399059266,0.15184176,0.163150102,0.124308631,0.243882399
p02,575503.046,1.312,SHAKE,35,39,-21.89686103,-26.01408923,-2.30277778,175.1551199,-30.40077511,-5.91400497,0.430904835,0.438996941,0.436018527,0.562196374,0.412006781,0.399012044,0.151934892,0.16318433,0.124382587,0.245029022
p02,575503.078,1.344,SHAKE,35,40,-21.81790812,-26.25278464,-2.344004957,175.2340728,-30.63947052,-5.955232146,0.431114465,0.43919602,0.436086237,0.562137485,0.411907613,0.399033383,0.152043164,0.163104102,0.126324994,0.246239287
p02,575503.109,1.375,SHAKE,35,41,-21.85954858,-26.34486834,-2.358998419,175.1924324,-30.73155421,-5.970225608,0.431041807,0.439390689,0.436088681,0.562143028,0.411759168,0.399093881,0.152113765,0.163049147,0.126764589,0.247145163
p02,575503.14,1.406,SHAKE,35,42,-21.92734968,-26.14541095,-2.299965636,175.1246313,-30.53209683,-5.911192826,0.43091765,0.439329684,0.436073571,0.562358618,0.411828965,0.399148211,0.152183801,0.163210407,0.125431783,0.246194306
p02,575503.171,1.437,SHAKE,35,43,-22.01435677,-26.42920823,-2.275286848,175.0376242,-30.81589411,-5.886514037,0.430992037,0.439368725,0.436083436,0.562472105,0.411689967,0.399316803,0.151925445,0.163155302,0.127049621,0.245483424
p02,575503.203,1.469,SHAKE,35,44,-21.99446925,-26.39780916,-2.350848952,175.0575117,-30.78449504,-5.962076141,0.430846691,0.439573169,0.436079711,0.562549829,0.411505565,0.399372131,0.152096093,0.163177699,0.127163859,0.246363556
p02,575503.234,1.5,SHAKE,35,45,-22.17967506,-26.22366813,-2.363808486,174.8723059,-30.610354,-5.975035675,0.430660605,0.439463735,0.436061025,0.562661052,0.41140452,0.399506718,0.152131081,0.163154334,0.126575615,0.244903189
p02,575503.281,1.547,SHAKE,35,46,-22.05238465,-26.37145103,-2.478087091,174.9995963,-30.7581369,-6.089314281,0.430697203,0.439634472,0.436148196,0.562826395,0.411250323,0.399529949,0.151937485,0.163296446,0.127992639,0.245593362
p02,575503.312,1.578,SHAKE,35,47,-22.06468139,-26.34412133,-2.440210397,174.9872995,-30.7308072,-6.051437586,0.430616796,0.439526975,0.436047047,0.562828898,0.41132991,0.399604052,0.152000248,0.163224846,0.1268872,0.244588516
p02,575503.343,1.609,SHAKE,35,48,-22.25804187,-26.09704116,-2.533908696,174.7939391,-30.48372703,-6.145135885,0.430227101,0.43949315,0.435941786,0.56260848,0.410942808,0.399648741,0.151666433,0.16295974,0.127149381,0.244504617
p02,575503.375,1.641,SHAKE,35,49,-22.14799286,-26.38221408,-2.522607256,174.9039881,-30.76889995,-6.133834445,0.430278838,0.439562589,0.43590796,0.562821567,0.410859764,0.399692729,0.151908487,0.163128838,0.12783403,0.244407183
p02,575503.406,1.672,SHAKE,35,50,-22.026989,-26.08804275,-2.588388964,175.0249919,-30.47472863,-6.199616154,0.430166572,0.439903289,0.435761571,0.562781334,0.410773799,0.399694964,0.151996225,0.16308637,0.127587205,0.246546201
p02,575503.453,1.719,SHAKE,35,51,-22.02148658,-26.08231531,-2.528069776,175.0304944,-30.46900119,-6.139296966,0.430104017,0.439731002,0.435619056,0.563160241,0.410838887,0.399683878,0.152050704,0.163476363,0.126702012,0.244971954
p02,575503.484,1.75,SHAKE,35,52,-22.22013898,-26.11819573,-2.485661403,174.831842,-30.50488161,-6.096888592,0.43002823,0.439674318,0.435851038,0.56292069,0.410922438,0.399786308,0.151969731,0.163134381,0.125721036,0.244510134
p02,575503.5,1.766,SHAKE,35,53,-21.78957986,-26.05694424,-2.573285459,175.2624011,-30.44363012,-6.184512649,0.430059284,0.439962417,0.435612708,0.563001096,0.410943955,0.39961122,0.152342469,0.163389876,0.125476034,0.246962651
p02,575503.546,1.812,SHAKE,35,54,-21.67607082,-26.12581033,-2.590642944,175.3759101,-30.51249621,-6.201870134,0.430221617,0.439986974,0.435632944,0.562872827,0.411116377,0.399635211,0.152093887,0.163237616,0.125614783,0.247196475
p02,575503.578,1.844,SHAKE,35,55,-21.65555927,-25.95149691,-2.580129832,175.3964217,-30.33818279,-6.191357021,0.430185109,0.439959019,0.435559452,0.562634587,0.411210626,0.399608701,0.152226299,0.163025886,0.12464655,0.247508656
p02,575503.609,1.875,SHAKE,35,56,-21.64288495,-26.0613708,-2.617832555,175.409096,-30.44805668,-6.229059745,0.43036592,0.440053225,0.435690701,0.562647641,0.411255479,0.39964506,0.152069241,0.16300258,0.125669341,0.247898924
p02,575503.64,1.906,SHAKE,35,57,-21.51462175,-26.58151082,-2.65837005,175.5373592,-30.9681967,-6.269597239,0.430455238,0.440172195,0.435866296,0.563425481,0.4111121,0.399575919,0.151934385,0.163849562,0.127312443,0.247765547
p02,575503.687,1.953,SHAKE,35,58,-21.71593925,-26.03434513,-2.543046435,175.3360417,-30.421031,-6.154273624,0.430208057,0.440127909,0.435803175,0.563306689,0.411448613,0.399742857,0.151943058,0.163563833,0.123463649,0.246906984
p02,575503.718,1.984,SHAKE,35,59,-21.72034961,-26.18614112,-2.502373154,175.3316313,-30.572827,-6.113600344,0.430452436,0.440174073,0.435865521,0.563763261,0.411437586,0.399830654,0.152210236,0.163932607,0.124924912,0.246097586
p02,575503.75,2.016,SHAKE,35,60,-21.80983765,-26.41191445,-2.569233228,175.2421433,-30.79860033,-6.180460418,0.430719793,0.440353215,0.436413527,0.563287556,0.411444098,0.399713859,0.151851773,0.163573697,0.12693757,0.248446764
p02,575507.609,0,SHAKE,36,0,-4.800314199,12.14551857,1.347460642,-167.7483333,7.758832698,-2.263766548,0.756353855,0.401047498,0.756851792,0.537046134,0.753834873,0.319099933,0.211995661,0.217946202,0.011882232,0.375999052
p02,575507.656,0.047,SHAKE,36,1,-4.710761491,5.935873861,0.527180726,-167.6587806,1.549187985,-3.084046463,0.767809153,0.400642306,0.763529539,0.53674233,0.760321259,0.318967208,0.209929883,0.217775121,0.035668543,0.375043287
p02,575507.687,0.078,SHAKE,36,2,-4.611925772,-0.113525283,-0.869741343,-167.5599448,-4.500211159,-4.480968532,0.780331194,0.40220198,0.772778809,0.537009895,0.766190529,0.318612248,0.205777287,0.218397647,0.068718301,0.382740994
p02,575507.718,0.109,SHAKE,36,3,-5.61062568,-5.765028713,-2.261670982,-168.5586447,-10.15171459,-5.872898171,0.795256376,0.400168002,0.783724725,0.536191404,0.772569209,0.319022596,0.203464031,0.217168808,0.111504558,0.373651292
p02,575507.75,0.141,SHAKE,36,4,-6.053386408,-8.102146683,-2.813607905,-169.0014055,-12.48883256,-6.424835094,0.804000854,0.400182784,0.790373027,0.535716236,0.776835501,0.319158524,0.201264322,0.216557711,0.134973517,0.374146267
p02,575507.781,0.172,SHAKE,36,5,-6.760339045,-10.44245419,-3.171812431,-169.7083581,-14.82914007,-6.78303962,0.809744477,0.399306029,0.793751061,0.535827935,0.778107136,0.319191039,0.199696004,0.216636896,0.15842751,0.369812308
p02,575507.812,0.203,SHAKE,36,6,-6.241080884,-11.34667434,-3.258445107,-169.1890999,-15.73336021,-6.869672297,0.810944736,0.39948833,0.79393214,0.535606742,0.779014289,0.319094464,0.198613644,0.216512278,0.160766632,0.371313195
p02,575507.859,0.25,SHAKE,36,7,-6.398584026,-11.12914656,-2.965851904,-169.3466031,-15.51583244,-6.577079093,0.809834123,0.399720371,0.792872131,0.537184417,0.778557241,0.31941098,0.199462235,0.217773438,0.156806032,0.368774961
p02,575507.875,0.266,SHAKE,36,8,-5.63492936,-10.84004008,-2.701675551,-168.5829484,-15.22672596,-6.31290274,0.804973543,0.400848299,0.788474739,0.537374437,0.775915444,0.319467157,0.200536907,0.21790728,0.144901501,0.373466835
p02,575507.953,0.344,SHAKE,36,9,-5.149607705,-9.264420936,-2.252313084,-168.0976268,-13.65110681,-5.863540274,0.797495604,0.401130021,0.783008218,0.538264155,0.77213499,0.319293916,0.201642036,0.218970239,0.125770472,0.37373163
p02,575507.968,0.359,SHAKE,36,10,-4.811766983,-6.95896191,-1.877565194,-167.759786,-11.34564779,-5.488792383,0.786725044,0.402567178,0.77530992,0.538809896,0.765481204,0.319594771,0.203060329,0.219215125,0.104618369,0.37849764
p02,575507.984,0.375,SHAKE,36,11,-3.430197678,-2.856271614,-1.314126726,-166.3782167,-7.24295749,-4.925353915,0.77457577,0.405867189,0.765860021,0.538847506,0.758845359,0.32012108,0.204786777,0.218726426,0.076813606,0.392024461
p02,575508.015,0.406,SHAKE,36,12,-4.222609377,0.805041546,-0.190842894,-167.1706284,-3.58164433,-3.802070083,0.763586164,0.404451609,0.756792009,0.539251387,0.75267306,0.321065247,0.206519604,0.21818614,0.052842944,0.38217992
p02,575508.046,0.437,SHAKE,36,13,-4.018730061,4.104983747,0.119961589,-166.9667491,-0.281702129,-3.4912656,0.754600763,0.405448109,0.750824273,0.538994789,0.746289372,0.321100101,0.209824979,0.217894688,0.039611065,0.387104471
p02,575508.078,0.469,SHAKE,36,14,-3.584833374,6.048969977,0.535980794,-166.5328524,1.662284101,-3.075246395,0.747110426,0.406799227,0.745763898,0.540355206,0.742165804,0.321876526,0.210311174,0.21847868,0.023510983,0.388700175
p02,575508.125,0.516,SHAKE,36,15,-4.093955159,8.526685297,0.772778743,-167.0419742,4.139999421,-2.838448447,0.743015647,0.40724197,0.743139029,0.540007591,0.739289552,0.322537661,0.209720016,0.217469931,0.017766997,0.38949895
p02,575508.156,0.547,SHAKE,36,16,-3.44400579,7.832873487,0.327310284,-166.3920249,3.446187611,-3.283916905,0.741604447,0.408278435,0.741894424,0.539234757,0.737177908,0.322860941,0.209607601,0.216373816,0.021118218,0.394768164
p02,575508.187,0.578,SHAKE,36,17,-3.211948546,6.591537625,-0.277678011,-166.1599676,2.204851749,-3.8889052,0.741538107,0.40870887,0.742207468,0.540103197,0.73581183,0.322792083,0.210044861,0.217311114,0.027262166,0.395363062
p02,575508.218,0.609,SHAKE,36,18,-3.093216122,5.945537835,-0.624154536,-166.0412352,1.558851959,-4.235381725,0.741785884,0.409118414,0.742428184,0.540096343,0.73520869,0.322830841,0.209922075,0.217265502,0.031331596,0.397152665
p02,575508.25,0.641,SHAKE,36,19,-3.417325,6.441778677,-0.874691537,-166.3653441,2.055092801,-4.485918726,0.742166638,0.408684194,0.742840409,0.540202558,0.734844655,0.322682813,0.209617972,0.217519745,0.034930133,0.395372757
p02,575508.281,0.672,SHAKE,36,20,-3.756505713,5.722706202,-1.121377067,-166.7045248,1.336020326,-4.732604256,0.743361175,0.407913327,0.743677258,0.540605843,0.735139191,0.322662175,0.209493756,0.217943668,0.039246916,0.39116141
p02,575508.312,0.703,SHAKE,36,21,-4.0312739,5.078788762,-1.222851437,-166.979293,0.692102886,-4.834078626,0.744644701,0.407221138,0.744589269,0.540682733,0.735966861,0.322820306,0.20903933,0.217862427,0.041512955,0.387404261
p02,575508.343,0.734,SHAKE,36,22,-3.875106888,4.438306439,-1.275513683,-166.823126,0.051620563,-4.886740872,0.74552238,0.407521874,0.745037019,0.541270792,0.736707687,0.322662473,0.209177017,0.21860832,0.042139871,0.388180107
p02,575508.375,0.766,SHAKE,36,23,-3.778912654,3.533685536,-1.405032689,-166.7269317,-0.853000339,-5.016259879,0.746559441,0.407637119,0.745864093,0.541077137,0.73750329,0.322705552,0.208652794,0.218371585,0.04340297,0.388931405
p02,575508.421,0.812,SHAKE,36,24,-3.876402332,3.985930719,-1.392870895,-166.8244214,-0.400755156,-5.004098085,0.746992648,0.407462269,0.746337116,0.540949762,0.738034487,0.322972938,0.208649874,0.217976823,0.042933939,0.387606945
p02,575508.453,0.844,SHAKE,36,25,-3.897145922,3.625929315,-1.466813991,-166.845165,-0.760756561,-5.07804118,0.747757554,0.407410115,0.746715546,0.54162693,0.73850581,0.323453322,0.208803833,0.218173608,0.044308303,0.384816448
p02,575508.484,0.875,SHAKE,36,26,-4.102392936,3.798816405,-1.490888877,-167.050412,-0.587869471,-5.102116066,0.748032033,0.407151312,0.746841311,0.541832685,0.738672465,0.323735818,0.208293378,0.218096867,0.044934546,0.382469929
p02,575508.515,0.906,SHAKE,36,27,-4.091955275,3.578861592,-1.616826442,-167.0399743,-0.807824284,-5.228053631,0.748445153,0.407252491,0.74738127,0.541464031,0.738719016,0.323642701,0.208448708,0.21782133,0.046659617,0.38384574
p02,575508.546,0.937,SHAKE,36,28,-3.925939928,3.071480611,-1.727886068,-166.873959,-1.315205265,-5.339113257,0.748688042,0.406918734,0.747276306,0.541705966,0.738771588,0.323408872,0.208584547,0.218297094,0.047541655,0.382551416
p02,575508.593,0.984,SHAKE,36,29,-4.039423838,3.141268059,-1.804254847,-166.9874429,-1.245417817,-5.415482036,0.748664439,0.406482756,0.747422397,0.541306555,0.738338768,0.322819725,0.208359718,0.218486831,0.049556941,0.382920248
p02,575508.625,1.016,SHAKE,36,30,-4.335272606,3.802900064,-1.566817812,-167.2832917,-0.583785812,-5.178045001,0.747944057,0.40569368,0.747031391,0.540939689,0.738488168,0.322542608,0.20867759,0.218397081,0.045313392,0.380733442
p02,575508.64,1.031,SHAKE,36,31,-4.449812437,3.863772166,-1.493938875,-167.3978315,-0.52291371,-5.105166064,0.747615099,0.405414969,0.746938229,0.541303933,0.738345772,0.322082385,0.208616555,0.219221547,0.044432365,0.380129528
p02,575508.687,1.078,SHAKE,36,32,-4.233705286,4.027110444,-1.533275301,-167.1817243,-0.359575432,-5.144502491,0.74742198,0.405510306,0.746802509,0.540204346,0.738153487,0.322025433,0.208717108,0.218178913,0.044406961,0.382644097
p02,575508.718,1.109,SHAKE,36,33,-4.358461255,4.020009927,-1.537598254,-167.3064803,-0.366675949,-5.148825444,0.747338712,0.40528512,0.746881485,0.541464269,0.738148183,0.321887031,0.208966851,0.219577238,0.043980801,0.379812086
p02,575508.75,1.141,SHAKE,36,34,-4.178532594,3.849612903,-1.503499018,-167.1265517,-0.537072973,-5.114726207,0.747461319,0.405481875,0.746867299,0.540195465,0.738265991,0.321938679,0.208843529,0.218256786,0.044029747,0.382774793
p02,575508.781,1.172,SHAKE,36,35,-4.337810601,4.164679126,-1.442210863,-167.2858297,-0.22200675,-5.053438052,0.747178853,0.405320853,0.746660292,0.541057885,0.73824501,0.321935669,0.209197044,0.219122216,0.042705394,0.3805419
p02,575508.812,1.203,SHAKE,36,36,-4.257480283,4.039746895,-1.328467288,-167.2054993,-0.346938981,-4.939694477,0.747209787,0.40523082,0.746338546,0.539958715,0.738521308,0.321820363,0.208649457,0.218138352,0.041641516,0.382374103
p02,575508.843,1.234,SHAKE,36,37,-4.139017697,3.572437682,-1.340507248,-167.0870368,-0.814248194,-4.951734437,0.747178078,0.405074507,0.746360004,0.541257739,0.738646775,0.321498677,0.209226668,0.219759062,0.040775405,0.380306637
p02,575508.875,1.266,SHAKE,36,38,-4.320898723,3.839971817,-1.22936517,-167.2689178,-0.546714059,-4.840592359,0.746974587,0.404911697,0.746385098,0.539907336,0.738585681,0.321390182,0.208767354,0.218517154,0.040183039,0.382219489
p02,575508.921,1.312,SHAKE,36,39,-4.599865314,4.330821099,-1.195582437,-167.5478844,-0.055864776,-4.806809627,0.746474862,0.404474169,0.746025383,0.540216267,0.738120675,0.321247905,0.209477067,0.218968362,0.039881153,0.38008351
p02,575508.953,1.344,SHAKE,36,40,-4.565210243,4.458892998,-1.193036065,-167.5132293,0.072207122,-4.804263254,0.746384203,0.404434532,0.746073604,0.540111363,0.738172621,0.321353301,0.209229827,0.218758062,0.039246713,0.379785915
p02,575508.984,1.375,SHAKE,36,41,-4.597011824,4.566600887,-1.172970198,-167.5450309,0.179915011,-4.784197388,0.746302962,0.404345542,0.745908141,0.540150762,0.738129377,0.321253031,0.20927161,0.21889773,0.039057304,0.379595123
p02,575509.015,1.406,SHAKE,36,42,-4.692275614,4.960723872,-1.052974154,-167.6402947,0.574037996,-4.664201343,0.745950639,0.404072672,0.745435953,0.540285587,0.738111347,0.321181178,0.209385395,0.219104409,0.037439537,0.378319607
p02,575509.046,1.437,SHAKE,36,43,-4.619172903,4.567994086,-1.122817728,-167.567192,0.18130821,-4.734044917,0.746115327,0.404178321,0.745636463,0.540204227,0.738004774,0.321188018,0.2093063,0.219016209,0.038749684,0.378923112
p02,575509.078,1.469,SHAKE,36,44,-4.704996573,5.078305016,-1.102950508,-167.6530156,0.69161914,-4.714177697,0.745895624,0.403930128,0.745455027,0.539861381,0.737916648,0.32106176,0.209377527,0.218799621,0.038108081,0.37874091
p02,575509.125,1.516,SHAKE,36,45,-4.710444876,4.90601302,-1.112746384,-167.6584639,0.519327144,-4.723973573,0.7460168,0.403795779,0.745601118,0.539655387,0.73801899,0.321143329,0.209197879,0.218512058,0.038230841,0.378251206
p02,575509.14,1.531,SHAKE,36,46,-4.796980529,5.003829963,-1.12226961,-167.7449996,0.617144087,-4.7334968,0.745902956,0.403678507,0.745625496,0.540237308,0.73799023,0.321202412,0.209125578,0.219034895,0.037837195,0.376543173
p02,575509.187,1.578,SHAKE,36,47,-4.666080576,4.996752833,-1.153224735,-167.6140996,0.610066957,-4.764451924,0.746014297,0.404010683,0.745653331,0.539708197,0.738009095,0.321264178,0.208793104,0.21844402,0.038340355,0.378799593
p02,575509.218,1.609,SHAKE,36,48,-4.515034634,4.71567078,-1.216226291,-167.4630537,0.328984904,-4.82745348,0.746077299,0.403946042,0.74578321,0.540062666,0.738064349,0.321131483,0.209254146,0.218931183,0.038292911,0.378267537
p02,575509.25,1.641,SHAKE,36,49,-4.594264079,4.547629731,-1.212302853,-167.5422831,0.160943855,-4.823530042,0.746236086,0.403869569,0.745660305,0.540240228,0.738024563,0.321222261,0.209004343,0.219017968,0.039288769,0.377354012
p02,575509.281,1.672,SHAKE,36,50,-4.534103946,4.418888067,-1.247820989,-167.482123,0.032202191,-4.859048178,0.746451914,0.403943568,0.745981812,0.540196419,0.738160044,0.321190998,0.209016681,0.219005421,0.039670855,0.377856266
p02,575509.312,1.703,SHAKE,36,51,-4.507018572,4.363417157,-1.238360221,-167.4550376,-0.023268719,-4.849587411,0.746593773,0.403912693,0.745914996,0.539791703,0.738151252,0.321144462,0.209013045,0.218647242,0.040392317,0.378546882
p02,575509.343,1.734,SHAKE,36,52,-4.635663176,4.045329253,-1.26663128,-167.5836822,-0.341356623,-4.877858469,0.746915698,0.403783202,0.746383846,0.540241241,0.738448679,0.32110092,0.208861232,0.219140321,0.040538967,0.377302914
p02,575509.375,1.766,SHAKE,36,53,-4.55556305,4.191857526,-1.284957558,-167.5035821,-0.19482835,-4.896184748,0.747049034,0.404034495,0.746461213,0.54048717,0.738553762,0.321275383,0.20861429,0.219211787,0.040722384,0.377530393
p02,575509.421,1.812,SHAKE,36,54,-4.214159363,3.932263421,-1.261795553,-167.1621784,-0.454422455,-4.873022742,0.747395098,0.404242098,0.746336043,0.539830863,0.738794059,0.320995241,0.20832181,0.218835622,0.041287274,0.380408163
p02,575509.453,1.844,SHAKE,36,55,-4.328803004,4.039237927,-1.327751556,-167.2768221,-0.347447949,-4.938978745,0.747609198,0.404065192,0.746764302,0.540370166,0.738990903,0.321218044,0.208619356,0.219152123,0.041311101,0.378034888
p02,575509.484,1.875,SHAKE,36,56,-4.456263142,4.115386915,-1.24436598,-167.4042822,-0.271298961,-4.855593169,0.747942805,0.403709739,0.746928334,0.539318085,0.739165932,0.320947647,0.208163202,0.218370438,0.042163424,0.37899861
p02,575509.515,1.906,SHAKE,36,57,-4.468772908,4.345336896,-1.266728193,-167.416792,-0.04134898,-4.877955382,0.747998118,0.403435886,0.747072875,0.539420187,0.739392251,0.32098259,0.208679378,0.218437597,0.041239665,0.377468424
p02,575509.546,1.937,SHAKE,36,58,-4.343759779,4.459312476,-1.222091171,-167.2917788,0.0726266,-4.83331836,0.748071015,0.403601438,0.746965706,0.539228141,0.739598572,0.320812568,0.20844698,0.218415573,0.040645552,0.379042888
p02,575509.593,1.984,SHAKE,36,59,-4.453809588,4.420689993,-1.181098708,-167.4018286,0.034004117,-4.792325897,0.748256028,0.403364807,0.747000158,0.539208233,0.739743531,0.320934728,0.20858115,0.218273506,0.040811439,0.377645832
p02,575509.625,2.016,SHAKE,36,60,-4.380367024,4.237484493,-1.186037355,-167.3283861,-0.149201383,-4.797264544,0.748431385,0.403443694,0.747066379,0.539493561,0.739889711,0.320863977,0.208721936,0.218629584,0.040923698,0.3777152
p02,575513.546,0,SHAKE,37,0,-1.000623587,-13.265499,176.1610405,-163.9486426,-17.65218488,172.5498133,0.609278738,0.479227126,0.618282855,0.637440562,0.594564244,0.323465794,0.296985745,0.313974768,0.04954613,0.49609506
p02,575513.578,0.032,SHAKE,37,1,4.1476563,-2.309906681,-5.956149042,-158.8003628,-6.696592557,-9.567376231,0.621456742,0.475539237,0.62895304,0.638438225,0.601157874,0.322161376,0.293419063,0.316276848,0.069180469,0.484948113
p02,575513.625,0.079,SHAKE,37,2,3.891718044,-8.296691934,-8.053369076,-159.056301,-12.68337781,-11.66459627,0.639408827,0.467106283,0.643069327,0.635489702,0.609719843,0.320334733,0.289431334,0.31515497,0.102576953,0.465712314
p02,575513.656,0.11,SHAKE,37,3,3.463877255,-10.29633197,-9.211601669,-159.4841418,-14.68301785,-12.82282886,0.650633216,0.462217242,0.651865959,0.631957054,0.614929825,0.31784299,0.289348185,0.314114064,0.123392482,0.459623646
p02,575513.687,0.141,SHAKE,37,4,3.531574995,-11.95463048,-10.212865,-159.4164441,-16.34131636,-13.82409219,0.661438823,0.458495229,0.659645081,0.630149603,0.620557398,0.315969557,0.28852126,0.314180046,0.141692938,0.4536433
p02,575513.718,0.172,SHAKE,37,5,3.099932775,-13.69919682,-11.02029048,-159.8480863,-18.0858827,-14.63151767,0.669165969,0.455362499,0.66594702,0.627413988,0.623635948,0.314741135,0.286921084,0.312672853,0.158684822,0.4497396
p02,575513.75,0.204,SHAKE,37,6,3.059429432,-13.69147852,-11.37928229,-159.8885896,-18.07816439,-14.99050948,0.671324968,0.453035623,0.668362796,0.625169337,0.62529248,0.31349507,0.286848098,0.311674267,0.160476882,0.447712782
p02,575513.781,0.235,SHAKE,37,7,3.215270988,-13.68626478,-11.42604068,-159.7327481,-18.07295066,-15.03726787,0.673071206,0.451798618,0.669190526,0.623586655,0.626157105,0.312497988,0.28692019,0.311088666,0.163509235,0.447784328
p02,575513.812,0.266,SHAKE,37,8,3.167636558,-13.79286693,-11.14599187,-159.7803825,-18.1795528,-14.75721905,0.672861755,0.450423121,0.66833353,0.624582529,0.626677215,0.311957732,0.286884934,0.312624797,0.160986285,0.442912369
p02,575513.843,0.297,SHAKE,37,9,3.222324285,-13.25086615,-10.94181168,-159.7256948,-17.63755203,-14.55303887,0.671123862,0.450578213,0.667625606,0.622211695,0.626361012,0.311231688,0.287418187,0.310980007,0.155741188,0.448088372
p02,575513.875,0.329,SHAKE,37,10,3.176154168,-12.63164147,-10.61444472,-159.7718649,-17.01832734,-14.22567191,0.668754578,0.450677931,0.665846169,0.622953355,0.625640303,0.310306162,0.287540793,0.312647194,0.14994142,0.448978185
p02,575513.921,0.375,SHAKE,37,11,3.728572235,-11.22108539,-10.17230255,-159.2194468,-15.60777127,-13.78352974,0.664782941,0.451566964,0.662825346,0.622165799,0.625139236,0.309180379,0.286983669,0.31298542,0.138139236,0.45493041
p02,575513.937,0.391,SHAKE,37,12,3.516034265,-10.4283267,-9.782928499,-159.4319848,-14.81501257,-13.39415569,0.661355376,0.451524049,0.661335409,0.623635113,0.624263287,0.309204444,0.286647379,0.314430669,0.129399717,0.452626346
p02,575513.984,0.438,SHAKE,37,13,3.578659802,-9.57187035,-9.55476588,-159.3693593,-13.95855623,-13.16599307,0.65950352,0.452260673,0.660440803,0.623631358,0.623644233,0.30953154,0.286188126,0.314099818,0.125299702,0.454406927
p02,575514.015,0.469,SHAKE,37,14,3.403419894,-9.369417555,-9.50642277,-159.5445992,-13.75610343,-13.11764996,0.658146501,0.451781988,0.659901679,0.623603225,0.62274,0.310174391,0.285979092,0.313428834,0.123808002,0.451801436
p02,575514.046,0.5,SHAKE,37,15,3.417825791,-8.699326372,-9.233307631,-159.5301933,-13.08601225,-12.84453482,0.656016171,0.452574551,0.658816099,0.623669446,0.622247219,0.310442939,0.286209404,0.313226506,0.11798687,0.453766233
p02,575514.078,0.532,SHAKE,37,16,3.471566071,-8.568711778,-9.139358334,-159.476453,-12.95539765,-12.75058552,0.655277252,0.452655226,0.658599675,0.623576403,0.621991277,0.310224324,0.286091864,0.313352078,0.116347158,0.454539515
p02,575514.125,0.579,SHAKE,37,17,3.269151435,-8.547580012,-8.971161461,-159.6788676,-12.93426589,-12.58238865,0.654227316,0.451953292,0.65767169,0.623565435,0.621619523,0.310151175,0.285540402,0.313414261,0.114196778,0.452443092
p02,575514.156,0.61,SHAKE,37,18,3.334780457,-8.448762721,-8.900218575,-159.6132386,-12.8354486,-12.51144576,0.653987885,0.451985896,0.657361388,0.623340845,0.621430784,0.309822604,0.285810053,0.313518241,0.113911669,0.453445041
p02,575514.187,0.641,SHAKE,37,19,3.086243685,-8.446570414,-8.700212773,-159.8617754,-12.83325629,-12.31143996,0.653365791,0.450965226,0.656826973,0.623129725,0.621686786,0.309753299,0.286124527,0.313376427,0.110717542,0.450614389
p02,575514.218,0.672,SHAKE,37,20,3.058951878,-8.185591111,-8.506743843,-159.8890672,-12.57227699,-12.11797103,0.652682066,0.450291276,0.655771732,0.622126341,0.621439517,0.309332579,0.286203027,0.312793761,0.109162191,0.450644207
p02,575514.25,0.704,SHAKE,37,21,3.068474422,-7.763043651,-8.275979717,-159.8795446,-12.14972953,-11.88720691,0.651644647,0.450102806,0.655115783,0.621431291,0.621893287,0.309260398,0.286521852,0.312170893,0.10383627,0.451170853
p02,575514.281,0.735,SHAKE,37,22,3.171952868,-7.642820276,-8.072738767,-159.7760662,-12.02950615,-11.68396596,0.650988698,0.450538754,0.654252648,0.621714354,0.622068733,0.308762044,0.286752403,0.31295231,0.100853436,0.453029763
p02,575514.312,0.766,SHAKE,37,23,3.394072527,-7.894964558,-8.017158847,-159.5539465,-12.28165043,-11.62838604,0.650796235,0.451017827,0.653926611,0.621755719,0.622245938,0.308696926,0.286895603,0.313058794,0.099514586,0.454613971
p02,575514.343,0.797,SHAKE,37,24,3.500805225,-7.535956153,-7.806015386,-159.4472138,-11.92264203,-11.41724258,0.650461733,0.451115847,0.653191328,0.621828735,0.62250036,0.308607802,0.287242144,0.313220933,0.097344258,0.45497612
p02,575514.39,0.844,SHAKE,37,25,3.528059202,-7.4913945,-7.668664081,-159.4199599,-11.87808038,-11.27989127,0.650281191,0.45139882,0.652747512,0.621009529,0.622499764,0.308514431,0.287251025,0.312495098,0.096714805,0.457237217
p02,575514.421,0.875,SHAKE,37,26,3.257177407,-7.381688415,-7.534434131,-159.6908417,-11.76837429,-11.14566132,0.649792254,0.45091033,0.652527273,0.6215114,0.622538269,0.308320493,0.287222505,0.313190907,0.094888057,0.455280897
p02,575514.453,0.907,SHAKE,37,27,3.303083867,-7.296266153,-7.519936108,-159.6449352,-11.68295203,-11.1311633,0.649848759,0.450722635,0.652175128,0.620689392,0.622493446,0.3084445,0.28725177,0.312244892,0.095231139,0.455662009
p02,575514.484,0.938,SHAKE,37,28,3.095373262,-7.38421586,-7.471061897,-159.8526458,-11.77090174,-11.08228909,0.64956218,0.450655699,0.652410209,0.62182945,0.62265256,0.308178455,0.287614733,0.313650995,0.093561339,0.454254079
p02,575514.515,0.969,SHAKE,37,29,3.189580804,-7.184336393,-7.499467726,-159.7584383,-11.57102227,-11.11069492,0.649341226,0.450732529,0.652132273,0.62052381,0.622430444,0.308304071,0.287899137,0.312219739,0.093472951,0.456180183
p02,575514.546,1,SHAKE,37,30,2.944282876,-7.347202349,-7.595899899,-160.0037362,-11.73388823,-11.20712709,0.648951471,0.451200396,0.652494371,0.622222662,0.622106045,0.308512211,0.287958264,0.313710451,0.093226793,0.454840393
p02,575514.578,1.032,SHAKE,37,31,3.079820699,-7.213026402,-7.672728766,-159.8681984,-11.59971228,-11.28395596,0.64842397,0.451562762,0.652151942,0.621410668,0.621702641,0.308879539,0.288256049,0.312531129,0.092699975,0.456540837
p02,575514.625,1.079,SHAKE,37,32,3.300068635,-7.192962162,-7.792146208,-159.6479504,-11.57964804,-11.4033734,0.648529291,0.452078789,0.652367055,0.622169793,0.621475667,0.309175819,0.288228631,0.312993973,0.093861683,0.456567801
p02,575514.656,1.11,SHAKE,37,33,3.233565178,-7.144928049,-7.822343329,-159.7144539,-11.53161392,-11.43357052,0.647772789,0.452759147,0.651928902,0.622019291,0.620939136,0.310209319,0.28853786,0.311809972,0.092998726,0.457168919
p02,575514.687,1.141,SHAKE,37,34,3.160567823,-6.812576854,-7.858424322,-159.7874512,-11.19926273,-11.46965151,0.646998882,0.453131884,0.651692867,0.623048306,0.620240808,0.310344845,0.288313061,0.31270346,0.092809097,0.456621232
p02,575514.718,1.172,SHAKE,37,35,3.190093933,-6.833935031,-7.997252286,-159.7579251,-11.22062091,-11.60847948,0.64674741,0.453716934,0.651399493,0.62232852,0.619003654,0.311007231,0.288160264,0.311321288,0.096278912,0.458400076
p02,575514.75,1.204,SHAKE,37,36,3.464682923,-7.005498717,-8.155034334,-159.4833361,-11.39218459,-11.76626152,0.646664143,0.454079807,0.651019454,0.622231603,0.618584067,0.31153442,0.288203955,0.310697183,0.097431265,0.458792017
p02,575514.781,1.235,SHAKE,37,37,3.508073351,-6.841492676,-8.281379163,-159.4399457,-11.22817855,-11.89260635,0.646599412,0.454428792,0.651379704,0.62143898,0.617972285,0.311291933,0.287835807,0.310147047,0.09945645,0.461512887
p02,575514.812,1.266,SHAKE,37,38,3.716156463,-6.381404933,-8.299332606,-159.2318626,-10.76809081,-11.9105598,0.646407783,0.455210567,0.651401341,0.621392667,0.61766389,0.311582148,0.287285119,0.309810519,0.100053539,0.463600845
p02,575514.843,1.297,SHAKE,37,39,3.669619516,-6.253475536,-8.216344435,-159.2783995,-10.64016141,-11.82757162,0.645488083,0.455794215,0.65035516,0.621951163,0.616935104,0.311851144,0.286910444,0.310100019,0.099518786,0.464182723
p02,575514.875,1.329,SHAKE,37,40,3.685506199,-6.400372763,-8.316288197,-159.2625129,-10.78705864,-11.92751539,0.645256639,0.45599252,0.650300503,0.62194407,0.616462022,0.311962634,0.286967814,0.309981436,0.100340927,0.464640359
p02,575514.921,1.375,SHAKE,37,41,3.726237551,-6.459809346,-8.306312047,-159.2217815,-10.84649522,-11.91753924,0.644988894,0.456604004,0.650108635,0.62235713,0.616331905,0.311999127,0.286987662,0.310358003,0.09985443,0.465929267
p02,575514.953,1.407,SHAKE,37,42,3.800641078,-6.846760242,-8.375197922,-159.147378,-11.23344612,-11.98642511,0.645258009,0.456943691,0.650283873,0.622029305,0.616200149,0.312003598,0.287026107,0.310025707,0.101237691,0.467509919
p02,575514.984,1.438,SHAKE,37,43,3.512525089,-6.485192512,-8.221777231,-159.435494,-10.87187839,-11.83300442,0.644431293,0.456739157,0.649679184,0.6233868,0.615980923,0.31215623,0.287380755,0.31123057,0.098998869,0.464552461
p02,575515.015,1.469,SHAKE,37,44,3.416206757,-6.493274753,-8.220385632,-159.5318123,-10.87996063,-11.83161282,0.64413482,0.456341684,0.649580121,0.622859836,0.615669072,0.312554047,0.287382007,0.310305789,0.099051949,0.463374008
p02,575515.062,1.516,SHAKE,37,45,3.384232833,-6.639754451,-8.256420097,-159.5637862,-11.02644033,-11.86764729,0.644103169,0.456286043,0.64957875,0.622849584,0.615530789,0.312494725,0.28757143,0.310354859,0.099357508,0.463312605
p02,575515.078,1.532,SHAKE,37,46,3.357429486,-6.560426228,-8.315418832,-159.5905896,-10.9471121,-11.92664602,0.644030631,0.456238955,0.649504483,0.622430027,0.615184784,0.312771782,0.287433326,0.309658244,0.100356653,0.463308101
p02,575515.125,1.579,SHAKE,37,47,3.303222669,-6.212237464,-8.259758836,-159.6447964,-10.59892334,-11.87098603,0.643338263,0.456027627,0.649023712,0.622800887,0.614892364,0.31295459,0.287346303,0.309846297,0.098995182,0.461754872
p02,575515.156,1.61,SHAKE,37,48,3.336282339,-6.291957349,-8.284200821,-159.6117367,-10.67864322,-11.89542801,0.643226147,0.456354797,0.648902893,0.62238127,0.614676863,0.312741369,0.287515521,0.309639901,0.099296496,0.463807886
p02,575515.187,1.641,SHAKE,37,49,3.484587195,-6.230250251,-8.286457874,-159.4634319,-10.61693613,-11.89768506,0.642961562,0.456789315,0.648631513,0.62234813,0.614587307,0.312743723,0.287383407,0.309604406,0.0987331,0.465256916
p02,575515.218,1.672,SHAKE,37,50,3.544898395,-6.168987259,-8.295174462,-159.4031207,-10.55567313,-11.90640165,0.642887473,0.456697881,0.648430467,0.622154415,0.614438862,0.312745765,0.287500858,0.30940865,0.098951397,0.465249166
p02,575515.25,1.704,SHAKE,37,51,3.516380469,-6.162045633,-8.341121441,-159.4316386,-10.54873151,-11.95234863,0.642967582,0.456642687,0.648723423,0.622312546,0.614345819,0.312855139,0.287510395,0.309457406,0.099550359,0.464644067
p02,575515.281,1.735,SHAKE,37,52,3.431147475,-6.172812131,-8.271276032,-159.5168716,-10.55949801,-11.88250322,0.64292264,0.456400841,0.648516417,0.622527719,0.614500701,0.312763363,0.287252426,0.309764355,0.09894412,0.463699182
p02,575515.328,1.782,SHAKE,37,53,3.572200316,-6.126504952,-8.325476678,-159.3758187,-10.51319083,-11.93670387,0.643194616,0.45695743,0.649016142,0.622699499,0.614659458,0.312796086,0.287068009,0.309903413,0.099402081,0.465181529
p02,575515.343,1.797,SHAKE,37,54,3.631008114,-6.232309664,-8.310605752,-159.3170109,-10.61899554,-11.92183294,0.643538833,0.456695795,0.648983777,0.622399092,0.614968777,0.312627688,0.287488729,0.309771404,0.099378004,0.465078782
p02,575515.39,1.844,SHAKE,37,55,3.608169601,-6.035401757,-8.29007588,-159.3398495,-10.42208763,-11.90130307,0.643523574,0.45640558,0.649160087,0.62228775,0.615087211,0.312707305,0.287091613,0.309580445,0.099049786,0.464171033
p02,575515.421,1.875,SHAKE,37,56,3.556796938,-6.009847628,-8.251234268,-159.3912221,-10.3965335,-11.86246146,0.643441141,0.456343412,0.64904654,0.622494102,0.615125835,0.312577382,0.286903322,0.30991672,0.098692847,0.46388601
p02,575515.453,1.907,SHAKE,37,57,3.616213215,-6.111566278,-8.231038137,-159.3318058,-10.49825215,-11.84226533,0.643144131,0.456611812,0.648703754,0.622253418,0.615137726,0.312419891,0.287065238,0.309833527,0.097561115,0.465385145
p02,575515.484,1.938,SHAKE,37,58,3.546818634,-6.364385377,-8.309271645,-159.4012004,-10.75107125,-11.92049883,0.643461168,0.45627591,0.649010122,0.622231364,0.614969999,0.312258363,0.287014008,0.309973001,0.099267522,0.464613198
p02,575515.531,1.985,SHAKE,37,59,3.5108874,-6.403767948,-8.3159501,-159.4371317,-10.79045382,-11.92717729,0.643345237,0.456109852,0.649059355,0.622107089,0.614981294,0.311857656,0.287127435,0.310249433,0.098785207,0.464955551
p02,575515.546,2,SHAKE,37,60,3.544939016,-6.428194018,-8.285018062,-159.40308,-10.81487989,-11.89624525,0.643341124,0.455784142,0.649250031,0.621887803,0.615324378,0.311146408,0.28744325,0.310741395,0.097468791,0.465460142
p02,575519.484,0,SHAKE,38,0,-0.013349577,-0.875872067,-6.096337525,-162.9613686,-5.262557943,-9.707564715,0.867426217,0.416706294,0.857087016,0.5855304,0.832580209,0.287388086,0.288155496,0.298142314,0.120927792,0.433746575
p02,575519.515,0.031,SHAKE,38,1,-0.844033467,-4.383101454,-7.244030878,-163.7920525,-8.76978733,-10.85525807,0.882806897,0.413971901,0.868165016,0.582565784,0.840075225,0.286019802,0.284372985,0.296545982,0.150266287,0.431474734
p02,575519.546,0.062,SHAKE,38,2,-2.150253497,-7.371804004,-7.744815886,-165.0982726,-11.75848988,-11.35604308,0.892435372,0.411856472,0.875793934,0.583186626,0.844821632,0.285011232,0.281284928,0.298175395,0.169272276,0.425404788
p02,575519.593,0.109,SHAKE,38,3,-1.671302874,-7.807115814,-7.923489445,-164.6193219,-12.19380169,-11.53471663,0.899088621,0.411310256,0.880268276,0.582988262,0.849336386,0.285030022,0.276747763,0.29795824,0.179774661,0.423818564
p02,575519.609,0.125,SHAKE,38,4,-2.214735376,-9.246227847,-7.901806773,-165.1627544,-13.63291372,-11.51303396,0.901035488,0.410654247,0.880627692,0.582140148,0.849190146,0.284528852,0.276735485,0.297611296,0.187346202,0.423792366
p02,575519.656,0.172,SHAKE,38,5,-1.738261526,-8.589467432,-7.633235245,-164.6862806,-12.97615331,-11.24446243,0.900646746,0.409649163,0.880038321,0.58229363,0.850637019,0.284400508,0.273926139,0.297893122,0.182566467,0.420448297
p02,575519.687,0.203,SHAKE,38,6,-1.463543599,-8.737034096,-7.142040182,-164.4115627,-13.12371997,-10.75326737,0.89823544,0.411251634,0.877699196,0.584622979,0.850782901,0.285047293,0.276620507,0.299575686,0.171543823,0.421276984
p02,575519.718,0.234,SHAKE,38,7,-0.077529024,-7.305279101,-6.700540115,-163.0255481,-11.69196498,-10.3117673,0.894221663,0.413207412,0.873134911,0.584020615,0.850564033,0.285136372,0.279324472,0.298884243,0.156297192,0.428497129
p02,575519.75,0.266,SHAKE,38,8,-0.230248908,-6.714471056,-6.461505865,-163.178268,-11.10115693,-10.07273305,0.891546011,0.414856732,0.87096709,0.584811449,0.84822771,0.286602363,0.27964884,0.298209086,0.154902489,0.430082029
p02,575519.781,0.297,SHAKE,38,9,-0.292715003,-5.697745397,-6.307730542,-163.2407341,-10.08443127,-9.918957731,0.887817621,0.416024536,0.869314969,0.585630298,0.846339762,0.288006514,0.280272663,0.297623783,0.147991098,0.430133708
p02,575519.812,0.328,SHAKE,38,10,0.504707504,-5.064197504,-6.172933184,-162.4433116,-9.45088338,-9.784160373,0.884892821,0.417605698,0.865265846,0.586525321,0.8447586,0.289675906,0.280644774,0.296849415,0.143007193,0.430958545
p02,575519.859,0.375,SHAKE,38,11,0.758826178,-4.908999998,-6.179589778,-162.1891929,-9.295685874,-9.790816967,0.882005274,0.41994372,0.86301291,0.586860836,0.842623174,0.290840968,0.28111124,0.296019867,0.140094363,0.436128672
p02,575519.89,0.406,SHAKE,38,12,0.97592174,-3.882262374,-6.105009004,-161.9720973,-8.26894825,-9.716236193,0.877644897,0.421713471,0.860577106,0.587717116,0.840699345,0.29214029,0.283320248,0.295576826,0.130402087,0.438373952
p02,575519.921,0.437,SHAKE,38,13,1.340867881,-3.571820037,-5.961135071,-161.6071512,-7.958505913,-9.57236226,0.875008643,0.422765613,0.858025372,0.589266717,0.839502871,0.292596877,0.284196079,0.296669841,0.124934066,0.438766326
p02,575519.953,0.469,SHAKE,38,14,1.299613853,-3.379368112,-6.051360736,-161.6484052,-7.766053988,-9.662587925,0.873380899,0.423689038,0.857447445,0.588790357,0.837882668,0.293365657,0.28352654,0.2954247,0.1252025,0.44113908
p02,575519.984,0.5,SHAKE,38,15,1.25020212,-2.723874675,-6.005516545,-161.6978169,-7.110560551,-9.616743734,0.871814966,0.423309207,0.856678605,0.588603675,0.836883664,0.293706119,0.283657432,0.294897556,0.123146085,0.43948512
p02,575520.015,0.531,SHAKE,38,16,1.205499313,-2.828265675,-5.996961131,-161.7425197,-7.214951551,-9.60818832,0.870774806,0.423657835,0.855779886,0.589035869,0.835970193,0.293981045,0.283454657,0.295054823,0.122787231,0.439500658
p02,575520.046,0.562,SHAKE,38,17,1.177956051,-2.629809561,-6.044597818,-161.770063,-7.016495437,-9.655825007,0.870085835,0.423669487,0.855622053,0.589277983,0.835491747,0.294179559,0.283940077,0.295098424,0.121835879,0.438802508
p02,575520.093,0.609,SHAKE,38,18,1.385741853,-2.768153619,-6.074947222,-161.5622772,-7.154839495,-9.686174411,0.869771242,0.424421251,0.855085671,0.588980556,0.835191816,0.294171706,0.284697413,0.29480885,0.121460275,0.44181016
p02,575520.125,0.641,SHAKE,38,19,1.128236238,-2.455605298,-6.163245225,-161.8197828,-6.842291174,-9.774472415,0.869772911,0.42406255,0.855643034,0.588503063,0.834463716,0.295208067,0.28408891,0.293294996,0.124289243,0.439334067
p02,575520.156,0.672,SHAKE,38,20,1.537226312,-1.934150854,-5.692366357,-161.4107927,-6.32083673,-9.303593546,0.870183289,0.423604131,0.855292261,0.589192748,0.836869925,0.297213465,0.282783031,0.291979283,0.117805385,0.432875458
p02,575520.187,0.703,SHAKE,38,21,0.948807954,-2.767006663,-5.722899882,-161.9992111,-7.153692539,-9.334127072,0.869667649,0.423604071,0.854805648,0.59043479,0.836082757,0.297998473,0.282769442,0.292436317,0.118771295,0.429514362
p02,575520.218,0.734,SHAKE,38,22,1.22054159,-3.155943845,-5.896053087,-161.7274775,-7.542629721,-9.507280277,0.869829535,0.423947245,0.854446769,0.590925097,0.83547616,0.297045365,0.282518327,0.293879732,0.12159698,0.431815692
p02,575520.25,0.766,SHAKE,38,23,1.595026621,-1.624379062,-5.907180657,-161.3529924,-6.011064938,-9.518407846,0.868865788,0.42421031,0.853920817,0.590568423,0.834165126,0.297094792,0.283452511,0.293473631,0.122421431,0.43314119
p02,575520.296,0.812,SHAKE,38,24,1.350473382,-2.219989714,-6.127015126,-161.5975457,-6.60667559,-9.738242315,0.867986441,0.425329596,0.853509963,0.591102362,0.832958758,0.29666774,0.28319335,0.294434622,0.123688225,0.436979372
p02,575520.312,0.828,SHAKE,38,25,1.470408876,-2.231302839,-6.275644095,-161.4776102,-6.617988715,-9.886871285,0.867021739,0.426121145,0.85292536,0.591205478,0.83191663,0.296147943,0.28346014,0.295057535,0.123844958,0.440501216
p02,575520.343,0.859,SHAKE,38,26,1.719785836,-1.928582395,-6.274651918,-161.2282332,-6.315268271,-9.885879107,0.865677834,0.427433461,0.852114201,0.591488242,0.831219494,0.296302214,0.284560025,0.295186028,0.121093394,0.444232566
p02,575520.39,0.906,SHAKE,38,27,1.651601895,-1.855611008,-6.302495102,-161.2964172,-6.242296883,-9.913722291,0.865237415,0.427749246,0.852035463,0.591226518,0.830440164,0.296041116,0.285082459,0.295185402,0.122060302,0.446187817
p02,575520.421,0.937,SHAKE,38,28,1.674991865,-1.845087029,-6.340308505,-161.2730272,-6.231772905,-9.951535695,0.864734888,0.427653074,0.851518154,0.591522098,0.829863548,0.296183825,0.285180151,0.295338273,0.122278285,0.445148028
p02,575520.453,0.969,SHAKE,38,29,1.702784543,-1.80361117,-6.333885779,-161.2452345,-6.190297046,-9.945112968,0.86424464,0.427659512,0.851006985,0.591440916,0.829467028,0.296185136,0.284962654,0.29525578,0.122042699,0.445289761
p02,575520.484,1,SHAKE,38,30,1.832560909,-2.028150478,-6.359461189,-161.1154582,-6.414836354,-9.970688379,0.864207983,0.427718163,0.850431442,0.591572464,0.828971565,0.295841143,0.284900963,0.295731321,0.123679534,0.445935248
p02,575520.515,1.031,SHAKE,38,31,1.90236542,-1.922250655,-6.414383071,-161.0456536,-6.308936531,-10.02561026,0.863728642,0.42742613,0.850274801,0.591529965,0.828749955,0.29556939,0.284848034,0.295960575,0.122797715,0.445521297
p02,575520.546,1.062,SHAKE,38,32,1.848505672,-2.070674397,-6.405084121,-161.0995134,-6.457360273,-10.01631131,0.863637209,0.426599234,0.850064516,0.591066957,0.828641444,0.295258135,0.2845608,0.295808822,0.122981678,0.444006703
p02,575520.593,1.109,SHAKE,38,33,1.660266318,-2.335299325,-6.476217896,-161.2877527,-6.721985201,-10.08744509,0.863802433,0.426070511,0.850403845,0.59036696,0.828441709,0.294761911,0.284257174,0.295605049,0.124396944,0.444202834
p02,575520.625,1.141,SHAKE,38,34,1.846951939,-1.855065628,-6.566854369,-161.1010671,-6.241751504,-10.17808156,0.863244653,0.426277429,0.850145817,0.590022087,0.827826172,0.29466109,0.284504712,0.295360997,0.124491719,0.445611778
p02,575520.656,1.172,SHAKE,38,35,1.944367086,-1.740351526,-6.618639114,-161.003652,-6.127037401,-10.2298663,0.863165021,0.426035881,0.850357056,0.589238644,0.827899098,0.294341132,0.284575105,0.294897512,0.123924834,0.446578027
p02,575520.687,1.203,SHAKE,38,36,1.946928223,-1.594339052,-6.597220277,-161.0010908,-5.981024928,-10.20844747,0.862503052,0.42578122,0.850013494,0.589352787,0.827712446,0.294000134,0.284398615,0.295352653,0.122330431,0.446182166
p02,575520.718,1.234,SHAKE,38,37,2.007260869,-1.624217309,-6.616965987,-160.9407582,-6.010903185,-10.22819318,0.862725258,0.425594032,0.849965692,0.588802576,0.827796251,0.293921217,0.284565508,0.294881359,0.122745049,0.446528106
p02,575520.75,1.266,SHAKE,38,38,1.847382963,-1.716785677,-6.641335668,-161.1006361,-6.103471552,-10.25256286,0.862481952,0.425518245,0.85003978,0.589133263,0.827569902,0.293924376,0.284442782,0.295208886,0.122738392,0.445765267
p02,575520.796,1.312,SHAKE,38,39,1.898254394,-1.845386675,-6.650784671,-161.0497647,-6.232072551,-10.26201186,0.862749875,0.425529808,0.849936903,0.588764727,0.827577829,0.294014767,0.283968627,0.29474996,0.123858912,0.446191887
p02,575520.812,1.328,SHAKE,38,40,1.869356108,-1.83587617,-6.657463013,-161.078663,-6.222562046,-10.2686902,0.862761438,0.425474286,0.850093722,0.588478446,0.827669591,0.293894514,0.283639371,0.294583932,0.123719944,0.446663098
p02,575520.859,1.375,SHAKE,38,41,1.865915594,-1.835605201,-6.649205603,-161.0821035,-6.222291077,-10.26043279,0.862782538,0.425351739,0.850019157,0.588262677,0.827617913,0.293790117,0.283420801,0.29447256,0.124072137,0.446770395
p02,575520.89,1.406,SHAKE,38,42,1.783878079,-2.003242535,-6.650774096,-161.164141,-6.389928411,-10.26200129,0.863017976,0.424999177,0.849968672,0.588571131,0.82761097,0.293784365,0.283090711,0.294786766,0.125073008,0.445117717
p02,575520.921,1.437,SHAKE,38,43,1.794595976,-2.089529613,-6.606065614,-161.1534231,-6.476215489,-10.2172928,0.862882733,0.424758524,0.849819601,0.587901235,0.827783763,0.293648914,0.283174396,0.294252321,0.123948247,0.445568652
p02,575520.953,1.469,SHAKE,38,44,1.915758386,-2.042199858,-6.640914359,-161.0322607,-6.428885734,-10.25214155,0.862741828,0.425020337,0.849604726,0.587654769,0.827747703,0.293586642,0.283295929,0.294068128,0.123524985,0.446949816
p02,575520.984,1.5,SHAKE,38,45,1.98867915,-2.394175262,-6.471535377,-160.9593399,-6.780861138,-10.08276257,0.86243403,0.424522281,0.84926331,0.587347806,0.82858789,0.29274042,0.283162951,0.294607386,0.119528843,0.447313501
p02,575521.015,1.531,SHAKE,38,46,2.249397321,-2.344306365,-6.424756836,-160.6986217,-6.730992241,-10.03598403,0.862187922,0.424925536,0.849104047,0.586785913,0.828898549,0.29252921,0.282621801,0.294256702,0.117787704,0.449934783
p02,575521.062,1.578,SHAKE,38,47,2.067875734,-2.411451026,-6.480924679,-160.8801433,-6.798136902,-10.09215187,0.861417532,0.424735487,0.848723412,0.586479902,0.828091979,0.292422682,0.28228718,0.29405722,0.118055495,0.449955979
p02,575521.093,1.609,SHAKE,38,48,2.134214371,-2.162777843,-6.502702774,-160.8138047,-6.549463719,-10.11392996,0.860503793,0.424405485,0.848142862,0.586806715,0.827371806,0.292489558,0.282238305,0.294317156,0.117390114,0.448210117
p02,575521.125,1.641,SHAKE,38,49,2.343521265,-2.365217079,-6.560281518,-160.6044978,-6.751902955,-10.17150871,0.860101104,0.423965067,0.847522497,0.585582852,0.826891929,0.292081431,0.281400561,0.293501422,0.11801389,0.449345817
p02,575521.156,1.672,SHAKE,38,50,2.106482426,-2.674400995,-6.652297396,-160.8415366,-7.061086871,-10.26352459,0.859684646,0.422650218,0.84716779,0.584748983,0.82584855,0.291812673,0.28059411,0.29293631,0.120587337,0.446641609
p02,575521.203,1.719,SHAKE,38,51,1.975740738,-2.542326738,-6.641747849,-160.9722783,-6.929012614,-10.25297504,0.858328402,0.421716541,0.845985115,0.58379668,0.824505001,0.291406795,0.280229867,0.292389885,0.120698772,0.445671183
p02,575521.218,1.734,SHAKE,38,52,1.84701903,-2.73705223,-6.846385893,-161.101,-7.123738106,-10.45761308,0.857746363,0.420426846,0.845554352,0.582446933,0.822938532,0.291283205,0.278919756,0.291163728,0.124795144,0.443543025
p02,575521.25,1.766,SHAKE,38,53,1.508299613,-2.65152658,-7.017177012,-161.4397194,-7.038212456,-10.6284042,0.855953038,0.419449449,0.845053732,0.581478,0.820906907,0.290900171,0.278185844,0.290577829,0.125980998,0.4423919
p02,575521.296,1.812,SHAKE,38,54,1.385495466,-2.599937254,-7.157849838,-161.5625236,-6.98662313,-10.76907703,0.8539235,0.419010669,0.843884051,0.581302047,0.819125891,0.290762424,0.277885437,0.290539622,0.125222859,0.441413958
p02,575521.328,1.844,SHAKE,38,55,1.285354198,-3.042913135,-7.192568371,-161.6626649,-7.429599011,-10.80379556,0.852232277,0.419465065,0.842539251,0.580922365,0.817465097,0.291352436,0.276546478,0.289569929,0.125719123,0.442423802
p02,575521.359,1.875,SHAKE,38,56,1.25321665,-2.632401757,-7.298602451,-161.6948024,-7.019087633,-10.90982964,0.850138128,0.419685513,0.841124713,0.580714822,0.815600187,0.292467564,0.276153564,0.288247257,0.125067881,0.441350074
p02,575521.39,1.906,SHAKE,38,57,1.080110984,-2.478949952,-7.365795009,-161.8679081,-6.865635828,-10.9770222,0.849206448,0.419787884,0.840608537,0.580190659,0.814130664,0.293346092,0.275302112,0.286844566,0.127408335,0.440802464
p02,575521.421,1.937,SHAKE,38,58,0.943307726,-2.581245409,-7.424088209,-162.0047113,-6.967931285,-11.0353154,0.847043395,0.419871598,0.838668942,0.580956936,0.812032402,0.294379607,0.275197208,0.286577329,0.127221471,0.43789923
p02,575521.453,1.969,SHAKE,38,59,0.992688866,-2.477456755,-7.498680338,-161.9553302,-6.864142631,-11.10990753,0.844883561,0.420208216,0.83700633,0.58111614,0.810301721,0.295107499,0.274989247,0.286008641,0.125757063,0.437401879
p02,575521.484,2,SHAKE,38,60,1.047844674,-2.445393077,-7.559159218,-161.9001744,-6.832078953,-11.17038641,0.842923522,0.421131581,0.835507154,0.581120133,0.808403254,0.295277283,0.274544716,0.285842851,0.125736415,0.440291923
p02,575524.687,0,SHAKE,39,0,12.38874279,3.807700698,179.6136633,-150.5592763,-0.578985178,176.0024361,0.479844183,0.747874737,0.485806227,0.902883172,0.471136585,0.561949939,0.319810629,0.340933233,0.027227356,0.545340788
p02,575524.734,0.047,SHAKE,39,1,11.57469944,-2.695216273,175.661957,-151.3733196,-7.081902149,172.0507298,0.501696706,0.743837774,0.504724145,0.902149856,0.480767488,0.563354105,0.314634144,0.338795751,0.066519218,0.53272117
p02,575524.75,0.063,SHAKE,39,2,11.26160026,-8.631162493,172.2186621,-151.6864188,-13.01784837,168.6074349,0.525542617,0.738597989,0.523718894,0.897333503,0.493182272,0.563094914,0.313545257,0.334238589,0.103207892,0.525083222
p02,575524.796,0.109,SHAKE,39,3,8.890060325,-15.10966996,169.8308105,-154.0579587,-19.49635583,166.2195833,0.545387864,0.729645908,0.539053142,0.889913738,0.505008996,0.559323281,0.306820452,0.330590457,0.131604227,0.515207331
p02,575524.828,0.141,SHAKE,39,4,9.622320331,-17.11472549,168.0314111,-153.3256987,-21.50141137,164.4201839,0.558459222,0.729318261,0.548927665,0.889186025,0.509706467,0.555374116,0.303236008,0.333811909,0.160774953,0.521084302
p02,575524.859,0.172,SHAKE,39,5,9.11563609,-20.00049124,166.8205752,-153.832383,-24.38717712,163.209348,0.56795609,0.729080319,0.555429459,0.884606123,0.512830347,0.550170571,0.30182147,0.334435552,0.182643545,0.534960316
p02,575524.89,0.203,SHAKE,39,6,1.366329084,-22.28996983,-8.353472807,-161.58169,-26.6766557,-11.9647,0.569615602,0.727274776,0.555969119,0.888148785,0.515083507,0.547484279,0.302666247,0.340664506,0.180172373,0.527764101
p02,575524.921,0.234,SHAKE,39,7,8.434985069,-22.9491206,165.9655592,-154.513034,-27.33580648,162.354332,0.574554086,0.720513761,0.558525681,0.882660091,0.514314651,0.546599507,0.300657153,0.336060584,0.200359225,0.517508634
p02,575524.953,0.266,SHAKE,39,8,-0.66503994,-23.17796494,-7.866664227,-163.613059,-27.56465082,-11.47789142,0.570808649,0.715482235,0.557414711,0.884405553,0.515048027,0.542519897,0.29920423,0.341885656,0.18636308,0.505906974
p02,575524.984,0.297,SHAKE,39,9,7.407638071,-22.50703963,167.0388947,-155.540381,-26.8937255,163.4276675,0.568847239,0.713530064,0.556324422,0.879709363,0.515042439,0.541947573,0.296840429,0.33776179,0.181258328,0.507998523
p02,575525.031,0.344,SHAKE,39,10,-0.9378315,-23.46557681,-6.75722102,-163.8858506,-27.85226268,-10.36844821,0.567499638,0.712134123,0.552678525,0.881983757,0.514904082,0.537701756,0.296903133,0.344282001,0.17714719,0.506655493
p02,575525.062,0.375,SHAKE,39,11,-2.005115727,-23.81184875,-7.221164813,-164.9531348,-28.19853463,-10.832392,0.567395985,0.711039841,0.554790258,0.877849638,0.510644242,0.536976159,0.297364622,0.34087348,0.190849007,0.510640143
p02,575525.093,0.406,SHAKE,39,12,-0.627313598,-22.47956038,-6.931617598,-163.5753327,-26.86624626,-10.54284479,0.561154485,0.712732375,0.550195932,0.877874732,0.510717988,0.53756538,0.300967753,0.340309352,0.167581066,0.514728712
p02,575525.125,0.438,SHAKE,39,13,7.361324711,-20.6874726,168.3647213,-155.5866944,-25.07415848,164.7534941,0.558636725,0.710939884,0.547656834,0.876422226,0.509686366,0.53741464,0.299219102,0.339007586,0.163593698,0.511862421
p02,575525.156,0.469,SHAKE,39,14,8.279862544,-20.23108359,168.5579136,-154.6681565,-24.61776946,164.9466864,0.555830777,0.711428642,0.544252992,0.877668738,0.50878185,0.537031412,0.300516844,0.340637326,0.156560031,0.511973341
p02,575525.187,0.5,SHAKE,39,15,7.479524019,-20.44771232,168.7548538,-155.468495,-24.8343982,165.1436266,0.555685699,0.710025072,0.543522775,0.875249863,0.50744316,0.5365282,0.300377965,0.338721663,0.160606119,0.512210736
p02,575525.218,0.531,SHAKE,39,16,7.654291835,-19.7855758,169.1798851,-155.2937272,-24.17226168,165.5686579,0.554471672,0.71020484,0.542481303,0.875171006,0.507954538,0.537427574,0.301054895,0.337743431,0.154513793,0.511563658
p02,575525.25,0.563,SHAKE,39,17,6.832575498,-20.12011461,169.102097,-156.1154436,-24.50680049,165.4908698,0.552867651,0.708908796,0.542880476,0.875876248,0.506734759,0.53751865,0.302177966,0.338357598,0.152667956,0.506535533
p02,575525.281,0.594,SHAKE,39,18,7.259897206,-20.14093259,169.4499413,-155.6881219,-24.52761847,165.8387141,0.552902639,0.71056658,0.540646911,0.875832081,0.506712109,0.537777364,0.301012933,0.338054717,0.153450317,0.511127955
p02,575525.328,0.641,SHAKE,39,19,6.593930736,-19.43623487,169.7563918,-156.3540883,-23.82292075,166.1451646,0.551148176,0.710258603,0.540076077,0.874465346,0.505471483,0.537893653,0.302352905,0.336571693,0.151070794,0.512119568
p02,575525.359,0.672,SHAKE,39,20,6.715408486,-19.04856383,169.8890705,-156.2326106,-23.43524971,166.2778434,0.549498677,0.711099029,0.538968027,0.87609756,0.504651248,0.537655503,0.30350399,0.338442057,0.147765533,0.512476278
p02,575525.39,0.703,SHAKE,39,21,6.379896763,-18.63648478,169.8328212,-156.5681223,-23.02317066,166.221594,0.549402475,0.710424423,0.541079342,0.873680353,0.504277766,0.537850648,0.302320659,0.335829705,0.149261085,0.513872872
p02,575525.421,0.734,SHAKE,39,22,6.693695743,-18.86731442,169.8088923,-156.2543233,-23.25400029,166.1976651,0.548272967,0.710313678,0.539562464,0.875765324,0.504145622,0.537526965,0.303482234,0.338238358,0.145403388,0.510843044
p02,575525.453,0.766,SHAKE,39,23,6.233911612,-18.73251252,169.8062299,-156.7141075,-23.11919839,166.1950027,0.54909426,0.709856033,0.540483177,0.873084426,0.503661916,0.537093043,0.3009938,0.335991383,0.150941129,0.514188753
p02,575525.484,0.797,SHAKE,39,24,6.888915384,-19.17730684,169.4545989,-156.0591037,-23.56399271,165.8433717,0.548551142,0.710325837,0.539794266,0.87382251,0.50321883,0.536866963,0.302272439,0.336955547,0.149971703,0.514782664
p02,575525.531,0.844,SHAKE,39,25,6.691369457,-18.99188384,169.4962081,-156.2566496,-23.37856972,165.8849809,0.548969209,0.709131122,0.539969862,0.873932242,0.502789587,0.536827475,0.301537097,0.337104768,0.1531474,0.511127885
p02,575525.562,0.875,SHAKE,39,26,6.941433643,-19.25606707,169.3878919,-156.0065854,-23.64275295,165.7766647,0.548305631,0.709767103,0.539143443,0.873963416,0.502503246,0.537051886,0.300302595,0.336911529,0.152520775,0.512642643
p02,575525.593,0.906,SHAKE,39,27,6.543675222,-18.60439025,169.6349996,-156.4043438,-22.99107613,166.0237724,0.546869755,0.708795369,0.538466394,0.874132812,0.501447514,0.536890954,0.301635832,0.337241858,0.150586357,0.509736294
p02,575525.625,0.938,SHAKE,39,28,6.501966116,-18.14987287,169.6192393,-156.4460529,-22.53655874,166.0080121,0.544959605,0.708919525,0.537311375,0.872968137,0.499609321,0.536925018,0.301705897,0.336043119,0.150312884,0.511822732
p02,575525.656,0.969,SHAKE,39,29,5.936581865,-18.59847872,169.7222617,-157.0114372,-22.9851646,166.1110346,0.543224216,0.708496332,0.535823345,0.874251127,0.498296678,0.536478996,0.303836405,0.337772131,0.147867526,0.509270363
p02,575525.687,1,SHAKE,39,30,6.569628452,-18.89756936,169.6356115,-156.3783906,-23.28425523,166.0243843,0.542941153,0.709600687,0.534167409,0.873323917,0.498199195,0.536014408,0.301074326,0.33730951,0.148607684,0.514620176
p02,575525.734,1.047,SHAKE,39,31,6.500782558,-17.21008101,169.983749,-156.4472365,-21.59676688,166.3725218,0.539390922,0.710093558,0.533365369,0.874959826,0.496993914,0.535635769,0.304719388,0.339324057,0.139134591,0.514133274
p02,575525.75,1.063,SHAKE,39,32,6.467152571,-17.1609289,169.9235242,-156.4808665,-21.54761477,166.312297,0.539353907,0.709992588,0.533418775,0.873218775,0.496450841,0.536469877,0.302067786,0.336748898,0.142031251,0.515288133
p02,575525.781,1.094,SHAKE,39,33,6.692345357,-16.15281561,170.2328018,-156.2556737,-20.53950149,166.6215746,0.536821306,0.709666848,0.531486809,0.874573708,0.496043801,0.535817057,0.305650353,0.338756651,0.13341226,0.51319964
p02,575525.828,1.141,SHAKE,39,34,6.937230277,-16.08718359,170.0378576,-156.0107888,-20.47386947,166.4266304,0.537429929,0.710519314,0.532235444,0.873693764,0.495755225,0.536629856,0.304333925,0.337063909,0.136937423,0.515894623
p02,575525.843,1.156,SHAKE,39,35,7.159859728,-15.1524774,170.5204173,-155.7881593,-19.53916328,166.9091901,0.534864128,0.711574495,0.530114532,0.874760926,0.49570325,0.536358237,0.306992173,0.338402689,0.127563114,0.517774425
p02,575525.875,1.188,SHAKE,39,36,7.432466415,-14.85513596,170.6103492,-155.5155526,-19.24182183,166.999122,0.534526169,0.712505817,0.53026861,0.874732256,0.495432556,0.536234468,0.305946648,0.338497788,0.127779186,0.520745942
p02,575525.921,1.234,SHAKE,39,37,8.359757861,-13.80012281,170.7033844,-154.5882612,-18.18680868,167.0921572,0.532045901,0.712581933,0.528513134,0.87526536,0.495425031,0.53765434,0.307946682,0.33761102,0.118919516,0.518133539
p02,575525.953,1.266,SHAKE,39,38,7.702124447,-14.12255145,170.88735,-155.2458946,-18.50923732,167.2761228,0.531915188,0.712969542,0.528092563,0.875131547,0.49452661,0.535214752,0.307609975,0.339916795,0.121545402,0.522936177
p02,575525.984,1.297,SHAKE,39,39,8.131819305,-14.27311565,170.6046935,-154.8161998,-18.65980153,166.9934663,0.531526804,0.71283108,0.527081728,0.875254989,0.49378413,0.537622392,0.308403552,0.337632596,0.122380803,0.518932975
p02,575526.015,1.328,SHAKE,39,40,7.546356579,-13.83974482,170.9513197,-155.4016625,-18.2264307,167.3400925,0.530149221,0.711883426,0.528213263,0.874671102,0.493928343,0.534673005,0.306877196,0.339998096,0.118030531,0.521210037
p02,575526.062,1.375,SHAKE,39,41,7.408655016,-14.37639234,170.7841843,-155.539364,-18.76307822,167.1729571,0.529953837,0.709831834,0.526431859,0.874594331,0.493021935,0.535411596,0.307342768,0.339182734,0.12016519,0.514236781
p02,575526.078,1.391,SHAKE,39,42,7.274147992,-13.95969689,170.8109572,-155.6738711,-18.34638276,167.19973,0.52922225,0.709559381,0.527735054,0.874013066,0.492909402,0.535087258,0.307793558,0.338925809,0.117977935,0.514779692
p02,575526.125,1.438,SHAKE,39,43,7.272061404,-14.0286093,170.8641252,-155.6759577,-18.41529518,167.252898,0.529340029,0.709293187,0.526502788,0.873885036,0.492267668,0.534815937,0.307654083,0.339069098,0.120500142,0.514577265
p02,575526.156,1.469,SHAKE,39,44,6.469824583,-14.64202302,170.9177858,-156.4781945,-19.0287089,167.3065586,0.529338121,0.708353996,0.527011871,0.873942375,0.492061511,0.53401801,0.306653678,0.339924365,0.121559314,0.512866991
p02,575526.187,1.5,SHAKE,39,45,6.294568517,-14.88843227,170.9606989,-156.6534505,-19.27511815,167.3494717,0.528430462,0.707029402,0.525918603,0.873271227,0.492021397,0.533842683,0.306742787,0.339428544,0.11869575,0.510230275
p02,575526.218,1.531,SHAKE,39,46,6.349623789,-15.8810874,170.9995303,-156.5983953,-20.26777328,167.3883031,0.529714584,0.707351327,0.52664572,0.87318337,0.493334457,0.532132059,0.306842983,0.34105131,0.118562682,0.513762189
p02,575526.25,1.563,SHAKE,39,47,6.569878942,-15.95860626,170.751483,-156.3781401,-20.34529213,167.1402558,0.52910763,0.706725359,0.525909603,0.873042583,0.492794365,0.532648832,0.307267845,0.340393752,0.118181145,0.51139754
p02,575526.281,1.594,SHAKE,39,48,7.483230134,-15.00390263,170.638106,-155.4647889,-19.39058851,167.0268788,0.529040456,0.708197951,0.526524186,0.873434305,0.492796525,0.533315957,0.307407975,0.340118349,0.117901725,0.51417983
p02,575526.328,1.641,SHAKE,39,49,8.187410028,-14.26416485,170.5614219,-154.760609,-18.65085072,166.9501947,0.528050184,0.708720982,0.525487125,0.87367785,0.49228619,0.533640027,0.30756247,0.340037823,0.116282048,0.514886708
p02,575526.359,1.672,SHAKE,39,50,9.124721985,-13.23785404,170.4836905,-153.8232971,-17.62453992,166.8724633,0.527210295,0.708933532,0.525303721,0.872876406,0.492254689,0.533901244,0.308087766,0.338975161,0.113459896,0.516357267
p02,575526.39,1.703,SHAKE,39,51,8.859716277,-13.64295045,170.455645,-154.0883028,-18.02963632,166.8444178,0.526851058,0.708106816,0.524463356,0.871957004,0.491728529,0.532601237,0.30788973,0.339355767,0.114075025,0.517172819
p02,575526.421,1.734,SHAKE,39,52,9.100134169,-13.81329967,170.2398248,-153.8478849,-18.19998555,166.6285976,0.525477171,0.707808137,0.523320019,0.872350276,0.490879089,0.533223093,0.30807364,0.339127183,0.112304585,0.51480699
p02,575526.453,1.766,SHAKE,39,53,8.694874626,-13.97406638,170.3848976,-154.2531444,-18.36075226,166.7736704,0.525974989,0.706990004,0.523531318,0.872338176,0.490673572,0.531548977,0.30855155,0.340789199,0.114410111,0.514808061
p02,575526.484,1.797,SHAKE,39,54,8.736049854,-13.15221667,170.4081642,-154.2119692,-17.53890255,166.796937,0.524384081,0.706359804,0.523282588,0.872089148,0.489714518,0.532484829,0.307622194,0.339604318,0.112701762,0.511992825
p02,575526.531,1.844,SHAKE,39,55,9.182374805,-13.14123303,170.2876666,-153.7656443,-17.52791891,166.6764394,0.525146067,0.706975818,0.523592353,0.87139672,0.489695638,0.532350987,0.30784601,0.339045733,0.115156369,0.515048011
p02,575526.546,1.859,SHAKE,39,56,9.342850997,-13.01512663,170.3590459,-153.6051681,-17.40181251,166.7478188,0.524610937,0.707134068,0.523174286,0.871797979,0.48983258,0.532001346,0.308765709,0.339796633,0.112636719,0.515404524
p02,575526.593,1.906,SHAKE,39,57,9.097300822,-13.57949509,170.2972639,-153.8507182,-17.96618096,166.6860367,0.525603771,0.706879437,0.523324788,0.871338964,0.489736229,0.531468004,0.308104843,0.33987096,0.116413432,0.51611186
p02,575526.625,1.938,SHAKE,39,58,8.719824219,-13.83835361,170.2873804,-154.2281948,-18.22503949,166.6761532,0.525625825,0.706516564,0.523920178,0.871554732,0.489854977,0.53102529,0.306850463,0.340529442,0.116574204,0.515348313
p02,575526.656,1.969,SHAKE,39,59,8.643087046,-13.68935158,170.3475556,-154.304932,-18.07603745,166.7363284,0.525331259,0.705973387,0.523526669,0.871524572,0.489889339,0.531693488,0.306463659,0.339831084,0.115648036,0.512842723
p02,575526.687,2,SHAKE,39,60,8.862844163,-13.5017355,170.2289975,-154.0851749,-17.88842137,166.6177704,0.525700569,0.705937743,0.524445057,0.871631622,0.490265116,0.531901658,0.306752801,0.339729965,0.115517945,0.512277702
p02,575532.796,0,SHAKE,40,0,-0.517873535,4.448588054,-2.37875997,-163.4658926,0.061902179,-5.989987159,0.680222809,0.417309582,0.685426295,0.556228817,0.672618598,0.317324817,0.224791586,0.238903999,0.03382783,0.418514405
p02,575532.828,0.032,SHAKE,40,1,-0.936412117,2.380405912,-3.385961146,-163.8844312,-2.006279964,-6.997188335,0.684478641,0.417606205,0.689531624,0.557212353,0.673388183,0.31829001,0.224441826,0.238922343,0.049413506,0.415683998
p02,575532.859,0.063,SHAKE,40,2,-0.254401114,-1.316249395,-4.16000627,-163.2024202,-5.702935271,-7.77123346,0.689945698,0.416633427,0.692010403,0.555998266,0.676635176,0.317836776,0.223077297,0.238161489,0.059667756,0.414830504
p02,575532.89,0.094,SHAKE,40,3,-0.917412016,-2.939475507,-4.597794744,-163.8654311,-7.326161383,-8.209021933,0.694240272,0.414131284,0.695362329,0.556723952,0.678192496,0.316182137,0.221977949,0.240541816,0.072294459,0.407202161
p02,575532.953,0.157,SHAKE,40,4,-0.352463231,-2.791120405,-4.936545905,-163.3004823,-7.177806281,-8.547773095,0.696309626,0.414665669,0.697312057,0.55631429,0.679533929,0.315510392,0.221433342,0.240803897,0.075759582,0.411767742
p02,575532.984,0.188,SHAKE,40,5,-0.007897342,-3.751289783,-5.069333602,-162.9559164,-8.137975659,-8.680560792,0.698746264,0.415702909,0.698474348,0.556626856,0.680217117,0.316111848,0.221669853,0.240515009,0.083588935,0.414074207
p02,575533,0.204,SHAKE,40,6,0.063399385,-5.441486581,-5.355986177,-162.8846197,-9.828172457,-8.967213367,0.700365543,0.417442441,0.699049652,0.557749152,0.680276781,0.317235142,0.221404254,0.24051401,0.090733406,0.416638095
p02,575533.031,0.235,SHAKE,40,7,-0.116920486,-6.024766453,-5.429462994,-163.0649395,-10.41145233,-9.040690183,0.700880945,0.416461438,0.698992372,0.557693303,0.68086803,0.317760929,0.221369982,0.239932373,0.090404828,0.411368033
p02,575533.062,0.266,SHAKE,40,8,-0.143128017,-6.093037966,-5.286955667,-163.0911471,-10.47972384,-8.898182856,0.700868487,0.416209579,0.69896096,0.558125377,0.681299925,0.317184001,0.221520901,0.240941375,0.088337319,0.410994488
p02,575533.093,0.297,SHAKE,40,9,0.072972941,-6.426567087,-5.2348683,-162.8750461,-10.81325296,-8.84609549,0.701089025,0.41714558,0.6983006,0.559046149,0.681256145,0.317984104,0.221481264,0.241062045,0.089546533,0.411352504
p02,575533.125,0.329,SHAKE,40,10,-0.27905712,-6.100396171,-4.897784521,-163.2270762,-10.48708205,-8.50901171,0.70050472,0.418429255,0.698037982,0.560133636,0.681012064,0.319189534,0.221040249,0.240944102,0.088186003,0.41187861
p02,575533.156,0.36,SHAKE,40,11,-0.272367228,-6.529213689,-5.072089753,-163.2203863,-10.91589957,-8.683316943,0.700610816,0.418867677,0.697887599,0.5605492,0.680736005,0.319759429,0.22122699,0.240789771,0.089838998,0.411596591
p02,575533.187,0.391,SHAKE,40,12,-0.200028176,-6.277567167,-5.078557519,-163.1480472,-10.66425304,-8.689784708,0.700432956,0.418701708,0.697727144,0.560003638,0.680555046,0.319603845,0.221045077,0.240399793,0.089926955,0.412221083
p02,575533.234,0.438,SHAKE,40,13,-0.19705913,-5.898218781,-5.027513803,-163.1450782,-10.28490466,-8.638740992,0.700133622,0.418926924,0.697650492,0.560418487,0.680471301,0.319618464,0.22134608,0.240800023,0.08883067,0.412410513
p02,575533.265,0.469,SHAKE,40,14,-0.136666137,-5.964759079,-4.683768262,-163.0846852,-10.35144495,-8.294995452,0.700434983,0.420383811,0.697556257,0.561565876,0.680949867,0.320718706,0.221185267,0.24084717,0.088094095,0.413810572
p02,575533.296,0.5,SHAKE,40,15,-0.118274502,-6.575931801,-4.693178469,-163.0662936,-10.96261768,-8.304405658,0.70088917,0.421432644,0.69780618,0.563706696,0.681438625,0.321342349,0.221604526,0.242364347,0.087771426,0.4129745
p02,575533.328,0.532,SHAKE,40,16,0.176656511,-5.896215582,-4.558903737,-162.7713626,-10.28290146,-8.170130926,0.700939238,0.421219409,0.697625577,0.56240499,0.682354838,0.321534276,0.221595466,0.240870714,0.083866339,0.413853269
p02,575533.359,0.563,SHAKE,40,17,0.209778363,-5.96227542,-4.503337623,-162.7382407,-10.3489613,-8.114564813,0.701921105,0.421379566,0.698505342,0.562888801,0.683137327,0.320862696,0.221571505,0.242026106,0.084775242,0.415314168
p02,575533.39,0.594,SHAKE,40,18,0.206103448,-6.020525188,-4.526260903,-162.7419156,-10.40721106,-8.137488093,0.703110456,0.421533585,0.699197531,0.563098073,0.68397209,0.321347088,0.221344054,0.241750985,0.086464333,0.414420222
p02,575533.437,0.641,SHAKE,40,19,0.135007712,-5.826594125,-4.391460568,-162.8130113,-10.21328,-8.002687758,0.703719497,0.422298342,0.699649692,0.563883781,0.68465665,0.32212247,0.220936477,0.241761312,0.086282026,0.414358574
p02,575533.453,0.657,SHAKE,40,20,0.655027112,-6.13485717,-4.484040805,-162.2929919,-10.52154305,-8.095267994,0.704836965,0.422684163,0.699877024,0.56297797,0.685650706,0.32228595,0.221088767,0.240692019,0.086780792,0.417123147
p02,575533.484,0.688,SHAKE,40,21,0.786019869,-6.469583114,-4.457731148,-162.1619992,-10.85626899,-8.068958337,0.706128776,0.422080398,0.70045805,0.563205242,0.686396807,0.321583986,0.22121346,0.241621256,0.08919877,0.415925374
p02,575533.531,0.735,SHAKE,40,22,0.760226825,-6.115896346,-4.485504703,-162.1877922,-10.50258222,-8.096731892,0.706479311,0.422049284,0.70104003,0.563211322,0.686801344,0.321454376,0.221267223,0.241756946,0.08893304,0.41609935
p02,575533.562,0.766,SHAKE,40,23,0.582734213,-5.934292006,-4.267530408,-162.3652848,-10.32097788,-7.878757598,0.706496596,0.422553807,0.70119828,0.563579559,0.68739742,0.321956456,0.221437037,0.241623104,0.086251045,0.416339954
p02,575533.593,0.797,SHAKE,40,24,0.574548539,-6.33623422,-4.364980086,-162.3734705,-10.7229201,-7.976207276,0.707510531,0.422785282,0.701880038,0.563325405,0.687675446,0.322517723,0.221047521,0.240807682,0.08973222,0.416380235
p02,575533.625,0.829,SHAKE,40,25,0.65554119,-6.22168738,-4.307939204,-162.2924779,-10.60837326,-7.919166393,0.707566202,0.42274037,0.70186168,0.563449919,0.687999547,0.322456449,0.221395791,0.24099347,0.088378623,0.416127129
p02,575533.656,0.86,SHAKE,40,26,0.570059102,-6.265183524,-4.299240859,-162.37796,-10.6518694,-7.910468048,0.707967043,0.422123969,0.701938391,0.56301403,0.6881468,0.322137326,0.221500933,0.240876704,0.089481533,0.415094697
p02,575533.687,0.891,SHAKE,40,27,0.596884882,-5.889992482,-4.258222831,-162.3511342,-10.27667836,-7.869450021,0.707735598,0.422495216,0.702408373,0.563231289,0.688598931,0.321916968,0.221245944,0.241314322,0.086494997,0.416793532
p02,575533.734,0.938,SHAKE,40,28,0.668466841,-6.501801996,-4.464510579,-162.2795522,-10.88848787,-8.075737768,0.709110618,0.422701746,0.703019321,0.563322067,0.688702226,0.322337314,0.220863998,0.240984753,0.092402529,0.416476273
p02,575533.765,0.969,SHAKE,40,29,0.744702102,-6.205838716,-4.485188544,-162.203317,-10.59252459,-8.096415734,0.709683359,0.422649622,0.703548193,0.563428998,0.688996583,0.322485432,0.221133292,0.240943566,0.093548897,0.415716392
p02,575533.796,1,SHAKE,40,30,1.021070001,-6.227385984,-4.528380316,-161.9269491,-10.61407186,-8.139607505,0.709789157,0.422833711,0.703554988,0.563023448,0.689159393,0.322010025,0.220870495,0.241013423,0.09340208,0.418332242
p02,575533.828,1.032,SHAKE,40,31,0.994900298,-6.408774772,-4.518653721,-161.9531188,-10.79546065,-8.129880911,0.709503114,0.422406405,0.70311296,0.562807202,0.689206034,0.3215473,0.22075671,0.241259903,0.091943209,0.418051671
p02,575533.859,1.063,SHAKE,40,32,0.935710659,-6.196759778,-4.496611386,-162.0123084,-10.58344565,-8.107838576,0.709319234,0.42232573,0.703154147,0.562605441,0.688933015,0.321864486,0.220703721,0.240740955,0.092369168,0.417300183
p02,575533.89,1.094,SHAKE,40,33,1.078599481,-6.543888522,-4.56091698,-161.8694196,-10.9305744,-8.172144169,0.709389448,0.422737628,0.70294565,0.56296134,0.688797086,0.32193619,0.220487952,0.24102515,0.093394498,0.418219585
p02,575533.953,1.157,SHAKE,40,34,1.360349076,-6.659857557,-4.574446493,-161.58767,-11.04654343,-8.185673682,0.709371448,0.422981352,0.702612102,0.562552214,0.688845396,0.321673095,0.220368743,0.240879118,0.093144115,0.420577164
p02,575533.968,1.172,SHAKE,40,35,1.185625822,-6.231779525,-4.537224678,-161.7623932,-10.6184654,-8.148451867,0.708405077,0.422353983,0.702444136,0.562138975,0.688459754,0.321246922,0.220610917,0.240892053,0.090409504,0.419719371
p02,575533.984,1.188,SHAKE,40,36,0.816725478,-6.457266554,-4.513751062,-162.1312936,-10.84395243,-8.124978251,0.708131671,0.42185986,0.70247668,0.562148929,0.688315094,0.321275115,0.220398903,0.240873814,0.089912323,0.417582733
p02,575534.031,1.235,SHAKE,40,37,0.552612838,-6.765173456,-4.626356657,-162.3954062,-11.15185933,-8.237583847,0.708224475,0.421606869,0.702245235,0.562321424,0.687502086,0.321735367,0.220309496,0.240586057,0.094060354,0.415117578
p02,575534.062,1.266,SHAKE,40,38,0.717693881,-6.711615224,-4.741129394,-162.2303252,-11.0983011,-8.352356583,0.707712054,0.421941489,0.701942921,0.562278807,0.687063307,0.321518302,0.22020793,0.240760505,0.093769319,0.417108225
p02,575534.093,1.297,SHAKE,40,39,0.910774158,-6.374366356,-4.650632986,-162.0372449,-10.76105223,-8.261860175,0.707237542,0.42190522,0.701381087,0.561574638,0.687086195,0.321049228,0.220514297,0.24052541,0.091383403,0.419315329
p02,575534.125,1.329,SHAKE,40,40,0.804138405,-6.333088695,-4.634713289,-162.1438807,-10.71977457,-8.245940478,0.706605852,0.421797097,0.701477706,0.561556756,0.686845213,0.32117866,0.219863176,0.240378097,0.089876981,0.418584049
p02,575534.156,1.36,SHAKE,40,41,0.540787282,-6.435930982,-4.674737463,-162.4072318,-10.82261686,-8.285964653,0.707022667,0.421322882,0.701701641,0.561808527,0.686578691,0.321350738,0.219828129,0.240457788,0.092999818,0.415757562
p02,575534.187,1.391,SHAKE,40,42,0.570977128,-6.322562273,-4.65360822,-162.3770419,-10.70924815,-8.26483541,0.706623197,0.421384096,0.701385975,0.561353445,0.686430335,0.321316779,0.219737887,0.240036666,0.09189522,0.416883466
p02,575534.218,1.422,SHAKE,40,43,0.683798444,-6.311882905,-4.703400137,-162.2642206,-10.69856878,-8.314627327,0.706329584,0.421414107,0.701335967,0.561544001,0.686071754,0.321196049,0.220004141,0.240347952,0.092079315,0.416970717
p02,575534.265,1.469,SHAKE,40,44,0.636663939,-6.586661322,-4.725528864,-162.3113551,-10.9733472,-8.336756053,0.706001282,0.420962662,0.700886548,0.561321795,0.685956955,0.320832402,0.220085859,0.240489393,0.091075032,0.4163604
p02,575534.281,1.485,SHAKE,40,45,0.799120632,-6.44552748,-4.742328917,-162.1488984,-10.83221336,-8.353556106,0.705600798,0.421428382,0.700750172,0.561398387,0.685878783,0.32077387,0.219997227,0.240624517,0.089646651,0.418305307
p02,575534.328,1.532,SHAKE,40,46,0.336325609,-5.336587339,-4.633762839,-162.6116935,-9.723273214,-8.244990028,0.704762876,0.422060281,0.701003134,0.561021209,0.684997231,0.322412163,0.219868302,0.238609046,0.089897657,0.417620873
p02,575534.359,1.563,SHAKE,40,47,-0.580479715,-4.225131989,-4.575917497,-163.5284988,-8.611817865,-8.187144687,0.703666508,0.42245084,0.700866699,0.562239766,0.68306008,0.325705945,0.219548821,0.236533821,0.093858069,0.409010833
p02,575534.39,1.594,SHAKE,40,48,-0.293761279,-3.385474149,-4.649995493,-163.2417803,-7.772160025,-8.261222682,0.702662349,0.423305511,0.700206995,0.562062919,0.682500005,0.327177256,0.220246673,0.234885663,0.091544375,0.409255525
p02,575534.421,1.625,SHAKE,40,49,-0.444288271,-3.473901935,-4.67876562,-163.3923073,-7.86058781,-8.289992809,0.702973485,0.423026115,0.700312734,0.561896563,0.682445705,0.327470124,0.22023356,0.234426439,0.093209137,0.407616101
p02,575534.453,1.657,SHAKE,40,50,-0.496335263,-3.792041202,-4.879238398,-163.4443543,-8.178727078,-8.490465587,0.703106225,0.423573464,0.700839639,0.561998844,0.682250857,0.32800585,0.220010042,0.233992994,0.094792797,0.408420835
p02,575534.484,1.688,SHAKE,40,51,-0.781772094,-3.819553525,-4.879235992,-163.7297912,-8.2062394,-8.490463181,0.703054786,0.423618555,0.701006114,0.561880231,0.682059616,0.328281045,0.219989777,0.233599186,0.095437025,0.408124325
p02,575534.531,1.735,SHAKE,40,52,-0.747033033,-3.830651419,-4.870308161,-163.6950521,-8.217337295,-8.48153535,0.7030195,0.42380935,0.700928986,0.562194884,0.682146817,0.328378454,0.220040143,0.23381643,0.09485852,0.408144525
p02,575534.546,1.75,SHAKE,40,53,-0.679076321,-4.115024928,-4.923041033,-163.6270954,-8.501710804,-8.534268223,0.70319736,0.424071193,0.701089382,0.562420309,0.682205021,0.328243598,0.219967842,0.23417671,0.095433671,0.40921061
p02,575534.593,1.797,SHAKE,40,54,-0.660346992,-3.780306946,-4.942786744,-163.6083661,-8.166992822,-8.554013933,0.702991426,0.424304724,0.700941026,0.562624216,0.681923836,0.328530252,0.220170617,0.234093964,0.095687562,0.409128326
p02,575534.625,1.829,SHAKE,40,55,-0.65652402,-4.063334855,-4.895943941,-163.6045431,-8.450020731,-8.50717113,0.70301646,0.424785167,0.70106405,0.563323557,0.682061583,0.328609005,0.22014612,0.234714553,0.095186221,0.409757986
p02,575534.656,1.86,SHAKE,40,56,-0.553789523,-3.782856118,-4.85502012,-163.5018086,-8.169541994,-8.466247309,0.702421844,0.42506969,0.700500846,0.563457549,0.681975454,0.328848973,0.220087528,0.234608576,0.092901175,0.410132991
p02,575534.687,1.891,SHAKE,40,57,-0.754014606,-3.729874272,-4.894864399,-163.7020337,-8.116560148,-8.506091588,0.702797472,0.424706727,0.701177299,0.562827766,0.68213734,0.328701124,0.220075727,0.234126642,0.093877378,0.410058431
p02,575534.734,1.938,SHAKE,40,58,-0.576192258,-3.951268369,-5.035843609,-163.5242113,-8.337954245,-8.647070798,0.703176618,0.424819469,0.701431274,0.562942803,0.682152092,0.3288223,0.220128417,0.234120503,0.095510273,0.41003316
p02,575534.75,1.954,SHAKE,40,59,-0.662660564,-4.062412823,-5.060127666,-163.6106796,-8.449098699,-8.671354856,0.70324856,0.424976587,0.701716781,0.563034296,0.682080001,0.328738764,0.220058799,0.234295532,0.096195017,0.410753985
p02,575534.796,2,SHAKE,40,60,-0.831459307,-3.970293231,-5.102117014,-163.7794784,-8.356979106,-8.713344204,0.703237832,0.424771428,0.701845229,0.563292682,0.681982458,0.328821555,0.220026195,0.234471127,0.096603834,0.409218288
p02,575537.062,0,SHAKE,41,0,-4.689387746,-9.257074122,-9.453067049,-167.6374068,-13.64376,-13.06429424,0.417905122,0.423973531,0.437196106,0.561397493,0.400893763,0.338434562,0.205178499,0.222962931,0.082910049,0.383646592
p02,575537.093,0.031,SHAKE,41,1,-3.836903926,-7.883801841,-8.152494009,-166.784923,-12.27048772,-11.7637212,0.417544484,0.426957309,0.435239911,0.563212633,0.402206212,0.338412404,0.206964195,0.224800229,0.074110751,0.393882629
p02,575537.125,0.063,SHAKE,41,2,-4.054940004,1.121301583,-5.487046114,-167.0029591,-3.265384293,-9.098273304,0.411511272,0.430074245,0.429575205,0.565624535,0.401784614,0.339734271,0.208196163,0.225890264,0.046718721,0.399928585
p02,575537.156,0.094,SHAKE,41,3,-4.6621824,4.759025041,-4.572143105,-167.6102015,0.372339165,-8.183370294,0.405948788,0.429631054,0.424570501,0.567256272,0.397996962,0.339286029,0.208917022,0.227970243,0.038062125,0.396301833
p02,575537.203,0.141,SHAKE,41,4,-5.563530799,13.42016286,-2.692819352,-168.5115499,9.033476983,-6.304046541,0.399127454,0.430278808,0.4195503,0.56914115,0.397797078,0.338961676,0.209367722,0.230179474,0.006354254,0.396721439
p02,575537.218,0.156,SHAKE,41,5,-5.688814689,15.75940039,-1.989334479,-168.6368338,11.37271451,-5.600561668,0.397201955,0.430839956,0.417507887,0.569185853,0.397706702,0.338672251,0.209204286,0.230513602,-0.002412699,0.399836297
p02,575537.25,0.188,SHAKE,41,6,-5.466389966,14.5698128,-1.966067181,-168.414409,10.18312692,-5.57729437,0.398764849,0.431454271,0.418534011,0.570243418,0.398578152,0.338564292,0.211038291,0.231679127,0.000884658,0.400942376
p02,575537.296,0.234,SHAKE,41,7,-5.270784623,12.22833457,-2.368970216,-168.2188037,7.841648689,-5.980197405,0.403431296,0.432183087,0.421355009,0.57066983,0.400616854,0.338732064,0.211661071,0.231937766,0.013296928,0.402914216
p02,575537.328,0.266,SHAKE,41,8,-5.110909365,7.494222894,-3.135323182,-168.0589284,3.107537018,-6.746550371,0.409125149,0.431667835,0.426009804,0.570372343,0.40348658,0.338776648,0.212540269,0.231595695,0.026529418,0.401092026
p02,575537.359,0.297,SHAKE,41,9,-4.317645068,6.55721354,-3.902187197,-167.2656641,2.170527665,-7.513414386,0.412778586,0.432123661,0.430998325,0.56960237,0.405878663,0.338174626,0.21290797,0.231427744,0.032408007,0.405954071
p02,575537.39,0.328,SHAKE,41,10,-4.490526624,2.858916425,-4.493633118,-167.4385457,-1.527769451,-8.104860308,0.417199492,0.431157649,0.434633702,0.569282413,0.408691332,0.338005051,0.211641192,0.231277362,0.040200873,0.402774387
p02,575537.421,0.359,SHAKE,41,11,-4.285114637,2.438784245,-4.858054786,-167.2331337,-1.947901631,-8.469281976,0.420182467,0.4310956,0.437611043,0.569131732,0.410992444,0.33755441,0.212136745,0.231577322,0.043321222,0.403930701
p02,575537.453,0.391,SHAKE,41,12,-4.42225119,0.949552416,-5.27813662,-167.3702703,-3.43713346,-8.889363809,0.422792792,0.43040818,0.440551668,0.569079578,0.412629709,0.33721219,0.211915463,0.231867388,0.047958198,0.401936601
p02,575537.5,0.438,SHAKE,41,13,-4.419963379,-0.285049207,-5.433678719,-167.3679824,-4.671735083,-9.044905908,0.424531579,0.430116594,0.441925704,0.569007337,0.413932249,0.336986572,0.211732507,0.232020766,0.050060004,0.401386583
p02,575537.515,0.453,SHAKE,41,14,-4.568398797,-0.942429105,-5.395515655,-167.5164179,-5.329114981,-9.006742844,0.425795585,0.429718256,0.442833245,0.569579244,0.415176764,0.33695893,0.211710453,0.232620314,0.050157281,0.398758494
p02,575537.562,0.5,SHAKE,41,15,-4.762476344,-0.490096722,-5.13627156,-167.7104954,-4.876782598,-8.747498749,0.426210821,0.429817885,0.443032265,0.570341706,0.415991843,0.33705619,0.211477816,0.233285517,0.048321749,0.397631609
p02,575537.593,0.531,SHAKE,41,16,-4.680269102,0.815008885,-4.79692712,-167.6282882,-3.571676991,-8.408154309,0.426227719,0.430819035,0.442868024,0.571279168,0.416742995,0.337531,0.211019725,0.233748168,0.044947093,0.399096323
p02,575537.625,0.563,SHAKE,41,17,-4.660314984,2.408581456,-4.560247868,-167.608334,-1.97810442,-8.171475058,0.4259049,0.432068765,0.442933708,0.572030783,0.417085215,0.33854048,0.211360335,0.233490303,0.041728191,0.400566038
p02,575537.656,0.594,SHAKE,41,18,-4.683356469,6.045145492,-4.237307442,-167.6313755,1.658459616,-7.848534631,0.424766213,0.43373093,0.442622244,0.573177278,0.417002395,0.339269102,0.211661458,0.233908176,0.036680357,0.403841498
p02,575537.687,0.625,SHAKE,41,19,-4.66877951,7.665238021,-3.913319969,-167.6167986,3.278552145,-7.524547158,0.423522174,0.4349069,0.441500306,0.574331284,0.416530445,0.340136588,0.211573571,0.234194696,0.033046326,0.40466464
p02,575537.718,0.656,SHAKE,41,20,-4.471132325,7.599324407,-3.801191705,-167.4191514,3.212638531,-7.412418895,0.422783077,0.43601644,0.440765083,0.574966311,0.415941775,0.341125384,0.212659448,0.233840927,0.032170223,0.405793192
p02,575537.75,0.688,SHAKE,41,21,-4.925579511,10.13081551,-3.405571722,-167.8735986,5.744129639,-7.016798911,0.421252817,0.436446995,0.43959561,0.575967908,0.41585736,0.341774315,0.212992311,0.234193593,0.025331699,0.404249658
p02,575537.796,0.734,SHAKE,41,22,-4.811146255,11.82175653,-3.26153771,-167.7591653,7.435070656,-6.872764899,0.419777989,0.437262267,0.438863814,0.576526284,0.415264711,0.342085838,0.213000566,0.234440446,0.021189045,0.405972733
p02,575537.828,0.766,SHAKE,41,23,-4.569178679,12.27945262,-3.202790465,-167.5171977,7.892766743,-6.814017654,0.418875009,0.43807739,0.438276738,0.576679468,0.414751694,0.342391998,0.213343143,0.234287471,0.019327151,0.4084102
p02,575537.859,0.797,SHAKE,41,24,-4.358212052,11.90395605,-3.257988865,-167.3062311,7.517270179,-6.869216054,0.418701559,0.438650936,0.437832594,0.577308178,0.414061427,0.342545509,0.213543624,0.234762669,0.0217292,0.409372696
p02,575537.89,0.828,SHAKE,41,25,-4.196761106,12.21666604,-3.223605197,-167.1447802,7.829980167,-6.834832386,0.418350995,0.439156324,0.437763214,0.577216566,0.413995713,0.342790484,0.213691682,0.234426081,0.020381147,0.411071323
p02,575537.921,0.859,SHAKE,41,26,-4.30361223,12.35762463,-3.320870739,-167.2516313,7.970938755,-6.932097929,0.418302655,0.439587682,0.437481761,0.577770233,0.413541019,0.343101174,0.213120371,0.23466906,0.022342474,0.411159908
p02,575537.953,0.891,SHAKE,41,27,-4.349113975,11.89248001,-3.523636974,-167.297133,7.50579413,-7.134864163,0.418369055,0.440067232,0.437824994,0.578667343,0.413128585,0.344019488,0.21293661,0.234647855,0.024610471,0.409327177
p02,575538,0.938,SHAKE,41,28,-4.035521919,11.09569988,-3.539860056,-166.983541,6.709014003,-7.151087245,0.418661565,0.441046894,0.437716275,0.578745604,0.413293123,0.344696894,0.213385552,0.234048709,0.025158411,0.411666442
p02,575538.031,0.969,SHAKE,41,29,-4.193994742,10.05766184,-3.889849341,-167.1420138,5.670975966,-7.50107653,0.419306099,0.440821946,0.438477337,0.578804076,0.413054734,0.34487842,0.213187665,0.233925655,0.029323296,0.410145374
p02,575538.062,1,SHAKE,41,30,-4.140124146,9.318747289,-3.926332882,-167.0881432,4.932061413,-7.537560071,0.419711858,0.441008151,0.438617378,0.579314768,0.413180172,0.3450737,0.213112801,0.234241068,0.030648959,0.409554359
p02,575538.093,1.031,SHAKE,41,31,-4.065426741,8.566122897,-4.078807131,-167.0134458,4.179437021,-7.69003432,0.420248836,0.441240072,0.4392156,0.579702377,0.41333735,0.345163852,0.21347928,0.234538525,0.032375444,0.409639398
p02,575538.125,1.063,SHAKE,41,32,-4.12961762,8.819543789,-4.048239431,-167.0776367,4.432857914,-7.65946662,0.420187742,0.441112339,0.439184517,0.579820037,0.413367584,0.34508197,0.212982446,0.234738067,0.032022156,0.409095852
p02,575538.156,1.094,SHAKE,41,33,-4.032578505,7.951706391,-4.164654089,-166.9805976,3.565020515,-7.775881278,0.420412034,0.441148728,0.439348698,0.579660118,0.413400441,0.34485127,0.213202178,0.234808847,0.032887058,0.410110006
p02,575538.203,1.141,SHAKE,41,34,-4.156796502,8.554999819,-4.122840993,-167.1048156,4.168313943,-7.734068183,0.420090735,0.440758616,0.43893066,0.579490066,0.413229406,0.344730973,0.212558389,0.234759092,0.032279738,0.409047597
p02,575538.218,1.156,SHAKE,41,35,-4.118212997,8.260547335,-4.269884732,-167.0662321,3.873861459,-7.881111922,0.420264333,0.440713227,0.439233512,0.579083681,0.413100123,0.344724968,0.212939858,0.234358713,0.033644289,0.409578366
p02,575538.265,1.203,SHAKE,41,36,-4.086281015,8.474243467,-4.350575464,-167.0343001,4.087557591,-7.961802653,0.420152515,0.440665573,0.4394297,0.578900576,0.412889436,0.344568074,0.212142825,0.234332502,0.034236743,0.410090356
p02,575538.296,1.234,SHAKE,41,37,-4.0445944,8.003275834,-4.433035295,-166.9926135,3.616589958,-8.044262484,0.420289367,0.440442681,0.439459503,0.578649998,0.412788153,0.344469249,0.212193817,0.234180748,0.03535077,0.40982631
p02,575538.328,1.266,SHAKE,41,38,-4.009679078,7.754822925,-4.481145179,-166.9576981,3.36813705,-8.092372368,0.420361519,0.440462232,0.439693123,0.578654051,0.41280815,0.344465509,0.212122172,0.234188542,0.035608578,0.409912124
p02,575538.359,1.297,SHAKE,41,39,-4.030980059,8.337808892,-4.445381559,-166.9789991,3.951123016,-8.056608748,0.420314878,0.440701723,0.439942718,0.578717232,0.41299139,0.344529688,0.211821288,0.234187543,0.034573903,0.410662469
p02,575538.39,1.328,SHAKE,41,40,-4.040079646,7.927424935,-4.56413022,-166.9880987,3.540739059,-8.17535741,0.42055887,0.440614223,0.440092266,0.578614712,0.413019791,0.345011041,0.211692154,0.233603671,0.035613406,0.409253769
p02,575538.421,1.359,SHAKE,41,41,-4.248780068,9.776471661,-4.265925549,-167.1967991,5.389785785,-7.877152738,0.420196176,0.440982908,0.440336525,0.578983665,0.414171219,0.345337644,0.211054474,0.23364602,0.028546927,0.409359696
p02,575538.453,1.391,SHAKE,41,42,-4.864907067,11.10077807,-4.004015139,-167.8129261,6.714092194,-7.615242328,0.42003873,0.440360457,0.439995706,0.578112781,0.415193021,0.345608577,0.210882276,0.232504204,0.022978264,0.407527597
p02,575538.5,1.438,SHAKE,41,43,-4.772347504,12.44421243,-3.787619235,-167.7203666,8.057526555,-7.398846424,0.419336587,0.440924823,0.439775586,0.577872396,0.415621489,0.345481545,0.21155709,0.232390851,0.017560735,0.410701532
p02,575538.531,1.469,SHAKE,41,44,-4.9202211,12.34604124,-3.76454675,-167.8682402,7.959355365,-7.375773939,0.419377744,0.44063437,0.439659715,0.577708244,0.415816471,0.345487043,0.211261541,0.232221201,0.016857177,0.409727132
p02,575538.562,1.5,SHAKE,41,45,-4.749799473,13.70401813,-3.627524032,-167.6978185,9.317332257,-7.238751221,0.418771714,0.441406667,0.439528942,0.577934444,0.415789351,0.345359191,0.211151421,0.232575253,0.014124286,0.412973757
p02,575538.609,1.547,SHAKE,41,46,-4.784595245,13.60562477,-3.737603272,-167.7326143,9.218938892,-7.348830461,0.41871506,0.441509038,0.439608395,0.577997506,0.415557042,0.345487341,0.211284518,0.232510164,0.014946755,0.412978491
p02,575538.625,1.563,SHAKE,41,47,-4.797279966,13.41138878,-3.787821357,-167.745299,9.024702903,-7.399048546,0.41856885,0.441266775,0.439666271,0.577897906,0.415389553,0.34540239,0.210965306,0.232495517,0.015070236,0.412327888
p02,575538.671,1.609,SHAKE,41,48,-4.760327743,13.33199429,-3.82642643,-167.7083468,8.945308417,-7.437653619,0.418694198,0.441512704,0.439783901,0.578092992,0.415434882,0.345484242,0.211188316,0.23260875,0.015433222,0.412832543
p02,575538.687,1.625,SHAKE,41,49,-4.875139052,13.30335117,-3.859760445,-167.8231581,8.916665291,-7.470987634,0.418446511,0.441191792,0.439589828,0.578082442,0.415277898,0.345615998,0.211091489,0.232466444,0.015010613,0.411138024
p02,575538.734,1.672,SHAKE,41,50,-4.913690224,13.58819552,-3.963850261,-167.8617093,9.201509643,-7.575077451,0.418476671,0.441611379,0.439917028,0.578432322,0.415216342,0.346213803,0.211170584,0.232218519,0.015439316,0.410809513
p02,575538.765,1.703,SHAKE,41,51,-4.639161269,10.95361163,-4.453624891,-167.5871803,6.566925751,-8.06485208,0.418717176,0.441656232,0.439887464,0.578646004,0.413833365,0.348434478,0.210408688,0.230211526,0.02321107,0.404939559
p02,575538.796,1.734,SHAKE,41,52,-3.909207396,10.73873577,-4.561406883,-166.8572265,6.352049899,-8.172634072,0.41815868,0.443221629,0.440067828,0.579264104,0.413246125,0.350361496,0.210101426,0.228902608,0.023381827,0.405675292
p02,575538.828,1.766,SHAKE,41,53,-3.593357112,10.41396219,-4.521594076,-166.5413762,6.027276313,-8.132821266,0.418097943,0.444017678,0.439996481,0.578928709,0.413514197,0.350609437,0.210067421,0.228319272,0.021820357,0.409112384
p02,575538.859,1.797,SHAKE,41,54,-3.675234193,10.79001317,-4.555168169,-166.6232533,6.403327299,-8.166395359,0.417740315,0.443995297,0.439688444,0.579092622,0.413102925,0.350866154,0.209755182,0.228226468,0.022108585,0.40805584
p02,575538.89,1.828,SHAKE,41,55,-3.694648365,10.34453427,-4.601788207,-166.6426674,5.957848394,-8.213015396,0.417990953,0.444036752,0.439984262,0.579207122,0.413256451,0.350898936,0.209899545,0.228308186,0.022556034,0.407947771
p02,575538.921,1.859,SHAKE,41,56,-3.730498921,10.12914381,-4.649366068,-166.678518,5.742457938,-8.260593257,0.417987496,0.443888843,0.439956218,0.579399168,0.413146302,0.350878403,0.209788531,0.228520766,0.023076541,0.407010891
p02,575538.968,1.906,SHAKE,41,57,-3.60993728,9.747287926,-4.679169077,-166.5579563,5.36060205,-8.290396267,0.418110192,0.44398427,0.439730644,0.579214752,0.413030103,0.350942135,0.209771812,0.228272617,0.024217215,0.407592187
p02,575539,1.938,SHAKE,41,58,-3.713061512,9.482040812,-4.647276013,-166.6610806,5.095354936,-8.258503203,0.418222934,0.443680465,0.439758241,0.578653872,0.413295135,0.351234004,0.209681481,0.227419868,0.023501356,0.406501253
p02,575539.031,1.969,SHAKE,41,59,-3.787231983,9.164565676,-4.65728205,-166.735251,4.7778798,-8.268509239,0.41865328,0.443377614,0.439631402,0.578540087,0.413426593,0.350962371,0.209622145,0.227577716,0.024933848,0.406082129
p02,575539.062,2,SHAKE,41,60,-3.759225338,8.785077165,-4.757393442,-166.7072444,4.398391289,-8.368620632,0.418859482,0.443254918,0.43996048,0.578325748,0.413363829,0.351095781,0.209699512,0.227229968,0.026207274,0.405576509
p02,575595.953,0,STILL,47,0,-2.866950461,-15.2079386,1.204957241,-165.8149695,-19.59462447,-2.406269949,0.539980531,0.33863312,0.532656372,0.477581859,0.53419733,0.258974642,0.194044411,0.218607217,0.029803488,0.36439089
p02,575595.984,0.031,STILL,47,1,-3.805380792,-13.27261466,1.770735486,-166.7533999,-17.65930053,-1.840491704,0.540207267,0.339702547,0.533333719,0.47832796,0.535203218,0.262167454,0.191703588,0.216160506,0.02610305,0.358692225
p02,575596.015,0.062,STILL,47,2,-3.758013065,-13.06303315,1.59783728,-166.7060321,-17.44971903,-2.01338991,0.541590452,0.342334807,0.535035312,0.478290886,0.535913393,0.265177488,0.190149397,0.213113397,0.029855784,0.362048184
p02,575596.046,0.093,STILL,47,3,-3.499101638,-13.37721419,0.920159586,-166.4471207,-17.76390007,-2.691067603,0.544097006,0.344166964,0.538461268,0.477312982,0.537119523,0.267881304,0.187656701,0.209431678,0.037182172,0.364250819
p02,575596.078,0.125,STILL,47,4,-3.728666064,-12.04811095,0.717080319,-166.6766851,-16.43479682,-2.894146871,0.546377659,0.344809115,0.541994691,0.475024879,0.539332807,0.270179808,0.184675753,0.204845071,0.03814714,0.364320735
p02,575596.109,0.156,STILL,47,5,-3.643626034,-9.771394769,0.902121655,-166.5916451,-14.15808064,-2.709105534,0.54901731,0.345403284,0.545171618,0.473121047,0.542172819,0.271925777,0.18229568,0.20119527,0.037546094,0.365204941
p02,575596.14,0.187,STILL,47,6,-3.674789342,-8.484842718,0.840689467,-166.6228084,-12.87152859,-2.770537722,0.552586973,0.345144421,0.549049318,0.471022248,0.545502454,0.272844687,0.180941999,0.198177561,0.039153534,0.364823007
p02,575596.187,0.234,STILL,47,7,-2.775909192,-7.700506298,0.921106562,-165.7239283,-12.08719217,-2.690120627,0.558330119,0.344957441,0.553383052,0.468398571,0.550772816,0.272861779,0.180295438,0.195536792,0.041916217,0.368706378
p02,575596.218,0.265,STILL,47,8,-3.084568556,-11.2698854,0.662841329,-166.0325876,-15.65657128,-2.94838586,0.566521585,0.342393428,0.55873543,0.465527117,0.556068361,0.271776065,0.178819895,0.193751052,0.058456718,0.364474732
p02,575596.25,0.297,STILL,47,9,-4.244222134,-12.61711314,0.592090011,-167.1922412,-17.00379902,-3.019137178,0.574585378,0.339313418,0.565256715,0.462371469,0.561211675,0.270148173,0.176377773,0.192223296,0.075824196,0.359817183
p02,575596.281,0.328,STILL,47,10,-4.296079871,-13.72418068,0.872116995,-167.2440989,-18.11086656,-2.739110194,0.581255734,0.337655514,0.569840908,0.46020478,0.566956758,0.269133389,0.175640672,0.191071391,0.081410389,0.35862054
p02,575596.312,0.359,STILL,47,11,-4.717998994,-13.36332435,1.291816805,-167.6660181,-17.75001023,-2.319410384,0.586175025,0.337032139,0.574278057,0.459173679,0.572058648,0.269560426,0.175200909,0.189613253,0.080572508,0.355838591
p02,575596.359,0.406,STILL,47,12,-4.366677784,-13.26485662,1.520814442,-167.3146968,-17.6515425,-2.090412747,0.590110242,0.337810367,0.577423275,0.459921658,0.576256871,0.270495623,0.174643099,0.189426035,0.079323897,0.355361628
p02,575596.375,0.422,STILL,47,13,-4.338305319,-12.76699187,1.48670845,-167.2863244,-17.15367775,-2.124518739,0.592623413,0.339132607,0.580015659,0.461374283,0.578686923,0.271724388,0.175321192,0.189649895,0.079491188,0.355435045
p02,575596.406,0.453,STILL,47,14,-4.140295012,-12.41998947,1.386529867,-167.0883141,-16.80667535,-2.224697322,0.594827712,0.340432256,0.582479179,0.462623417,0.581268102,0.272830665,0.175658017,0.189792752,0.07719323,0.356186369
p02,575596.453,0.5,STILL,47,15,-2.965317517,-12.65637365,0.708460727,-165.9133366,-17.04305952,-2.902766462,0.596909642,0.343205333,0.585871696,0.464095712,0.58375147,0.273576319,0.175852597,0.190519392,0.07482501,0.365469429
p02,575596.484,0.531,STILL,47,16,-2.382096196,-11.74744805,0.583667658,-165.3301153,-16.13413393,-3.027559532,0.598070621,0.343977332,0.588058174,0.464448333,0.586129159,0.274564192,0.176439136,0.189884141,0.067680351,0.365555228
p02,575596.515,0.562,STILL,47,17,-2.327517178,-11.276773,0.567648211,-165.2755362,-15.66345887,-3.043578978,0.599228621,0.344429135,0.589746237,0.464699686,0.587869942,0.274817988,0.17656517,0.189881697,0.064331365,0.366602722
p02,575596.546,0.593,STILL,47,18,-1.704174275,-10.70261899,0.112364745,-164.6521933,-15.08930486,-3.498862444,0.599890947,0.345109135,0.591305614,0.464463472,0.588450849,0.274417728,0.176992238,0.190045744,0.064636158,0.37197048
p02,575596.578,0.625,STILL,47,19,-2.085854769,-9.014096966,0.221067493,-165.0338738,-13.40078284,-3.390159697,0.599030256,0.344227284,0.591785967,0.464709491,0.588718832,0.273957118,0.177817136,0.190752372,0.057988926,0.36838423
p02,575596.609,0.656,STILL,47,20,-3.052219478,-7.131837036,0.180420639,-166.0002385,-11.51852291,-3.43080655,0.597929418,0.342859626,0.592533231,0.46457535,0.588128239,0.274100646,0.17824465,0.190474704,0.054987228,0.360987459
p02,575596.656,0.703,STILL,47,21,-3.107585517,-5.89870036,0.11487645,-166.0556046,-10.28538624,-3.496350739,0.595478296,0.342452586,0.591729879,0.464761555,0.587311059,0.274630308,0.178220451,0.190131247,0.045826598,0.356712948
p02,575596.687,0.734,STILL,47,22,-2.619728826,-3.932481775,-0.008441136,-165.5677479,-8.319167651,-3.619668325,0.592557371,0.342884898,0.59020263,0.464440167,0.585700303,0.275112718,0.17732197,0.189327449,0.038670151,0.35796278
p02,575596.703,0.75,STILL,47,23,-2.935211582,-2.010988268,0.320402097,-165.8832306,-6.397674144,-3.290825092,0.5892905,0.343088329,0.587654412,0.464087248,0.583252281,0.275318548,0.177683085,0.1887687,0.033983081,0.359009628
p02,575596.75,0.797,STILL,47,24,-3.016452825,0.045457835,0.54496221,-165.9644719,-4.341228041,-3.066264979,0.58578068,0.343048602,0.584896386,0.464817166,0.580907643,0.275558859,0.177973866,0.189258307,0.027380634,0.35660122
p02,575596.781,0.828,STILL,47,25,-2.835239377,1.153937827,0.624407255,-165.7832584,-3.232748049,-2.986819934,0.583038151,0.343760192,0.582815707,0.465694606,0.579051375,0.276291594,0.178384006,0.189403012,0.022349402,0.356217135
p02,575596.812,0.859,STILL,47,26,-2.707200819,1.738175275,0.5475758,-165.6552199,-2.648510601,-3.063651389,0.581044495,0.344819903,0.581336319,0.466370761,0.577225745,0.277205989,0.177962512,0.189164773,0.021458173,0.357433964
p02,575596.843,0.89,STILL,47,27,-2.19754053,1.174066457,0.352122645,-165.1455596,-3.212619419,-3.259104545,0.579800427,0.34635672,0.580144644,0.467267811,0.575754315,0.278062865,0.178096592,0.189204946,0.02271864,0.36095174
p02,575596.875,0.922,STILL,47,28,-1.616164701,0.277141752,0.19690242,-164.5641838,-4.109544124,-3.414324769,0.578327298,0.348159194,0.57880652,0.468333542,0.574293882,0.279137447,0.178282559,0.189196095,0.02262373,0.364815915
p02,575596.906,0.953,STILL,47,29,-1.236522652,-0.570096644,0.076825716,-164.1845417,-4.95678252,-3.534401473,0.577088475,0.35024634,0.577405095,0.469284385,0.572775275,0.280280858,0.177970171,0.189003527,0.024235526,0.370180826
p02,575596.953,1,STILL,47,30,-1.457482091,-0.404250533,0.25621482,-164.4055012,-4.790936409,-3.35501237,0.575892627,0.351056844,0.575992584,0.469638377,0.571757704,0.281221315,0.177408934,0.188417062,0.0233073,0.370643337
p02,575596.984,1.031,STILL,47,31,-0.91249098,-1.942908911,0.10570825,-163.86051,-6.329594787,-3.505518939,0.575266838,0.352266699,0.574640572,0.470206976,0.570435077,0.281633601,0.176786214,0.188573375,0.027331097,0.374565595
p02,575597.015,1.062,STILL,47,32,-0.886556374,-1.981319071,0.107054267,-163.8345754,-6.368004947,-3.504172922,0.574219346,0.353115767,0.573536098,0.470705807,0.569272041,0.282408834,0.17666766,0.188296974,0.028003454,0.375507542
p02,575597.046,1.093,STILL,47,33,-0.691012541,-1.735987215,0.291259712,-163.6390316,-6.122673091,-3.319967477,0.572595477,0.354014248,0.57183373,0.471031576,0.568160594,0.283126682,0.176412344,0.187904894,0.025139304,0.377252364
p02,575597.078,1.125,STILL,47,34,-0.725530685,-2.335919668,0.350210995,-163.6735497,-6.722605544,-3.261016194,0.571398377,0.354812175,0.570315242,0.471623242,0.566913784,0.283873841,0.17598781,0.187749401,0.025482412,0.377835208
p02,575597.109,1.156,STILL,47,35,-0.537333924,-2.649353204,0.441927311,-163.485353,-7.03603908,-3.169299879,0.570349753,0.355482012,0.568980932,0.472097039,0.565923601,0.284266651,0.175981313,0.187830389,0.025151259,0.379147176
p02,575597.14,1.187,STILL,47,36,-0.477233427,-2.836811639,0.352026816,-163.4252525,-7.223497515,-3.259200373,0.569264054,0.355837345,0.568135738,0.472421736,0.564781725,0.284546405,0.175704211,0.18787533,0.025510651,0.379458761
p02,575597.187,1.234,STILL,47,37,-0.255027033,-4.185397758,0.135040019,-163.2030461,-8.572083634,-3.47618717,0.568499863,0.35607329,0.567071497,0.472580999,0.563549608,0.284475788,0.175643325,0.188105211,0.028183566,0.380624765
p02,575597.218,1.265,STILL,47,38,-0.529088629,-4.339588507,-0.148319889,-163.4771077,-8.726274383,-3.759547078,0.568057477,0.355856001,0.566926718,0.472582519,0.562565148,0.284714252,0.175400466,0.187868267,0.031313084,0.378678904
p02,575597.25,1.297,STILL,47,39,-0.763753759,-3.957405005,-0.158479648,-163.7117728,-8.344090881,-3.769706837,0.56690383,0.355829895,0.56622088,0.472456396,0.561828852,0.285147697,0.175142497,0.187308699,0.028976279,0.377356728
p02,575597.281,1.328,STILL,47,40,-0.806289485,-2.773314782,-0.160401595,-163.7543085,-7.160000658,-3.771628784,0.565958858,0.356093764,0.565717995,0.471967638,0.561084449,0.285693944,0.174998343,0.186273694,0.027854025,0.377937535
p02,575597.312,1.359,STILL,47,41,-0.847500525,-3.567305876,-0.154038693,-163.7955196,-7.953991752,-3.765265883,0.565844476,0.356520772,0.565224767,0.472510606,0.560949564,0.285890684,0.174589425,0.186619923,0.028036705,0.378470248
p02,575597.359,1.406,STILL,47,42,-0.799833862,-5.222365017,-0.31473046,-163.7478529,-9.609050893,-3.925957649,0.566415846,0.356771797,0.565456927,0.472592115,0.561109632,0.286322057,0.174080163,0.186270058,0.03048144,0.378212904
p02,575597.375,1.422,STILL,47,43,-0.663299324,-6.935396255,-0.602358514,-163.6113184,-11.32208213,-4.213585704,0.568393409,0.356993824,0.566658616,0.472522616,0.561852306,0.286465019,0.17324385,0.186057597,0.037756625,0.379069741
p02,575597.406,1.453,STILL,47,44,-1.317404639,-8.986977033,-0.802381798,-164.2654237,-13.37366291,-4.413608988,0.57375896,0.354728341,0.570528924,0.47179395,0.56486696,0.285120144,0.173083663,0.186673805,0.051373998,0.372886793
p02,575597.453,1.5,STILL,47,45,-1.40421115,-14.05196072,-1.343175544,-164.3522302,-18.4386466,-4.954402733,0.582098067,0.353228331,0.575916767,0.470622718,0.57025221,0.282161906,0.171455562,0.188460812,0.069089954,0.377088603
p02,575597.484,1.531,STILL,47,46,-2.131429957,-17.62730768,-2.035650374,-165.079449,-22.01399356,-5.646877563,0.593852162,0.349546492,0.584542811,0.469608843,0.576936036,0.279243767,0.170646727,0.190365076,0.099129508,0.36930474
p02,575597.515,1.562,STILL,47,47,-3.21350939,-20.1873338,-2.561128768,-166.1615285,-24.57401968,-6.172355958,0.605566978,0.347057998,0.593181372,0.467982352,0.583074808,0.277502239,0.168283463,0.190480113,0.133656451,0.365160217
p02,575597.562,1.609,STILL,47,48,-2.55622579,-21.51421166,-2.258030927,-165.5042449,-25.90089754,-5.869258116,0.613995373,0.346804559,0.598317683,0.466399252,0.590142488,0.275904655,0.16587466,0.190494597,0.143800655,0.372188529
p02,575597.578,1.625,STILL,47,49,-3.733481648,-25.35003593,-2.604362238,-166.6815007,-29.7367218,-6.215589428,0.621794224,0.344980806,0.603510797,0.464566946,0.594415605,0.273782596,0.162593484,0.19078435,0.168386937,0.373186847
p02,575597.609,1.656,STILL,47,50,-5.510860004,-27.79485586,-1.576898985,-168.4588791,-32.18154174,-5.188126174,0.629359066,0.342097223,0.608291268,0.463784456,0.600321025,0.273314416,0.159075975,0.19047004,0.182541969,0.361121394
p02,575597.64,1.687,STILL,47,51,-7.433341777,-30.52230512,-1.325395211,-170.3813608,-34.908991,-4.936622401,0.63765347,0.337968975,0.613639176,0.462803245,0.604464352,0.272753939,0.154988706,0.190049306,0.214138944,0.343147985
p02,575597.687,1.734,STILL,47,52,-8.891452978,-32.74556439,-1.369474207,-171.839472,-37.13225027,-4.980701396,0.642434537,0.336386025,0.618882596,0.462455511,0.606844217,0.271403044,0.150295377,0.191052467,0.236802499,0.340131596
p02,575597.718,1.765,STILL,47,53,-10.27419326,-33.70943427,-0.617880149,-173.2222123,-38.09612015,-4.229107338,0.645845771,0.332466006,0.621242821,0.460028261,0.60911572,0.270418033,0.149180651,0.189610228,0.246211897,0.32723959
p02,575597.75,1.797,STILL,47,54,-11.22634488,-33.91404081,-0.363807707,-174.1743639,-38.30072668,-3.975034896,0.646858871,0.330993056,0.623412967,0.458580315,0.610449553,0.2696798,0.147444278,0.188900515,0.246936124,0.324579615
p02,575597.781,1.828,STILL,47,55,-11.63929967,-33.37723018,0.289837533,-174.5873187,-37.76391606,-3.321389657,0.648889959,0.329467684,0.624024034,0.457230926,0.612287223,0.26921533,0.147533178,0.188015595,0.248098332,0.320464659
p02,575597.812,1.859,STILL,47,56,-12.18885097,-32.92439303,0.620830947,-175.13687,-37.31107891,-2.990396242,0.649405479,0.328058451,0.624707818,0.456536114,0.613034695,0.268542498,0.148664534,0.187993616,0.244650039,0.316584969
p02,575597.843,1.89,STILL,47,57,-12.50497765,-32.99701513,0.894894961,-175.4529967,-37.38370101,-2.716332228,0.649965167,0.327648461,0.624976575,0.45659554,0.613234907,0.268074825,0.149334103,0.188520715,0.245960293,0.31600578
p02,575597.89,1.937,STILL,47,58,-12.02347304,-33.36183572,0.614463988,-174.9714921,-37.74852159,-2.996763202,0.650375068,0.327766985,0.624591053,0.456381917,0.612982363,0.266916528,0.149879038,0.189465389,0.249485893,0.321169248
p02,575597.906,1.953,STILL,47,59,-12.30582267,-33.90578453,0.686817901,-175.2538417,-38.29247041,-2.924409288,0.650472701,0.327648759,0.624758184,0.456978619,0.612795055,0.266568705,0.149909616,0.190409914,0.25133575,0.320781898
p02,575597.953,2,STILL,47,60,-12.54838903,-33.86377477,0.943111956,-175.4964081,-38.25046064,-2.668115234,0.649863482,0.327791244,0.624422193,0.45695132,0.612726986,0.266800344,0.150649965,0.190150976,0.246508488,0.320749864
p02,575601.75,0,STILL,48,0,0.497380494,-14.21748527,14.12041756,-162.4506386,-18.60417114,10.50919037,0.682354689,0.364926726,0.643136442,0.484488487,0.682650805,0.282131836,0.183849394,0.202356651,-0.001610644,0.409153291
p02,575601.781,0.031,STILL,48,1,0.177667467,-14.54579872,14.4941607,-162.7703516,-18.9324846,10.88293351,0.682141483,0.364026427,0.642193139,0.484083712,0.682520419,0.281691179,0.183235586,0.202392533,-0.002068029,0.406809714
p02,575601.812,0.062,STILL,48,2,-0.142594124,-15.004546,14.63838317,-163.0906132,-19.39123187,11.02715598,0.681562185,0.363572985,0.641324699,0.48371011,0.681824476,0.281342402,0.182904065,0.202367708,-0.001434032,0.406342413
p02,575601.843,0.093,STILL,48,3,-0.197815158,-15.47942372,14.66812002,-163.1458342,-19.86610959,11.05689283,0.6816414,0.363565177,0.640977681,0.483491838,0.681429178,0.281432167,0.182442009,0.202059671,0.001163232,0.406478985
p02,575601.921,0.171,STILL,48,4,-0.350161033,-15.77787568,14.65273606,-163.2981801,-20.16456156,11.04150887,0.681668222,0.363568604,0.640808463,0.483621478,0.681087643,0.281428099,0.182406306,0.202193379,0.003182889,0.406247255
p02,575601.937,0.187,STILL,48,5,-0.587469598,-16.12528896,14.66046472,-163.5354887,-20.51197484,11.04923753,0.68171072,0.363677949,0.640595973,0.483601332,0.68065992,0.28151007,0.182261646,0.202091262,0.005765339,0.406587984
p02,575601.968,0.218,STILL,48,6,-0.544677543,-16.0518475,14.53777389,-163.4926966,-20.43853337,10.9265467,0.681215703,0.363765717,0.640429616,0.483360857,0.680054784,0.281444043,0.182124913,0.201916814,0.006374305,0.407700934
p02,575601.984,0.234,STILL,48,7,-0.674987514,-15.80337433,14.49654423,-163.6230066,-20.1900602,10.88531704,0.680824041,0.363830984,0.64027518,0.483717084,0.679499596,0.281620473,0.181987345,0.202096611,0.007277676,0.406788172
p02,575602.015,0.265,STILL,48,8,-0.643413938,-15.83992373,14.18992624,-163.591433,-20.22660961,10.57869905,0.679846525,0.363786668,0.639945209,0.483918309,0.678517848,0.281484842,0.182538271,0.202433467,0.007278895,0.406562346
p02,575602.046,0.296,STILL,48,9,-0.583394443,-15.51434074,14.06080429,-163.5314135,-19.90102662,10.4495771,0.679073513,0.363471717,0.639546216,0.483717084,0.67768079,0.281248555,0.182299316,0.202468529,0.007639755,0.406103419
p02,575602.093,0.343,STILL,48,10,-0.635092872,-16.03165572,13.84874564,-163.5831119,-20.4183416,10.23751845,0.678750336,0.363253832,0.639124393,0.483544469,0.67681402,0.281218648,0.182237625,0.202325821,0.010625229,0.405460774
p02,575602.109,0.359,STILL,48,11,-0.787649762,-16.08470138,13.89256726,-163.7356688,-20.47138726,10.28134007,0.678165734,0.363009483,0.638497472,0.483287841,0.675884873,0.281031579,0.182358146,0.202256262,0.012507591,0.405317012
p02,575602.156,0.406,STILL,48,12,-0.445588307,-16.25404425,13.85743163,-163.3936074,-20.64073012,10.24620444,0.677254021,0.362890571,0.637768567,0.483066142,0.67541185,0.280647442,0.18158108,0.2024187,0.01014517,0.406302035
p02,575602.187,0.437,STILL,48,13,-0.508624147,-16.06385531,13.76134423,-163.4566432,-20.45054119,10.15011704,0.6765908,0.36263603,0.637295485,0.482297003,0.674613625,0.280477777,0.181815147,0.201819226,0.010874647,0.407088334
p02,575602.218,0.468,STILL,48,14,-0.541266651,-15.54007269,13.90374769,-163.4892857,-19.92675856,10.2925205,0.675577104,0.361829013,0.636688232,0.482405394,0.674396485,0.280350119,0.182523966,0.202055275,0.006468296,0.403250514
p02,575602.25,0.5,STILL,48,15,-0.730515183,-15.51598349,13.7812078,-163.6785342,-19.90266936,10.16998061,0.675093651,0.361750901,0.63655901,0.482810229,0.673703283,0.280310467,0.182670832,0.202499762,0.007611329,0.402175454
p02,575602.296,0.546,STILL,48,16,-0.420739277,-15.89984129,13.28116618,-163.3687583,-20.28652717,9.669938991,0.675427556,0.362153232,0.637018025,0.48300606,0.673128396,0.279827937,0.183141112,0.203178123,0.012554034,0.405187791
p02,575602.312,0.562,STILL,48,17,-0.830771306,-15.57745998,13.24565134,-163.7787904,-19.96414586,9.634424153,0.674582958,0.360592037,0.636965454,0.482390881,0.672462314,0.279008701,0.182960749,0.203382179,0.011590704,0.401133159
p02,575602.343,0.593,STILL,48,18,-0.909181619,-15.47963809,13.00719124,-163.8572007,-19.86632397,9.395964049,0.674242377,0.359802753,0.636954308,0.481830776,0.671592891,0.278106093,0.183732927,0.203724682,0.014420312,0.401015029
p02,575602.39,0.64,STILL,48,19,-0.778356546,-14.92964531,12.95145296,-163.7263756,-19.31633119,9.340225771,0.67305392,0.358866751,0.63649863,0.481267631,0.671138585,0.277646258,0.184000313,0.203621373,0.010409415,0.398879998
p02,575602.421,0.671,STILL,48,20,-0.906849527,-14.67086355,12.8232929,-163.8548686,-19.05754943,9.212065706,0.672204196,0.358604372,0.636059821,0.481243253,0.670141637,0.277433842,0.183901966,0.20380941,0.011215536,0.398266837
p02,575602.453,0.703,STILL,48,21,-0.813012509,-14.35696058,12.70710736,-163.7610316,-18.74364645,9.095880169,0.671249092,0.35836947,0.635421395,0.48138231,0.669487596,0.277621716,0.184714496,0.203760594,0.009536317,0.396287387
p02,575602.484,0.734,STILL,48,22,-0.726365422,-14.80757688,12.43369327,-163.6743845,-19.19426275,8.822466079,0.671391487,0.358942628,0.635420382,0.48170954,0.668694496,0.277613491,0.184355557,0.204096049,0.01462929,0.398484623
p02,575602.515,0.765,STILL,48,23,-0.547079238,-14.43285099,12.28198337,-163.4950983,-18.81953686,8.670756179,0.670792758,0.359412372,0.635278821,0.481867373,0.668257594,0.277888551,0.184762657,0.203978822,0.013721195,0.399668064
p02,575602.546,0.796,STILL,48,24,-0.33087379,-14.26804182,12.2241796,-163.2788929,-18.6547277,8.612952413,0.670316577,0.3597956,0.634839833,0.481602371,0.667929053,0.277998373,0.18482095,0.203603998,0.012918036,0.401746666
p02,575602.578,0.828,STILL,48,25,-0.319839232,-14.23211866,12.13189542,-163.2678583,-18.61880453,8.520668233,0.670122564,0.35939455,0.6347965,0.482180297,0.667873979,0.277851164,0.185071528,0.204329133,0.012149817,0.399078608
p02,575602.609,0.859,STILL,48,26,-0.331343271,-14.88420177,11.77029275,-163.2793623,-19.27088764,8.159065562,0.67043221,0.359700173,0.635243773,0.482242584,0.667318463,0.277447313,0.184951782,0.204795271,0.016835451,0.401634567
p02,575602.64,0.89,STILL,48,27,-0.188299039,-14.63470328,11.47364262,-163.1363181,-19.02138915,7.862415428,0.669916928,0.359476447,0.635614574,0.482052356,0.666846007,0.277124703,0.185205936,0.204927653,0.016581114,0.401857646
p02,575602.687,0.937,STILL,48,28,-0.378313312,-13.82843409,11.44895391,-163.3263324,-18.21511997,7.837726721,0.668825686,0.358436882,0.635410905,0.481902212,0.666492194,0.276862532,0.185720026,0.20503968,0.012564569,0.397846654
p02,575602.718,0.968,STILL,48,29,-0.396476153,-13.72137642,11.11602204,-163.3444952,-18.1080623,7.504794854,0.66843307,0.358543366,0.635638475,0.481808841,0.665621787,0.27657634,0.185842216,0.205232501,0.015127257,0.399386187
p02,575602.75,1,STILL,48,30,-0.319999392,-13.94451418,10.74504787,-163.2680185,-18.33120006,7.13382068,0.668245852,0.358446419,0.63553226,0.48178342,0.664906442,0.276720792,0.186193287,0.205062628,0.017935178,0.398539842
p02,575602.781,1.031,STILL,48,31,-0.21992057,-14.03133569,10.40640021,-163.1679396,-18.41802157,6.795173025,0.667098582,0.358700454,0.635020673,0.482007027,0.663682431,0.276726559,0.186789453,0.205280468,0.018288778,0.399326328
p02,575602.812,1.062,STILL,48,32,-0.07004655,-13.30671055,10.12545987,-163.0180656,-17.69339643,6.514232681,0.66529274,0.358616233,0.634615421,0.481728822,0.662451863,0.276612625,0.187112093,0.205116197,0.015182752,0.399790993
p02,575602.843,1.093,STILL,48,33,0.027005876,-13.00801491,9.629978735,-162.9210132,-17.39470079,6.018751545,0.663450301,0.358625919,0.633971334,0.481849939,0.660541147,0.276698813,0.187706351,0.205151126,0.01549843,0.399350018
p02,575602.89,1.14,STILL,48,34,0.102098119,-12.24605099,9.043154996,-162.8459209,-16.63273687,5.431927807,0.661087632,0.357956201,0.633350253,0.481929362,0.658431083,0.276423901,0.188231885,0.205505461,0.014113173,0.396740307
p02,575602.906,1.156,STILL,48,35,0.243383941,-11.19640404,8.499915243,-162.7046351,-15.58308991,4.888688054,0.658970475,0.357571214,0.633063018,0.481710792,0.656428784,0.27613838,0.189117134,0.205572411,0.013439772,0.396127251
p02,575602.953,1.203,STILL,48,36,0.628023181,-9.98261134,7.82097804,-162.3199959,-14.36929722,4.209750851,0.655690789,0.357776821,0.632320642,0.481986225,0.65383333,0.275792167,0.189871967,0.206194058,0.009782695,0.397609198
p02,575602.984,1.234,STILL,48,37,0.806492439,-8.450442079,7.464114929,-162.1415266,-12.83712796,3.85288774,0.652987957,0.357634544,0.631224453,0.481934965,0.651373148,0.275907591,0.190157712,0.206027374,0.008491946,0.396680072
p02,575603.015,1.265,STILL,48,38,0.741050649,-7.739191175,6.967639058,-162.2069684,-12.12587705,3.356411868,0.650768101,0.357494235,0.630554557,0.481795669,0.648873448,0.27587679,0.190772295,0.205918878,0.009931488,0.396357271
p02,575603.046,1.296,STILL,48,39,1.207750429,-7.385989328,6.295442827,-161.7402686,-11.7726752,2.684215637,0.648707569,0.358025193,0.629845381,0.481843859,0.646446645,0.275886565,0.191494167,0.205957294,0.011806748,0.398813882
p02,575603.093,1.343,STILL,48,40,1.141673451,-7.957287235,5.842505411,-161.8063456,-12.34397311,2.231278221,0.646834075,0.357924193,0.62863332,0.481867522,0.643988341,0.275889367,0.191692889,0.205978155,0.014845279,0.398269546
p02,575603.109,1.359,STILL,48,41,1.104512474,-7.285327595,5.61715622,-161.8435066,-11.67201347,2.00592903,0.644242048,0.357842118,0.62737149,0.481966138,0.641934812,0.275870934,0.191741705,0.206095204,0.012033043,0.397734551
p02,575603.14,1.39,STILL,48,42,0.992920891,-6.752779024,5.258234349,-161.9550982,-11.1394649,1.64700716,0.641664684,0.357866973,0.625772119,0.482172728,0.638928413,0.2758701,0.192223787,0.206302628,0.014234817,0.397459179
p02,575603.187,1.437,STILL,48,43,0.967802864,-6.452199972,4.88074939,-161.9802162,-10.83888585,1.269522201,0.639621198,0.357922196,0.62481463,0.482305557,0.636695862,0.276012897,0.1923033,0.206292659,0.015212097,0.397053871
p02,575603.218,1.468,STILL,48,44,1.199945278,-6.483828154,4.514051631,-161.7480738,-10.87051403,0.902824442,0.637686253,0.358098894,0.623515487,0.482055008,0.63477549,0.276231244,0.192399621,0.205823764,0.015128736,0.397756063
p02,575603.25,1.5,STILL,48,45,1.046319474,-5.85450594,4.257221633,-161.9016996,-10.24119182,0.645994443,0.635570347,0.358147711,0.622255027,0.482430756,0.632610381,0.276551858,0.192520678,0.205878899,0.015374799,0.396329364
p02,575603.281,1.531,STILL,48,46,1.095060611,-5.61752024,3.855424626,-161.8529585,-10.00420612,0.244197436,0.633741796,0.358858675,0.621626616,0.48305583,0.630851954,0.277042806,0.192084908,0.206013024,0.015044606,0.397139303
p02,575603.312,1.562,STILL,48,47,0.874536997,-4.684572948,3.507184654,-162.0734821,-9.071258824,-0.104042536,0.631979942,0.35918656,0.621135116,0.483091503,0.62878269,0.277566686,0.192056715,0.205524817,0.016647441,0.397129042
p02,575603.343,1.593,STILL,48,48,0.998576246,-4.313723304,3.160812207,-161.9494428,-8.70040918,-0.450414983,0.630350292,0.359671265,0.620502949,0.483704001,0.627366602,0.277649254,0.192216158,0.206054747,0.015522573,0.398059314
p02,575603.375,1.625,STILL,48,49,0.656252322,-4.386554803,2.713701188,-162.2917667,-8.773240679,-0.897526001,0.629020452,0.359099627,0.619940042,0.483680725,0.625278145,0.277581841,0.192297995,0.206098884,0.01946098,0.395527545
p02,575603.406,1.656,STILL,48,50,0.972747098,-3.620027094,2.31494696,-161.975272,-8.00671297,-1.296280229,0.627133369,0.359523803,0.619137049,0.483386457,0.623323232,0.27762714,0.193153501,0.205759317,0.019725956,0.39802165
p02,575603.453,1.703,STILL,48,51,1.189911052,-2.83643799,2.32152222,-161.758108,-7.223123865,-1.289704969,0.624758482,0.359979451,0.617604733,0.48347339,0.621838301,0.277927652,0.192836702,0.205545738,0.015143282,0.399189978
p02,575603.484,1.734,STILL,48,52,1.15824228,-2.614105005,2.16042105,-161.7897768,-7.00079088,-1.45080614,0.623256326,0.360728472,0.616769433,0.483651698,0.620419472,0.278367683,0.192785263,0.205284014,0.014715094,0.401204105
p02,575603.515,1.765,STILL,48,53,0.941556864,-1.484820401,2.098218313,-162.0064622,-5.871506277,-1.513008876,0.621908188,0.360907406,0.616124451,0.483708203,0.619055659,0.278554186,0.193057477,0.205154017,0.014775544,0.401421433
p02,575603.546,1.796,STILL,48,54,0.871024549,-1.869269373,1.926691095,-162.0769945,-6.255955249,-1.684536095,0.621114612,0.361306369,0.615640998,0.484126806,0.618245214,0.278967902,0.192946076,0.205158904,0.014871499,0.401339964
p02,575603.578,1.828,STILL,48,55,0.988822308,-1.91561114,1.6754073,-161.9591968,-6.302297016,-1.93581989,0.62064755,0.36189571,0.615515471,0.484701514,0.617474705,0.279466689,0.192868352,0.205234826,0.016450831,0.401632722
p02,575603.609,1.859,STILL,48,56,0.871189664,-1.935069218,1.474398521,-162.0768294,-6.321755094,-2.136828669,0.620185733,0.362447977,0.615473568,0.485221058,0.61691311,0.280115202,0.1928128,0.205105856,0.016973058,0.401416013
p02,575603.64,1.89,STILL,48,57,1.045232383,-1.72349287,0.861831453,-161.9027867,-6.110178746,-2.749395737,0.620116889,0.363058329,0.616338193,0.485694915,0.616145104,0.28051582,0.193245292,0.205179095,0.020553077,0.402294925
p02,575603.687,1.937,STILL,48,58,1.19843732,-2.812691148,0.066718442,-161.7495817,-7.199377024,-3.544508747,0.620426714,0.363252282,0.617336988,0.486324728,0.615789145,0.280594438,0.193341315,0.205730289,0.023986437,0.401777707
p02,575603.718,1.968,STILL,48,59,0.947059527,-1.747980032,-0.622169169,-162.0009595,-6.134665908,-4.233396358,0.620229423,0.363525182,0.618660808,0.486747563,0.614682138,0.281093359,0.19304359,0.205654204,0.02873592,0.400827318
p02,575603.75,2,STILL,48,60,1.130773754,-1.441996433,-1.374872614,-161.8172453,-5.828682309,-4.986099804,0.619984984,0.364117086,0.619604826,0.486764371,0.61379537,0.281392381,0.192928255,0.205371991,0.032082468,0.402804224
p02,575607.75,0,STILL,49,0,-18.22635452,30.24957426,-39.08134069,178.8256264,25.86288838,-42.69256788,0.41621545,0.398235559,0.511570334,0.513037801,0.401598394,0.329209939,0.148529232,0.183827862,0.098411979,0.375490527
p02,575607.796,0.046,STILL,49,1,-17.95083933,30.32336858,-38.85726878,179.1011416,25.93668271,-42.46849597,0.416965455,0.39844346,0.512129724,0.513470829,0.402163148,0.328959927,0.148808807,0.184510902,0.099471981,0.376582266
p02,575607.812,0.062,STILL,49,2,-17.84995173,30.34723262,-38.72693629,179.2020292,25.96054675,-42.33816348,0.417515844,0.398203731,0.512247145,0.513839126,0.402539045,0.328837231,0.14913708,0.185001895,0.100423044,0.374950213
p02,575607.843,0.093,STILL,49,3,-17.68075846,30.22248253,-38.67208983,179.3712225,25.83579665,-42.28331702,0.417932808,0.398151457,0.512579322,0.513603985,0.402805522,0.328725159,0.149502993,0.184878826,0.101183836,0.375523253
p02,575607.89,0.14,STILL,49,4,-17.61526927,30.33992156,-38.59706439,179.4367117,25.95323568,-42.20829158,0.418886364,0.397712857,0.51330024,0.513610125,0.403502598,0.328605637,0.150016189,0.185004488,0.102547367,0.373543477
p02,575607.921,0.171,STILL,49,5,-17.49996293,30.28581127,-38.40701252,179.552018,25.8991254,-42.01823971,0.419516772,0.397978693,0.513432264,0.513480365,0.404133707,0.32824561,0.150182664,0.185234755,0.102429031,0.37645788
p02,575607.953,0.203,STILL,49,6,-17.54276806,29.97879734,-38.48466741,179.5092129,25.59211146,-42.0958946,0.419601411,0.398039877,0.513781726,0.513618827,0.404180124,0.3285328,0.150214493,0.185086027,0.102661773,0.375539302
p02,575607.984,0.234,STILL,49,7,-17.32505658,29.94779731,-38.39017474,179.7269244,25.56111144,-42.00140193,0.420168936,0.397746384,0.513962448,0.51338172,0.404360011,0.328479022,0.150492311,0.184902698,0.105048058,0.374615207
p02,575608.015,0.265,STILL,49,8,-17.63572504,30.56559946,-38.30350963,179.4162559,26.17891358,-41.91473681,0.419525653,0.398148686,0.513464212,0.514022112,0.404653355,0.328116462,0.150575042,0.18590565,0.098770005,0.376708422
p02,575608.046,0.296,STILL,49,9,-17.45501459,30.90511789,-38.0761865,179.5969663,26.51843201,-41.68741369,0.419697732,0.398550957,0.513311923,0.514611602,0.40486072,0.327985555,0.150992066,0.186626047,0.098263519,0.378111221
p02,575608.093,0.343,STILL,49,10,-17.08859244,30.95353841,-37.71940802,179.9633885,26.56685253,-41.33063521,0.420253545,0.398791254,0.513453126,0.515598595,0.405037791,0.32799536,0.151653647,0.187603235,0.100332269,0.377370324
p02,575608.125,0.375,STILL,49,11,-16.75949112,31.14022002,-37.3092579,-179.7075102,26.75353415,-40.92048509,0.42084232,0.399537325,0.513530076,0.516566038,0.405548915,0.328001484,0.152392834,0.188564554,0.100355141,0.379370561
p02,575608.156,0.406,STILL,49,12,-16.40087141,31.61008287,-36.99132712,-179.3488905,27.22339699,-40.60255431,0.421329409,0.400182784,0.513914585,0.518224597,0.405670524,0.328180686,0.152686089,0.190043911,0.10255607,0.378870849
p02,575608.187,0.437,STILL,49,13,-16.13761287,32.15669907,-36.69814575,-179.0856319,27.7700132,-40.30937294,0.421627402,0.400505394,0.514447808,0.519487441,0.406069547,0.328135431,0.152980417,0.19135201,0.101698346,0.378203307
p02,575608.218,0.468,STILL,49,14,-16.26314714,32.41046179,-36.56951994,-179.2111662,28.02377592,-40.18074713,0.421683669,0.40000537,0.514950812,0.520137668,0.406577751,0.327936873,0.153465658,0.192200795,0.098431911,0.374964618
p02,575608.25,0.5,STILL,49,15,-15.95636971,32.06645946,-36.56264045,-178.9043888,27.67977358,-40.17386764,0.42264986,0.399128377,0.5153597,0.519658864,0.40661253,0.32814379,0.153725922,0.191515073,0.104324175,0.370647521
p02,575608.296,0.546,STILL,49,16,-15.90186897,32.18730142,-36.37070241,-178.849888,27.80061554,-39.9819296,0.423044205,0.39932847,0.515497804,0.520259023,0.407137439,0.327529669,0.154341161,0.192729354,0.103062371,0.372536928
p02,575608.312,0.562,STILL,49,17,-16.23726269,32.07668361,-36.38365346,-179.1852817,27.68999774,-39.99488065,0.423180103,0.39819926,0.516176939,0.520456254,0.407764852,0.327161893,0.154671162,0.193294361,0.099664676,0.367508739
p02,575608.359,0.609,STILL,49,18,-16.078082,32.62942518,-36.26936473,-179.0261011,28.24273931,-39.88059192,0.423445702,0.398551702,0.517206132,0.520786047,0.408584043,0.326464638,0.154564261,0.194321409,0.09615197,0.370968206
p02,575608.39,0.64,STILL,49,19,-16.09572308,33.39400608,-36.17212421,-179.0437421,29.00732021,-39.7833514,0.42496711,0.398314655,0.519319892,0.523002386,0.409801036,0.326009274,0.154949427,0.196993113,0.097877574,0.367045225
p02,575608.421,0.671,STILL,49,20,-15.48528889,32.77163082,-35.65567244,-178.4333079,28.38494495,-39.26689963,0.427738637,0.398993075,0.521711707,0.525349259,0.411837757,0.325109497,0.157077342,0.200239763,0.101229623,0.368975558
p02,575608.453,0.703,STILL,49,21,-13.99899714,29.64278607,-34.3739153,-176.9470162,25.2561002,-37.98514249,0.434947968,0.397123575,0.523924053,0.524365664,0.415600866,0.323043376,0.160652637,0.201322287,0.120428159,0.367968197
p02,575608.484,0.734,STILL,49,22,-11.88583757,25.96471278,-33.2427976,-174.8338566,21.5780269,-36.85402479,0.443196625,0.392040104,0.526896954,0.522051394,0.418811038,0.32055223,0.16426602,0.201499164,0.1484518,0.354780002
p02,575608.515,0.765,STILL,49,23,-10.16601634,24.41634956,-31.26013032,-173.1140354,20.02966368,-34.87135751,0.449945271,0.388717026,0.52950877,0.519535422,0.425008342,0.315577656,0.167350858,0.203957766,0.149009868,0.358600561
p02,575608.562,0.812,STILL,49,24,-7.649580723,17.61423342,-29.97161801,-170.5975998,13.22754754,-33.5828452,0.459756434,0.383118212,0.533187866,0.515048087,0.43077828,0.309363499,0.172712058,0.205684587,0.16778304,0.358581622
p02,575608.593,0.843,STILL,49,25,-5.900464427,11.68619042,-28.81086269,-168.8484835,7.299504548,-32.42208988,0.469454229,0.377577156,0.53791672,0.51246202,0.437776148,0.302584276,0.177478254,0.209877744,0.178489927,0.357316973
p02,575608.625,0.875,STILL,49,26,-5.489478399,7.074186184,-27.80227374,-168.4374975,2.687500308,-31.41350092,0.477182388,0.372134507,0.541962385,0.512052774,0.44487372,0.297774978,0.181485355,0.214277796,0.178023554,0.347023957
p02,575608.656,0.906,STILL,49,27,-4.435490698,-1.085924657,-27.72752472,-167.3835098,-5.472610533,-31.33875191,0.485812396,0.367841661,0.54688549,0.510873854,0.450316191,0.294467971,0.183818579,0.216405883,0.193104556,0.339055894
p02,575608.687,0.937,STILL,49,28,-3.973844991,-3.510818794,-26.99643348,-166.9218641,-7.89750467,-30.60766067,0.49254027,0.364743471,0.55055809,0.509304762,0.455929905,0.290928587,0.186252952,0.218376175,0.196562603,0.338017112
p02,575608.718,0.968,STILL,49,29,-3.351739635,-5.805197714,-26.05174901,-166.2997587,-10.19188359,-29.6629762,0.499156475,0.361678779,0.55321008,0.508609116,0.462241322,0.287042364,0.188894838,0.221566752,0.195427009,0.336857467
p02,575608.765,1.015,STILL,49,30,-3.934917916,-9.167941572,-25.76935165,-166.882937,-13.55462745,-29.38057884,0.505431771,0.357570142,0.556467056,0.507071793,0.466642484,0.285361543,0.189430892,0.22171025,0.204767484,0.325689039
p02,575608.781,1.031,STILL,49,31,-4.416686809,-10.64706423,-25.40174305,-167.3647059,-15.0337501,-29.01297024,0.510268688,0.35507533,0.559817612,0.506883442,0.470077112,0.283980317,0.190301001,0.222903125,0.211200023,0.318950271
p02,575608.828,1.078,STILL,49,32,-4.040924992,-12.35236233,-25.4556323,-166.9889441,-16.7390482,-29.06685949,0.515073359,0.353198439,0.562658906,0.50649637,0.473217428,0.282526612,0.190559447,0.223969758,0.219647632,0.315541827
p02,575608.843,1.093,STILL,49,33,-4.07961302,-13.33559781,-25.41036441,-167.0276321,-17.72228369,-29.0215916,0.518165648,0.352318466,0.564631522,0.505953312,0.475283027,0.281713128,0.190797538,0.224240184,0.224754585,0.314864787
p02,575608.89,1.14,STILL,49,34,-3.743628028,-13.59926701,-25.47789099,-166.6916471,-17.98595289,-29.08911818,0.52007854,0.35170579,0.566417992,0.504755974,0.477110431,0.280742094,0.190934807,0.22401388,0.225040735,0.316782584
p02,575608.921,1.171,STILL,49,35,-3.762032261,-13.26294679,-25.53248198,-166.7100513,-17.64963267,-29.14370917,0.520789206,0.351931065,0.567571998,0.504487634,0.478253007,0.280829698,0.190792501,0.223657936,0.222944816,0.317902279
p02,575608.953,1.203,STILL,49,36,-4.137388785,-13.4063392,-25.68872968,-167.0854078,-17.79302508,-29.29995687,0.520985126,0.351374537,0.568478048,0.503992677,0.478913069,0.281044088,0.190086186,0.222948588,0.221331485,0.315455904
p02,575608.984,1.234,STILL,49,37,-4.251982894,-12.9666312,-25.64174393,-167.200002,-17.35331708,-29.25297112,0.520752013,0.351752102,0.568942845,0.504417837,0.479119658,0.280775294,0.190274805,0.223642543,0.218801193,0.317367205
p02,575609.031,1.281,STILL,49,38,-4.272824116,-12.98275139,-25.78610375,-167.2208432,-17.36943726,-29.39733094,0.520546973,0.351757467,0.569142818,0.504478931,0.478889301,0.280815825,0.190300971,0.223663107,0.218904145,0.317180795
p02,575609.046,1.296,STILL,49,39,-4.493987909,-12.53836774,-25.72045651,-167.442007,-16.92505361,-29.3316837,0.51988256,0.351955652,0.56907773,0.50521934,0.478894457,0.281206548,0.190758109,0.224012792,0.214869516,0.315826178
p02,575609.093,1.343,STILL,49,40,-4.494083079,-12.15385606,-25.60816895,-167.4421021,-16.54054193,-29.21939614,0.519327104,0.352767944,0.568687439,0.50628674,0.478718519,0.281447589,0.191063404,0.224839151,0.212539838,0.317206121
p02,575609.125,1.375,STILL,49,41,-4.481908344,-11.70638141,-25.50166923,-167.4299274,-16.09306728,-29.11289642,0.518687904,0.353654444,0.568413675,0.50737834,0.478660479,0.281877875,0.191563785,0.225500464,0.208950897,0.318298985
p02,575609.156,1.406,STILL,49,42,-4.244149074,-11.19598988,-25.56020405,-167.1921681,-15.58267575,-29.17143124,0.518091023,0.354933292,0.568273485,0.507964849,0.478293434,0.282261029,0.191886991,0.225703821,0.207401184,0.32198065
p02,575609.187,1.437,STILL,49,43,-4.283336852,-10.6922039,-25.42829041,-167.2313559,-15.07888978,-29.0395176,0.516955853,0.355841041,0.567635536,0.508768857,0.478182495,0.282695465,0.192427576,0.226073392,0.20149585,0.323547921
p02,575609.218,1.468,STILL,49,44,-4.174236659,-10.37725007,-25.32603071,-167.1222557,-14.76393594,-28.9372579,0.516691208,0.356162548,0.567207456,0.509429336,0.478049159,0.28275834,0.192638338,0.226670995,0.200593762,0.323835909
p02,575609.25,1.5,STILL,49,45,-4.004082032,-10.01251068,-25.24311148,-166.9521011,-14.39919656,-28.85433867,0.516127646,0.356985092,0.566711903,0.50976938,0.477917939,0.282827094,0.192980945,0.226942286,0.197997302,0.326770296
p02,575609.281,1.531,STILL,49,46,-4.048754339,-9.786914092,-25.18642425,-166.9967734,-14.17359997,-28.79765144,0.515708208,0.357275128,0.566300869,0.510119259,0.477676362,0.283137769,0.193267554,0.226981491,0.196783399,0.326622931
p02,575609.312,1.562,STILL,49,47,-3.672332883,-10.11054724,-25.23420051,-166.6203519,-14.49723312,-28.84542769,0.515739202,0.357714176,0.56570214,0.510355473,0.47733824,0.283247344,0.193219304,0.227108128,0.19874289,0.327891531
p02,575609.359,1.609,STILL,49,48,-3.468687082,-10.16741075,-25.18858436,-166.4167061,-14.55409663,-28.79981155,0.515376151,0.358175874,0.564933062,0.510452747,0.47709924,0.283404633,0.193073899,0.227048114,0.198250054,0.329318923
p02,575609.39,1.64,STILL,49,49,-3.68212034,-9.929609155,-25.12853454,-166.6301394,-14.31629503,-28.73976173,0.514898181,0.358205736,0.564656973,0.510300875,0.47666502,0.283659287,0.193018019,0.226641588,0.198080786,0.328917784
p02,575609.421,1.671,STILL,49,50,-3.559771425,-10.05503087,-25.10833088,-166.5077905,-14.44171675,-28.71955807,0.51441139,0.358773142,0.563788414,0.510846615,0.47597155,0.283977196,0.193254411,0.226869419,0.198907957,0.329687213
p02,575609.453,1.703,STILL,49,51,-3.310357003,-9.571805985,-24.8788398,-166.2583761,-13.95849186,-28.49006699,0.513404727,0.359581411,0.562577665,0.51157999,0.475547001,0.284102477,0.19354865,0.227477513,0.195597987,0.33180833
p02,575609.484,1.734,STILL,49,52,-3.335480134,-9.485252157,-24.78429403,-166.2834992,-13.87193803,-28.39552122,0.512814105,0.359889895,0.561656713,0.511725426,0.47498396,0.28452009,0.194023669,0.227205336,0.194976955,0.331725506
p02,575609.515,1.765,STILL,49,53,-3.12004875,-8.896688897,-24.68521493,-166.0680678,-13.28337477,-28.29644212,0.511681437,0.360737771,0.560570419,0.511883438,0.474212736,0.28457012,0.194434762,0.227313317,0.192705776,0.335077819
p02,575609.546,1.796,STILL,49,54,-3.137635517,-8.682594015,-24.62143427,-166.0856546,-13.06927989,-28.23266146,0.510810554,0.361133516,0.559913874,0.511576056,0.473394737,0.284586862,0.194312841,0.226989195,0.192554528,0.337225982
p02,575609.578,1.828,STILL,49,55,-3.088398192,-8.55901861,-24.52653629,-166.0364173,-12.94570449,-28.13776348,0.510228038,0.361124724,0.559260488,0.512430787,0.47320208,0.284790024,0.194745392,0.227640763,0.190124952,0.335329662
p02,575609.625,1.875,STILL,49,56,-2.929922851,-8.063681492,-24.39294168,-165.8779419,-12.45036737,-28.00416887,0.509168625,0.361668766,0.558058679,0.512599289,0.472508356,0.284868628,0.195125461,0.227730662,0.187880499,0.337241095
p02,575609.656,1.906,STILL,49,57,-2.865718387,-7.53542818,-24.26873201,-165.8137374,-11.92211406,-27.8799592,0.508136392,0.362312675,0.557213068,0.512948513,0.471854478,0.28499537,0.195101142,0.227953143,0.185964639,0.339180692
p02,575609.687,1.937,STILL,49,58,-2.78847816,-7.273008039,-24.24511399,-165.7364972,-11.65969392,-27.85634118,0.507465243,0.362632185,0.556678832,0.512884438,0.471295714,0.285214946,0.195219755,0.227669492,0.185275967,0.34004222
p02,575609.718,1.968,STILL,49,59,-2.680613169,-7.017599558,-24.08139155,-165.6286322,-11.40428543,-27.69261874,0.506610096,0.362898141,0.55565387,0.512858868,0.471029729,0.285405472,0.195003629,0.227453396,0.182460024,0.340696911
p02,575609.75,2,STILL,49,60,-2.745464395,-6.723814558,-23.80574079,-165.6934835,-11.11050043,-27.41696798,0.505481601,0.363327324,0.554275274,0.513656139,0.470332175,0.285690315,0.195617467,0.227965824,0.179684492,0.340564247
p02,575612.187,0,STILL,50,0,-1.530531456,-15.07153536,-8.051163093,-164.4785505,-19.45822124,-11.66239028,0.577703834,0.353964925,0.582630455,0.509825408,0.555070311,0.257560067,0.219834775,0.252265342,0.102956972,0.382156571
p02,575612.234,0.047,STILL,50,1,-1.51871992,-17.2886457,-8.795914365,-164.466739,-21.67533158,-12.40714155,0.578967631,0.353777677,0.583366871,0.509250045,0.55362314,0.257368103,0.21956867,0.251881942,0.11542854,0.382756991
p02,575612.265,0.078,STILL,50,2,-1.565723061,-18.00636655,-9.156982538,-164.5137421,-22.39305243,-12.76820973,0.578312039,0.353372216,0.583390057,0.508988261,0.552189216,0.256874815,0.219472587,0.252113447,0.11902545,0.382753887
p02,575612.296,0.109,STILL,50,3,-1.633238535,-18.60502859,-9.4876328,-164.5812576,-22.99171447,-13.09885999,0.577242851,0.353148788,0.582808495,0.508595228,0.550679237,0.256761089,0.218950331,0.251834139,0.12132256,0.382742783
p02,575612.328,0.141,STILL,50,4,-1.277353563,-18.9563864,-9.72972877,-164.2253726,-23.34307228,-13.34095596,0.57610321,0.353971124,0.581970155,0.508983731,0.549591601,0.257462755,0.219070554,0.251520976,0.12101859,0.383699086
p02,575612.359,0.172,STILL,50,5,-1.161328054,-18.75305845,-9.602687062,-164.1093471,-23.13974433,-13.21391425,0.572949827,0.355615497,0.5795753,0.511127889,0.548101559,0.25815028,0.219498694,0.25297761,0.113204625,0.385272109
p02,575612.39,0.203,STILL,50,6,-1.307482516,-19.00658976,-9.19581191,-164.2555016,-23.39327563,-12.8070391,0.569514573,0.35612756,0.577007234,0.513740003,0.547149941,0.258994542,0.220048994,0.254745461,0.101634781,0.381294401
p02,575612.421,0.234,STILL,50,7,-1.878307528,-19.79077614,-9.141382368,-164.8263266,-24.17746201,-12.75260956,0.567676961,0.355421185,0.575733662,0.515740335,0.545789629,0.258876666,0.220354348,0.256863669,0.099327889,0.37585899
p02,575612.453,0.266,STILL,50,8,-2.022337321,-19.82428043,-9.202625509,-164.9703564,-24.2109663,-12.8138527,0.565933347,0.355381012,0.575011313,0.516549408,0.544256464,0.258364558,0.220967114,0.25818485,0.098100042,0.375763542
p02,575612.5,0.313,STILL,50,9,-1.90069429,-18.84296701,-9.086876028,-164.8487134,-23.22965289,-12.69810322,0.563689053,0.355383039,0.573243797,0.516462743,0.542839274,0.258328639,0.221968919,0.258134104,0.093931075,0.375984412
p02,575612.515,0.328,STILL,50,10,-1.759408092,-16.2411612,-8.863075526,-164.7074272,-20.62784708,-12.47430272,0.562321961,0.355350286,0.57200712,0.51332438,0.541680068,0.258432955,0.222180218,0.254891425,0.09290608,0.380229861
p02,575612.593,0.406,STILL,50,11,-1.69393294,-15.60865559,-8.798899402,-164.641952,-19.99534146,-12.41012659,0.561644316,0.354883611,0.571027219,0.513032496,0.541109383,0.258680873,0.222362489,0.254351623,0.092348906,0.378227343
p02,575612.609,0.422,STILL,50,12,-1.424526677,-13.84853479,-8.742381729,-164.3725457,-18.23522066,-12.35360892,0.561477125,0.355870157,0.570889294,0.511209905,0.540514886,0.259021312,0.223000467,0.252188593,0.094000872,0.38403341
p02,575612.625,0.438,STILL,50,13,-0.808370526,-12.91556687,-8.841946378,-163.7563896,-17.30225274,-12.45317357,0.561587811,0.35679239,0.570719421,0.510922909,0.54008995,0.259142339,0.222975552,0.25178057,0.096413532,0.387837915
p02,575612.656,0.469,STILL,50,14,-0.460540165,-12.16584245,-9.02227627,-163.4085592,-16.55252833,-12.63350346,0.560943305,0.357712746,0.570585489,0.51115942,0.539053828,0.259824127,0.222708166,0.251335293,0.098287721,0.389474226
p02,575612.687,0.5,STILL,50,15,0.050097625,-11.02555164,-8.968294506,-162.8979214,-15.41223752,-12.5795217,0.56020999,0.359004408,0.570177794,0.511916876,0.538415045,0.260827564,0.223029673,0.251089312,0.097722176,0.391003677
p02,575612.718,0.531,STILL,50,16,0.199642756,-10.51498,-9.016953137,-162.7483763,-14.90166588,-12.62818033,0.559660912,0.360676229,0.569833577,0.512722611,0.537465721,0.261992224,0.222567797,0.250730388,0.099723278,0.39358614
p02,575612.765,0.578,STILL,50,17,0.29706483,-10.34823789,-9.13289432,-162.6509542,-14.73492376,-12.74412151,0.558976352,0.361945808,0.569681525,0.513584375,0.536675423,0.263193026,0.222188324,0.250391349,0.10036949,0.394393744
p02,575612.781,0.594,STILL,50,18,0.458446171,-9.821754974,-9.172616299,-162.4895729,-14.20844085,-12.78384349,0.558042049,0.362947971,0.569244504,0.514468789,0.536225095,0.264231801,0.222398847,0.250236988,0.098098323,0.39449072
p02,575612.828,0.641,STILL,50,19,0.504699319,-9.550162503,-9.197773981,-162.4433197,-13.93684838,-12.80900117,0.557542264,0.364273727,0.569246292,0.51551652,0.535756573,0.265115544,0.222427368,0.250400975,0.097945192,0.39599759
p02,575612.859,0.672,STILL,50,20,0.931859768,-9.511339724,-9.319743776,-162.0161593,-13.8980256,-12.93097097,0.557570994,0.365226954,0.569327176,0.515718997,0.535811827,0.265871838,0.222536087,0.249847159,0.097778152,0.397663583
p02,575612.89,0.703,STILL,50,21,1.020708378,-9.258447829,-9.470253837,-161.9273107,-13.64513371,-13.08148103,0.557447135,0.365781605,0.569635689,0.515847445,0.535424471,0.266167387,0.222795159,0.249680057,0.098847141,0.398967459
p02,575612.921,0.734,STILL,50,22,0.890199812,-9.174224208,-9.486738248,-162.0578192,-13.56091008,-13.09796544,0.557601452,0.366059661,0.569868803,0.516808391,0.535428688,0.266520061,0.222792059,0.25028833,0.099522236,0.397699726
p02,575612.953,0.766,STILL,50,23,0.802976549,-9.10940375,-9.488839037,-162.1450425,-13.49608963,-13.10006623,0.557888269,0.366571546,0.570272803,0.51711607,0.535765797,0.267030433,0.223168671,0.250085637,0.099128934,0.398028107
p02,575612.984,0.797,STILL,50,24,1.026317063,-8.492006573,-9.378075193,-161.921702,-12.87869245,-12.98930238,0.557804525,0.367460787,0.570378125,0.517713904,0.536072671,0.267374754,0.223495483,0.25033915,0.097236209,0.399801762
p02,575613.031,0.844,STILL,50,25,0.914495807,-8.59029611,-9.40801505,-162.0335233,-12.97698199,-13.01924224,0.558282852,0.368230402,0.57098937,0.519192636,0.536541566,0.268429309,0.223687708,0.250763327,0.097194817,0.39798919
p02,575613.046,0.859,STILL,50,26,1.0780833,-8.760488369,-9.447028272,-161.8699358,-13.14717425,-13.05825546,0.558879435,0.369051278,0.571390331,0.519769132,0.53710106,0.26907222,0.223838925,0.250696912,0.097294851,0.398804504
p02,575613.093,0.906,STILL,50,27,0.991787968,-8.427862482,-9.515614842,-161.9562311,-12.81454836,-13.12684203,0.559530616,0.370022953,0.572303057,0.521172523,0.53735283,0.27000992,0.223797858,0.251162603,0.099097399,0.398200334
p02,575613.125,0.938,STILL,50,28,1.5764865,-8.013905877,-9.741405401,-161.3715326,-12.40059175,-13.35263259,0.560801089,0.371721596,0.573467255,0.521870494,0.538005143,0.270914823,0.224291831,0.250955671,0.101635201,0.401691551
p02,575613.156,0.969,STILL,50,29,1.917243193,-8.365085701,-9.894275578,-161.0307759,-12.75177158,-13.50550277,0.562783182,0.372299105,0.574693441,0.522532463,0.5386623,0.270857349,0.224221885,0.251675114,0.107575949,0.403066296
p02,575613.187,1,STILL,50,30,2.042066501,-8.991210623,-9.842891473,-160.9059526,-13.3778965,-13.45411866,0.564582407,0.372425735,0.575844765,0.522695184,0.540330023,0.270626754,0.224034458,0.25206843,0.108252923,0.403854546
p02,575613.218,1.031,STILL,50,31,2.308822003,-9.372567471,-9.780649263,-160.6391971,-13.75925335,-13.39187645,0.565992057,0.372367263,0.576831877,0.52275449,0.542106465,0.270120561,0.224478364,0.252633929,0.106404877,0.404722762
p02,575613.25,1.063,STILL,50,32,2.469663179,-10.03193447,-9.798332536,-160.4783559,-14.41862034,-13.40955973,0.567857504,0.371762455,0.5777753,0.521477163,0.543774426,0.269411609,0.224315643,0.252065554,0.107362454,0.406048523
p02,575613.281,1.094,STILL,50,33,2.430731264,-10.60605404,-9.895972744,-160.5172878,-14.99273992,-13.50719993,0.569577277,0.370243698,0.578925371,0.520161748,0.544729531,0.268182516,0.223670423,0.251979232,0.111090888,0.405038072
p02,575613.328,1.141,STILL,50,34,2.657383225,-10.53392102,-9.957416648,-160.2906358,-14.9206069,-13.56864384,0.570539892,0.369591415,0.579684436,0.51900357,0.54554975,0.267301336,0.223639011,0.251702234,0.111743212,0.40639321
p02,575613.359,1.172,STILL,50,35,2.57799325,-10.86796483,-9.896704049,-160.3700258,-15.25465071,-13.50793124,0.57161516,0.368526191,0.580256402,0.518579543,0.546490312,0.267028473,0.223040074,0.251551069,0.112647236,0.40348752
p02,575613.39,1.203,STILL,50,36,2.422561761,-11.31691772,-9.850050855,-160.5254573,-15.70360359,-13.46127804,0.572306216,0.367897779,0.580676377,0.518478155,0.547435313,0.266933009,0.22272402,0.251545146,0.111666906,0.401378326
p02,575613.421,1.234,STILL,50,37,2.514029658,-11.2638404,-10.02897844,-160.4339894,-15.65052627,-13.64020563,0.573070407,0.368277073,0.581468284,0.518371165,0.547314763,0.267157882,0.222675145,0.251213282,0.115664655,0.402523264
p02,575613.453,1.266,STILL,50,38,2.468265905,-11.1242359,-10.02383068,-160.4797532,-15.51092178,-13.63505787,0.572926641,0.368522525,0.581810892,0.518171668,0.547673017,0.267624259,0.222396195,0.250547409,0.113552409,0.402711272
p02,575613.5,1.313,STILL,50,39,2.569837881,-11.20338403,-10.14600273,-160.3781812,-15.59006991,-13.75722992,0.573358178,0.368811607,0.582253337,0.518185019,0.547836974,0.267835647,0.22216785,0.250349373,0.114873524,0.403340178
p02,575613.531,1.344,STILL,50,40,2.477269496,-11.20215395,-10.121325,-160.4707496,-15.58883983,-13.73255219,0.573198795,0.368626148,0.582320631,0.518149614,0.548039734,0.267771184,0.221848965,0.25037843,0.113406258,0.402810111
p02,575613.546,1.359,STILL,50,41,2.624268164,-11.39768912,-10.2540773,-160.3237509,-15.784375,-13.86530449,0.573661327,0.368706197,0.582575977,0.517846525,0.548053309,0.267865278,0.221703827,0.249981247,0.11550553,0.403393934
p02,575613.593,1.406,STILL,50,42,2.654955777,-11.43466533,-10.1948422,-160.2930633,-15.8213512,-13.80606939,0.573654592,0.367830217,0.582315087,0.516700923,0.548385292,0.267328247,0.221723527,0.249372676,0.113967607,0.403019172
p02,575613.625,1.438,STILL,50,43,2.586385487,-11.46693067,-10.10822295,-160.3616336,-15.85361654,-13.71945014,0.57355684,0.366832733,0.582091749,0.515804708,0.548189312,0.266519807,0.221495032,0.249284901,0.114528655,0.402402735
p02,575613.656,1.469,STILL,50,44,2.598654827,-11.0534379,-9.82814674,-160.3493642,-15.44012377,-13.43937393,0.572602868,0.365873694,0.580974698,0.514626265,0.548161,0.265879735,0.221635938,0.248746529,0.110279354,0.401991374
p02,575613.687,1.5,STILL,50,45,2.955149504,-10.32267293,-9.656016516,-159.9928696,-14.70935881,-13.2672437,0.571772575,0.366379529,0.580441058,0.514213085,0.547984779,0.265883632,0.22156781,0.248329453,0.107361248,0.404687789
p02,575613.734,1.547,STILL,50,46,2.838629722,-9.571273308,-9.443345858,-160.1093893,-13.95795918,-13.05457305,0.570345879,0.366193742,0.579794407,0.513908625,0.547674373,0.265971199,0.22116977,0.247937426,0.102507254,0.404225149
p02,575613.75,1.563,STILL,50,47,2.979554567,-9.590634638,-9.485484349,-159.9684645,-13.97732051,-13.09671154,0.56997937,0.36631763,0.579411387,0.513774276,0.547354177,0.265932746,0.220927387,0.24784153,0.102410087,0.405036572
p02,575613.781,1.594,STILL,50,48,3.053404939,-9.875475458,-9.600574992,-159.8946141,-14.26216133,-13.21180218,0.569897175,0.366536796,0.579314649,0.513750851,0.547045842,0.266022816,0.220737666,0.247728035,0.103522582,0.405743257
p02,575613.828,1.641,STILL,50,49,3.128901219,-9.850491272,-9.668800845,-159.8191178,-14.23717715,-13.28002803,0.569902122,0.366680384,0.579375327,0.513454318,0.546927288,0.266381189,0.220498681,0.247073129,0.104194881,0.405949425
p02,575613.859,1.672,STILL,50,50,3.186743764,-10.31386859,-9.892801436,-159.7612753,-14.70055447,-13.50402862,0.57031399,0.367220104,0.579595447,0.513465643,0.546639174,0.26657474,0.219980717,0.246890903,0.107622233,0.407651162
p02,575613.89,1.703,STILL,50,51,3.214856284,-10.84472073,-9.951913834,-159.7331628,-15.2314066,-13.56314102,0.570670366,0.367218792,0.579474807,0.513519824,0.546755016,0.266557537,0.219400257,0.246962287,0.109003293,0.407597682
p02,575613.921,1.734,STILL,50,52,3.079477108,-10.98101817,-9.960708603,-159.868542,-15.36770405,-13.57193579,0.570748866,0.367079794,0.579640269,0.51349169,0.546852231,0.266819939,0.219428897,0.246671751,0.108903772,0.406450495
p02,575613.953,1.766,STILL,50,53,3.074803463,-11.30747835,-9.909115048,-159.8732156,-15.69416423,-13.52034224,0.57118535,0.366745234,0.579769552,0.513470948,0.547433674,0.26654987,0.219375074,0.246921077,0.108269712,0.4057789
p02,575613.984,1.797,STILL,50,54,2.952740972,-11.12902063,-9.846415026,-159.9952781,-15.51570651,-13.45764222,0.571311414,0.366274893,0.579735458,0.513142288,0.547572225,0.266329385,0.219145119,0.246812902,0.108326341,0.404944421
p02,575614.031,1.844,STILL,50,55,2.925252359,-11.56466059,-9.962596066,-160.0227667,-15.95134647,-13.57382326,0.571948111,0.36577639,0.579987407,0.512832761,0.547604442,0.266174972,0.218982011,0.246657789,0.111167439,0.403804065
p02,575614.062,1.875,STILL,50,56,2.791802635,-11.5584121,-9.916369479,-160.1562164,-15.94509798,-13.52759667,0.572042704,0.365423262,0.580135465,0.512624621,0.54771632,0.265989393,0.21877259,0.246635228,0.111194844,0.403161664
p02,575614.093,1.906,STILL,50,57,2.884942935,-11.63552621,-9.960418904,-160.0630761,-16.02221208,-13.57164609,0.572244465,0.365494013,0.580208778,0.512487113,0.547791734,0.266033374,0.218696415,0.24645374,0.111811302,0.403567173
p02,575614.125,1.938,STILL,50,58,2.820188636,-11.64993963,-9.960405592,-160.1278304,-16.0366255,-13.57163278,0.572072387,0.36550948,0.580174863,0.512414217,0.547616243,0.266095161,0.218650103,0.246319056,0.111850592,0.403599789
p02,575614.156,1.969,STILL,50,59,2.883377148,-11.75505409,-10.0015911,-160.0646419,-16.14173996,-13.61281829,0.571956098,0.365582019,0.579850078,0.512412071,0.547349632,0.266201161,0.218526125,0.24621091,0.112601943,0.403641163
p02,575614.187,2,STILL,50,60,2.787644453,-11.91947434,-10.02434886,-160.1603746,-16.30616021,-13.63557605,0.571645737,0.365727544,0.579900384,0.512812614,0.547208041,0.266408645,0.218345642,0.24640397,0.111922068,0.403073454
p02,575616.531,0,STILL,51,0,2.789031911,-10.776894,-4.603367438,-160.1589872,-15.16357987,-8.214594627,0.776574969,0.385275632,0.75863272,0.551627874,0.747586459,0.263533339,0.253461897,0.288094535,0.114370289,0.422577586
p02,575616.562,0.031,STILL,51,1,3.12978642,-10.649887,-4.724339713,-159.8182326,-15.03657287,-8.335566902,0.776797533,0.38432169,0.758860826,0.55081284,0.747732162,0.263198026,0.253645599,0.287614815,0.114590479,0.42113152
p02,575616.593,0.062,STILL,51,2,3.069690574,-10.28163112,-4.817632189,-159.8783285,-14.668317,-8.428859378,0.777179837,0.383558959,0.759736657,0.548826277,0.74710685,0.262464717,0.254163563,0.28636156,0.118321394,0.422871846
p02,575616.625,0.094,STILL,51,3,2.831186133,-10.05000847,-4.819156497,-160.1168329,-14.43669435,-8.430383687,0.77651155,0.381633997,0.760010242,0.547489524,0.74706322,0.261738643,0.25512141,0.285750881,0.115428691,0.419579998
p02,575616.656,0.125,STILL,51,4,2.687316114,-9.744333224,-4.6883662,-160.2607029,-14.1310191,-8.299593389,0.776118875,0.38067627,0.759991765,0.546691418,0.747235268,0.262086853,0.255048931,0.284604564,0.113247313,0.416681357
p02,575616.703,0.172,STILL,51,5,2.409552922,-9.537266969,-4.525283332,-160.5384661,-13.92395284,-8.136510521,0.776359141,0.380635619,0.760160923,0.546743989,0.747626096,0.26286155,0.255098224,0.283882439,0.112635221,0.414869161
p02,575616.734,0.203,STILL,51,6,2.231645684,-9.118236704,-4.393181836,-160.7163734,-13.50492258,-8.004409026,0.776089668,0.381520718,0.760317922,0.54796654,0.747671843,0.263967097,0.255641639,0.283999443,0.111162742,0.413922014
p02,575616.765,0.234,STILL,51,7,2.627068629,-9.024183621,-4.492464258,-160.3209504,-13.4108695,-8.103691447,0.776223481,0.383634508,0.760441601,0.548909724,0.747842491,0.265499994,0.255803645,0.28340973,0.110948341,0.416832949
p02,575616.796,0.265,STILL,51,8,2.615408701,-9.091947534,-4.558734585,-160.3326104,-13.47863341,-8.169961774,0.776253164,0.384915173,0.761052847,0.549898267,0.747840405,0.266585961,0.255360365,0.283312306,0.111265346,0.41766351
p02,575616.828,0.297,STILL,51,9,2.556860508,-8.962512715,-4.621969995,-160.3911586,-13.34919859,-8.233197185,0.776657581,0.385701567,0.76177907,0.55057621,0.747898757,0.267309889,0.255700111,0.283266321,0.112470909,0.417951832
p02,575616.859,0.328,STILL,51,10,2.472672271,-9.192886387,-4.80220643,-160.4753468,-13.57957226,-8.413433619,0.777480304,0.385673881,0.762754321,0.551143706,0.747829914,0.267101273,0.255815864,0.284042433,0.115905205,0.41744681
p02,575616.89,0.359,STILL,51,11,2.090800124,-9.700546429,-4.702390079,-160.8572189,-14.0872323,-8.313617268,0.7779302,0.384594947,0.762817204,0.55311656,0.748007655,0.266149893,0.255331099,0.286966667,0.117191149,0.412748474
p02,575616.921,0.39,STILL,51,12,2.08303474,-10.44549609,-4.583971433,-160.8649843,-14.83218196,-8.195198622,0.778311014,0.385350138,0.761677742,0.557491481,0.748106122,0.265266985,0.254575789,0.292224497,0.118647937,0.410927744
p02,575616.953,0.422,STILL,51,13,2.113811238,-11.08497395,-4.680591673,-160.8342078,-15.47165983,-8.291818863,0.778703868,0.385882437,0.761418641,0.55803591,0.748219788,0.264985755,0.254497111,0.293050155,0.119781636,0.412546044
p02,575616.984,0.453,STILL,51,14,2.15075822,-11.73824595,-4.579349661,-160.7972608,-16.12493182,-8.19057685,0.778113961,0.38650316,0.759609342,0.558704853,0.748371363,0.265130982,0.253824592,0.293573871,0.117177766,0.41342977
p02,575617.015,0.484,STILL,51,15,2.093940294,-12.86538027,-4.812425883,-160.8540788,-17.25206615,-8.423653072,0.778617203,0.387647808,0.758913875,0.558965325,0.748600394,0.265510589,0.253204048,0.293454736,0.118547906,0.416204626
p02,575617.046,0.515,STILL,51,16,1.875884762,-13.04766027,-4.974732557,-161.0721343,-17.43434614,-8.585959747,0.778819919,0.387748003,0.758770645,0.558941364,0.748451799,0.265938133,0.253721297,0.293003231,0.119690857,0.41572876
p02,575617.093,0.562,STILL,51,17,1.293087083,-13.18599322,-4.958907828,-161.654932,-17.5726791,-8.570135018,0.779314339,0.386935115,0.759047747,0.558721721,0.748187095,0.265786484,0.254814684,0.292935237,0.122156399,0.413567968
p02,575617.125,0.594,STILL,51,18,1.097261192,-12.73283999,-4.914783178,-161.8507579,-17.11952586,-8.526010368,0.779607415,0.385332376,0.759987533,0.555086493,0.748273581,0.265570894,0.255667508,0.2895156,0.122556966,0.413661585
p02,575617.156,0.625,STILL,51,19,1.532057702,-12.38248081,-4.937312901,-161.4159614,-16.76916668,-8.54854009,0.779188812,0.385423511,0.758836806,0.554324508,0.748021126,0.26542221,0.255576074,0.288902298,0.121950719,0.41536984
p02,575617.187,0.656,STILL,51,20,1.883194745,-11.54891206,-4.881533655,-161.0648243,-15.93559793,-8.492760844,0.77826041,0.385692,0.758813858,0.552938521,0.747978777,0.264984965,0.255957901,0.287953556,0.118307085,0.41918925
p02,575617.218,0.687,STILL,51,21,2.000813628,-11.3082427,-4.892305671,-160.9472054,-15.69492858,-8.50353286,0.777533948,0.385169268,0.758903384,0.551806271,0.747927636,0.264540091,0.255598366,0.28726618,0.115831384,0.419921261
p02,575617.25,0.719,STILL,51,22,2.372567645,-10.67884069,-5.07842045,-160.5754514,-15.06552657,-8.68964764,0.776728392,0.385606915,0.759355545,0.550206065,0.747506738,0.264367849,0.256215513,0.285838217,0.114051072,0.424152752
p02,575617.296,0.765,STILL,51,23,2.404177779,-10.38898919,-5.237750115,-160.5438413,-14.77567506,-8.848977304,0.775292397,0.384916872,0.758696139,0.549392462,0.745983154,0.264368698,0.256513059,0.285023764,0.114260237,0.422940783
p02,575617.328,0.797,STILL,51,24,2.586630819,-10.58109895,-5.461270471,-160.3613882,-14.96778482,-9.07249766,0.773903191,0.384602904,0.757983863,0.548675478,0.744471669,0.264333382,0.255953431,0.284342095,0.1149878,0.422974734
p02,575617.359,0.828,STILL,51,25,2.675896841,-10.1976538,-5.538480261,-160.2721222,-14.58433968,-9.14970745,0.77115202,0.384957731,0.756353259,0.547099113,0.742052764,0.264575541,0.255419612,0.282523572,0.113927257,0.426096091
p02,575617.39,0.859,STILL,51,26,2.71558725,-9.343833837,-5.402976654,-160.2324318,-13.73051971,-9.014203844,0.767448783,0.384109259,0.753727317,0.546738029,0.739334166,0.26465936,0.254978955,0.282078668,0.110262499,0.423463069
p02,575617.437,0.906,STILL,51,27,3.172939267,-8.739132624,-5.350610435,-159.7750798,-13.1258185,-8.961837624,0.763726771,0.384676844,0.750788569,0.545726776,0.736289561,0.264576837,0.254879117,0.281149939,0.107647933,0.427174222
p02,575617.453,0.922,STILL,51,28,3.132570936,-8.378414983,-5.276659293,-159.8154481,-12.76510086,-8.887886483,0.760301888,0.384483635,0.747717738,0.5454368,0.733433336,0.264673322,0.254802704,0.280763477,0.105448457,0.426730407
p02,575617.5,0.969,STILL,51,29,3.200308661,-8.407160645,-5.302085567,-159.7477104,-12.79384652,-8.913312756,0.756791055,0.384262562,0.744712532,0.545198798,0.73054257,0.264818557,0.254130423,0.280380242,0.103287456,0.426007213
p02,575617.515,0.984,STILL,51,30,3.295385544,-8.635422833,-5.2576511,-159.6526335,-13.02210871,-8.868878289,0.753617048,0.384355187,0.742002428,0.545753181,0.728050232,0.264954239,0.254000127,0.280798942,0.100656707,0.425218655
p02,575617.562,1.031,STILL,51,31,3.330747984,-8.272062149,-5.180487762,-159.6172711,-12.65874803,-8.791714951,0.750459552,0.384761989,0.73917079,0.545142531,0.725183159,0.264892191,0.253855169,0.280250341,0.099570132,0.427724006
p02,575617.593,1.062,STILL,51,32,3.137756709,-8.043407644,-5.217614282,-159.8102624,-12.43009352,-8.828841471,0.748331487,0.384296954,0.737630427,0.545394123,0.723011583,0.26528199,0.253196836,0.280112132,0.100000871,0.424883287
p02,575617.625,1.094,STILL,51,33,2.922748902,-8.092133586,-5.233831758,-160.0252702,-12.47881946,-8.845058948,0.746376216,0.384181947,0.736195326,0.545362949,0.721280962,0.265197158,0.252660394,0.280165792,0.099324052,0.424694207
p02,575617.656,1.125,STILL,51,34,2.935021118,-8.360928619,-5.140376596,-160.0129979,-12.74761449,-8.751603786,0.745158672,0.3841618,0.734508932,0.545382261,0.72014457,0.265400842,0.252241254,0.279981419,0.099167373,0.424174428
p02,575617.703,1.172,STILL,51,35,2.937989509,-8.468964678,-4.945688239,-160.0100296,-12.85565055,-8.556915428,0.743974566,0.383804321,0.732943714,0.544666409,0.719263375,0.265268579,0.251956642,0.27939783,0.098077159,0.42425434
p02,575617.718,1.187,STILL,51,36,2.851926423,-8.31550167,-4.627787548,-160.0960926,-12.70218755,-8.239014737,0.742695928,0.38304323,0.731382549,0.544409871,0.719008476,0.265728757,0.251124322,0.278681114,0.094325599,0.420963125
p02,575617.75,1.219,STILL,51,37,1.990962938,-6.89613905,-4.130235618,-160.9570561,-11.28282493,-7.741462807,0.742696106,0.382036805,0.731150389,0.544758677,0.718315244,0.269917265,0.250254571,0.274841413,0.097424245,0.407942673
p02,575617.796,1.265,STILL,51,38,1.898562826,-6.52221199,-4.198742614,-161.0494562,-10.90889787,-7.809969804,0.742540479,0.382273465,0.731567323,0.544489264,0.717750698,0.271147206,0.249117553,0.273342058,0.099510372,0.406546507
p02,575617.828,1.297,STILL,51,39,2.382864342,-6.232051061,-4.495268153,-160.5651547,-10.61873694,-8.106495342,0.742296636,0.382496327,0.731681585,0.544232786,0.716889977,0.269751251,0.249390066,0.274481535,0.101875183,0.410756507
p02,575617.859,1.328,STILL,51,40,2.453778535,-6.031721813,-4.693426848,-160.4942405,-10.41840769,-8.304654037,0.741260707,0.383076966,0.731107891,0.544438124,0.715425253,0.269124195,0.249527574,0.275313929,0.103537473,0.413901219
p02,575617.89,1.359,STILL,51,41,2.593877582,-6.220872231,-4.973255469,-160.3541415,-10.60755811,-8.584482659,0.740699172,0.383491874,0.730679333,0.54471302,0.714372754,0.269120157,0.249182165,0.275592864,0.105651293,0.415002462
p02,575617.921,1.39,STILL,51,42,2.713606109,-6.395582936,-4.91598212,-160.234413,-10.78226881,-8.527209309,0.739692628,0.383823812,0.730111718,0.544066072,0.714463502,0.268274903,0.249309659,0.275791168,0.101195944,0.418972476
p02,575617.953,1.422,STILL,51,43,2.660128915,-6.945759988,-4.881894287,-160.2878901,-11.33244586,-8.493121476,0.738962173,0.384029001,0.729461491,0.543815494,0.714354306,0.267725676,0.249159575,0.276089817,0.098763481,0.421251772
p02,575617.984,1.453,STILL,51,44,2.930879172,-7.090287233,-4.981840803,-160.0171399,-11.47697311,-8.593067992,0.738618374,0.383707106,0.729038298,0.543298125,0.714255869,0.267488092,0.249140322,0.275810033,0.097786277,0.421373409
p02,575618.015,1.484,STILL,51,45,2.825935914,-7.319537879,-4.924874139,-160.1220831,-11.70622376,-8.536101329,0.738428593,0.38316828,0.728800237,0.542899847,0.714293748,0.267316356,0.248401284,0.275583491,0.097160708,0.420387751
p02,575618.046,1.515,STILL,51,46,2.881849136,-7.513890621,-5.161481916,-160.0661699,-11.9005765,-8.772709105,0.738467634,0.38276875,0.728929639,0.542742074,0.713730127,0.266659558,0.248704374,0.276082516,0.099465509,0.420559745
p02,575618.093,1.562,STILL,51,47,2.827507791,-7.366027631,-5.041076493,-160.1205113,-11.75271351,-8.652303683,0.737478077,0.38275525,0.728310406,0.542824864,0.713456362,0.266759411,0.248203933,0.276065454,0.096782169,0.420175135
p02,575618.125,1.594,STILL,51,48,3.103571666,-7.365159327,-5.023517453,-159.8444474,-11.7518452,-8.634744642,0.736854255,0.383298874,0.727700353,0.542561054,0.713370651,0.266753048,0.248209238,0.275808007,0.094612128,0.422561432
p02,575618.156,1.625,STILL,51,49,3.287216015,-7.412171681,-5.071600323,-159.660803,-11.79885756,-8.682827513,0.736302912,0.383854806,0.727311254,0.5424968,0.713090152,0.266923249,0.247727871,0.275573552,0.093702661,0.424320683
p02,575618.187,1.656,STILL,51,50,3.358741841,-7.577264015,-5.110072805,-159.5892772,-11.96394989,-8.721299994,0.735961735,0.384101391,0.726771653,0.542682409,0.712530226,0.267227694,0.247538626,0.275454715,0.094657994,0.424293687
p02,575618.218,1.687,STILL,51,51,3.444607582,-7.510880654,-5.196472999,-159.5034115,-11.89756653,-8.807700188,0.735465407,0.384063989,0.726480424,0.541865706,0.711885482,0.267097652,0.247258484,0.274768054,0.095365485,0.425691179
p02,575618.25,1.719,STILL,51,52,3.179005879,-7.70660639,-5.099514106,-159.7690132,-12.09329227,-8.710741295,0.734886348,0.383447289,0.726062357,0.542086005,0.711595654,0.267201483,0.246851981,0.274884522,0.094350848,0.422889602
p02,575618.296,1.765,STILL,51,53,3.308926307,-7.648311235,-5.187428007,-159.6390928,-12.03499711,-8.798655196,0.73480922,0.383506507,0.726183653,0.541420579,0.711216301,0.267082751,0.246702373,0.274337828,0.095633126,0.424380978
p02,575618.312,1.781,STILL,51,54,3.163808234,-7.385665303,-5.129928613,-159.7842108,-11.77235118,-8.741155802,0.734349191,0.382922977,0.725819886,0.541492701,0.710843921,0.267356992,0.246370137,0.274135709,0.09540633,0.421564874
p02,575618.359,1.828,STILL,51,55,3.222559555,-7.651443209,-5.25397527,-159.7254595,-12.03812908,-8.86520246,0.734502614,0.382606059,0.725858152,0.540872991,0.710640311,0.26719898,0.246058404,0.273674011,0.096978205,0.421695429
p02,575618.39,1.859,STILL,51,56,3.121484386,-7.713601288,-5.21932751,-159.8265347,-12.10028716,-8.830554699,0.734376311,0.382233948,0.725619555,0.540751338,0.710457444,0.267065555,0.246052384,0.273685783,0.097210467,0.420805171
p02,575618.421,1.89,STILL,51,57,3.122172132,-7.774237308,-5.274749138,-159.8258469,-12.16092318,-8.885976328,0.734553874,0.381991655,0.725820899,0.540758908,0.71033138,0.267070308,0.246224821,0.273688599,0.098375514,0.419898185
p02,575618.453,1.922,STILL,51,58,3.269185575,-7.880515346,-5.377950937,-159.6788335,-12.26720122,-8.989178127,0.735063255,0.381728023,0.725949347,0.540714324,0.710439175,0.267083272,0.24587667,0.273631051,0.100148092,0.418975663
p02,575618.5,1.969,STILL,51,59,3.344323858,-8.171674375,-5.465655061,-159.6036952,-12.55836025,-9.07688225,0.735724032,0.381330729,0.726169229,0.54074049,0.710748553,0.266857073,0.245868146,0.273883417,0.101580782,0.417964903
p02,575618.515,1.984,STILL,51,60,3.270988565,-8.44337909,-5.51626044,-159.6770305,-12.83006497,-9.127487629,0.735797405,0.381378293,0.726105809,0.540954053,0.710722566,0.266771525,0.245718837,0.274182528,0.102046876,0.417994424
p02,575618.546,2.015,STILL,51,61,3.282864791,-8.450234116,-5.658044981,-159.6651543,-12.83691999,-9.26927217,0.735408187,0.381665617,0.726068974,0.54126507,0.71001035,0.266418785,0.245927274,0.274846286,0.103273772,0.419313771
p02,575621.656,0,STILL,52,0,-12.02700024,-20.61634248,5.257593278,-174.9750193,-25.00302836,1.646366088,0.557032228,0.323403478,0.539352894,0.464529335,0.539678723,0.259986579,0.180621415,0.204542756,0.096076674,0.310042259
p02,575621.687,0.031,STILL,52,1,-11.66755879,-21.23743793,5.228006407,-174.6155779,-25.62412381,1.616779218,0.560010612,0.324347168,0.542183518,0.463255525,0.543042555,0.261528045,0.178165138,0.20172748,0.095237805,0.31140588
p02,575621.718,0.062,STILL,52,2,-11.51221936,-21.1559131,5.355018324,-174.4602384,-25.54259897,1.743791135,0.563073874,0.325300246,0.545038819,0.462996244,0.546565711,0.263014898,0.17596072,0.199981347,0.093817314,0.311455792
p02,575621.765,0.109,STILL,52,3,-10.97945635,-21.20826506,5.191334877,-173.9274754,-25.59495094,1.580107688,0.565905809,0.32737577,0.547966659,0.463443488,0.549603119,0.264887512,0.174088418,0.198555976,0.093646034,0.314713559
p02,575621.781,0.125,STILL,52,4,-10.47945614,-21.43976885,4.84672645,-173.4274752,-25.82645473,1.235499261,0.568913877,0.329573959,0.551460862,0.46385932,0.552585661,0.267107353,0.172533989,0.196751967,0.094637675,0.317489108
p02,575621.828,0.172,STILL,52,5,-9.822350899,-20.39883168,4.439720412,-172.77037,-24.78551755,0.828493223,0.571250021,0.331986636,0.55453676,0.464948833,0.555790931,0.269830287,0.170994818,0.195118546,0.090406777,0.318556849
p02,575621.859,0.203,STILL,52,6,-9.194582799,-19.88798965,3.877285966,-172.1426019,-24.27467552,0.266058777,0.573910058,0.334359765,0.558677316,0.465961397,0.559171379,0.272757888,0.17015028,0.193203509,0.086621538,0.318844505
p02,575621.89,0.234,STILL,52,7,-7.96983819,-19.46620559,3.250939875,-170.9178573,-23.85289147,-0.360287314,0.576867819,0.338817,0.562107086,0.467703253,0.562467337,0.276413083,0.168780267,0.19129017,0.085320887,0.326226472
p02,575621.921,0.265,STILL,52,8,-7.084087397,-18.33958126,2.935240759,-170.0321065,-22.72626714,-0.67598643,0.579256535,0.342572987,0.565080762,0.470617354,0.565835983,0.279992849,0.168109,0.190624505,0.079832442,0.328290103
p02,575621.953,0.297,STILL,52,9,-5.930354437,-18.21249452,2.520091666,-168.8783735,-22.5991804,-1.091135523,0.582371533,0.347045511,0.568469763,0.472177416,0.569417089,0.28303273,0.167067766,0.189144686,0.077540054,0.33843288
p02,575621.984,0.328,STILL,52,10,-5.145991769,-17.0132711,2.383167666,-168.0940108,-21.39995698,-1.228059524,0.585337877,0.351089537,0.572158456,0.473612547,0.572936743,0.285927519,0.165701509,0.187685028,0.074840198,0.347188152
p02,575622.031,0.375,STILL,52,11,-5.103056969,-16.52948096,2.507354198,-168.051076,-20.91616683,-1.103872991,0.588815272,0.353647679,0.575679362,0.475396574,0.576421767,0.288595393,0.164912045,0.18680118,0.075152208,0.348243441
p02,575622.046,0.39,STILL,52,12,-5.357194607,-15.47632377,3.173704499,-168.3052137,-19.86300965,-0.43752269,0.591022313,0.355761796,0.577934146,0.476130724,0.579886973,0.291071862,0.163203478,0.185058862,0.068229794,0.349564098
p02,575622.093,0.437,STILL,52,13,-5.526813329,-14.17076897,3.517156165,-168.4748324,-18.55745485,-0.094071025,0.594462454,0.357221782,0.581020474,0.475845337,0.582874864,0.293029636,0.162138969,0.182815701,0.071467027,0.351130378
p02,575622.125,0.469,STILL,52,14,-6.014371718,-13.3883946,4.242770471,-168.9623908,-17.77508047,0.631543282,0.597621441,0.357094616,0.583128631,0.475376964,0.586325496,0.293739319,0.161190182,0.181637645,0.070078365,0.348800475
p02,575622.156,0.5,STILL,52,15,-6.50166251,-12.2102553,4.97478713,-169.4496816,-16.59694117,1.363559941,0.599941373,0.35615328,0.585434079,0.474667549,0.590109289,0.294109151,0.160139859,0.180558398,0.061396858,0.343623611
p02,575622.187,0.531,STILL,52,16,-6.443214468,-12.63978106,5.169423166,-169.3912335,-17.02646693,1.558195977,0.603798509,0.35619399,0.588393271,0.473916471,0.593401343,0.29437165,0.159982145,0.179544821,0.06498954,0.344328171
p02,575622.218,0.562,STILL,52,17,-7.697760667,-12.27207015,6.012573479,-170.6457797,-16.65875602,2.40134629,0.605686247,0.354358435,0.589928031,0.472852647,0.596132457,0.294348374,0.159531832,0.178504273,0.059886419,0.336182768
p02,575622.25,0.594,STILL,52,18,-7.666376843,-11.64990879,6.647582599,-170.6143959,-16.03659466,3.03635541,0.607484281,0.353290588,0.591036737,0.472326696,0.599010438,0.294166654,0.159133255,0.178160042,0.053249984,0.331858551
p02,575622.296,0.64,STILL,52,19,-8.061920263,-10.63910011,7.120778806,-171.0099393,-15.02578599,3.509551617,0.608196199,0.352398932,0.59199506,0.470919877,0.600757122,0.294128358,0.159989655,0.176791519,0.046497237,0.329600503
p02,575622.328,0.672,STILL,52,20,-7.908835537,-9.853222004,7.283200932,-170.8568546,-14.23990788,3.671973742,0.609289765,0.352284253,0.593226492,0.47033143,0.602164477,0.294009164,0.160204709,0.176322266,0.044476147,0.330503287
p02,575622.359,0.703,STILL,52,21,-8.187249194,-10.10098777,7.472702102,-171.1352683,-14.48767365,3.861474913,0.610807419,0.351843894,0.594244361,0.469697475,0.603283167,0.293517843,0.160543919,0.176179633,0.04686725,0.331060122
p02,575622.39,0.734,STILL,52,22,-8.728710024,-10.16153151,7.529364707,-171.6767291,-14.54821738,3.918137518,0.611935914,0.351377189,0.595327377,0.469439507,0.604000092,0.29323341,0.16079098,0.176206097,0.049354896,0.329975981
p02,575622.421,0.765,STILL,52,23,-8.415977943,-10.46192849,7.498232142,-171.363997,-14.84861437,3.887004952,0.612951756,0.351601154,0.595986366,0.469714344,0.604892612,0.292863473,0.160979092,0.17685087,0.050063297,0.332131135
p02,575622.453,0.797,STILL,52,24,-8.072375538,-10.7758409,7.518902839,-171.0203946,-15.16252678,3.90767565,0.614386618,0.352445543,0.596837521,0.470192105,0.605962783,0.292793497,0.161572695,0.177398607,0.052136501,0.336259942
p02,575622.5,0.844,STILL,52,25,-6.969943006,-11.4868528,7.34272664,-169.9179621,-15.87353867,3.73149945,0.615378082,0.353783131,0.59726721,0.471371472,0.6067774,0.29250823,0.162472963,0.178863242,0.052936081,0.342579617
p02,575622.515,0.859,STILL,52,26,-6.36029248,-12.19961134,7.045545604,-169.3083115,-16.58629722,3.434318415,0.616095364,0.35452345,0.597941816,0.472553968,0.607341826,0.291634381,0.163681149,0.180919588,0.053479207,0.347607852
p02,575622.562,0.906,STILL,52,27,-5.654869699,-12.64049034,6.776009713,-168.6028888,-17.02717621,3.164782523,0.617187798,0.355065256,0.59858954,0.473873317,0.607939333,0.290366501,0.165050507,0.183506817,0.056034153,0.352568678
p02,575622.593,0.937,STILL,52,28,-4.739108056,-11.6973023,6.277227,-167.6871271,-16.08398817,2.665999811,0.617352307,0.355277121,0.599591553,0.47465381,0.608205438,0.288364306,0.166310012,0.186289504,0.054998909,0.359187251
p02,575622.625,0.969,STILL,52,29,-3.804199422,-11.8757746,5.807930122,-166.7522185,-16.26246047,2.196702932,0.618226111,0.35320121,0.600172937,0.474393994,0.609280586,0.284524113,0.168834329,0.189869881,0.052984039,0.361706118
p02,575622.656,1,STILL,52,30,-2.503224911,-12.93490469,5.317988516,-165.451244,-17.32159057,1.706761327,0.619398296,0.352392256,0.600901425,0.473923028,0.610384613,0.281321198,0.17159003,0.19260183,0.05253034,0.369005105
p02,575622.687,1.031,STILL,52,31,-1.483003875,-13.32581457,4.767101144,-164.4310229,-17.71250045,1.155873954,0.620718181,0.351684153,0.601777196,0.473840266,0.610999435,0.277883932,0.174246967,0.195956334,0.055775697,0.376615644
p02,575622.718,1.062,STILL,52,32,-1.017307485,-13.54237908,4.427234432,-163.9653265,-17.92906495,0.816007242,0.62171489,0.349118412,0.602757394,0.472355902,0.611887932,0.273702309,0.176250398,0.198653594,0.055755665,0.379636238
p02,575622.765,1.109,STILL,52,33,-0.326563816,-13.92510635,4.392326846,-163.2745829,-18.31179223,0.781099656,0.622588873,0.346263587,0.603104949,0.471209824,0.61346817,0.269361168,0.179090142,0.201848656,0.050928,0.380990495
p02,575622.796,1.14,STILL,52,34,0.57162127,-14.07945599,4.304241953,-162.3763978,-18.46614187,0.693014764,0.623654723,0.344532222,0.60334605,0.470338613,0.614602178,0.265197158,0.181958139,0.205141455,0.0497507,0.386733455
p02,575622.828,1.172,STILL,52,35,1.163118967,-14.01398651,4.092061773,-161.7849001,-18.40067238,0.480834584,0.625077724,0.342669815,0.604207754,0.469353884,0.615474045,0.261391804,0.184662819,0.207962081,0.052006567,0.390830919
p02,575622.859,1.203,STILL,52,36,1.788787649,-14.68931337,3.810403449,-161.1592314,-19.07599925,0.199176259,0.626407862,0.341794521,0.604924321,0.469257712,0.61641264,0.257477209,0.18766886,0.211780503,0.053259886,0.398135382
p02,575622.89,1.234,STILL,52,37,2.206641061,-13.90436048,3.86154174,-160.741378,-18.29104636,0.250314551,0.627082229,0.340683013,0.605538428,0.469564289,0.617655933,0.255355127,0.190472722,0.214209162,0.049488954,0.398339106
p02,575622.921,1.265,STILL,52,38,2.298617098,-13.31295936,3.775959541,-160.649402,-17.69964524,0.164732351,0.628389597,0.340360582,0.606561363,0.470395744,0.618360341,0.253920928,0.192912519,0.216474816,0.051988624,0.399305821
p02,575622.953,1.297,STILL,52,39,2.281193387,-14.1476794,3.75900368,-160.6668257,-18.53436527,0.147776491,0.63043952,0.34163487,0.607586503,0.473634124,0.619891196,0.253455669,0.194981515,0.220178455,0.054099094,0.400489688
p02,575622.984,1.328,STILL,52,40,2.772771987,-14.01850715,3.76400498,-160.1752471,-18.40519303,0.152777791,0.631151438,0.344147921,0.607962549,0.476251602,0.620927691,0.253251448,0.196995974,0.223000154,0.05189825,0.407607218
p02,575623.015,1.359,STILL,52,41,3.285504927,-14.27729691,3.774803926,-159.6625141,-18.66398278,0.163576736,0.632791102,0.346063554,0.608698249,0.47857824,0.622359216,0.252763964,0.198726058,0.225814275,0.052493799,0.413169583
p02,575623.062,1.406,STILL,52,42,4.010941085,-14.47857147,3.842207392,-158.937078,-18.86525735,0.230980203,0.63356334,0.347660601,0.608815968,0.479817152,0.623641104,0.251860976,0.201075733,0.227956176,0.049345767,0.420254571
p02,575623.109,1.453,STILL,52,43,4.606649322,-14.75299311,3.884724524,-158.3413697,-19.13967898,0.273497335,0.634468496,0.348473459,0.608883798,0.480782449,0.624890506,0.250569604,0.202850521,0.230212845,0.047216983,0.42527538
p02,575623.125,1.469,STILL,52,44,4.993601446,-15.31320659,3.728435429,-157.9544176,-19.69989247,0.11720824,0.635456502,0.348823518,0.609170496,0.481856763,0.625680953,0.248889148,0.204888403,0.232967615,0.047711579,0.428962495
p02,575623.156,1.5,STILL,52,45,5.20764716,-15.30577424,3.751659287,-157.7403719,-19.69246012,0.140432097,0.635924041,0.34812969,0.608904123,0.482048839,0.626039147,0.246891059,0.207323283,0.23515778,0.047678648,0.430513635
p02,575623.187,1.531,STILL,52,46,5.495255078,-15.83463679,3.631935285,-157.452764,-20.22132266,0.020708096,0.636243463,0.347761154,0.608374,0.48251152,0.625746787,0.244299099,0.209715813,0.238212422,0.050051905,0.43432687
p02,575623.218,1.562,STILL,52,47,5.785206996,-16.19981169,3.679923971,-157.1628121,-20.58649756,0.068696782,0.63565588,0.347892135,0.607005358,0.48360014,0.625415921,0.242781371,0.211782992,0.240818769,0.048351186,0.436472477
p02,575623.25,1.594,STILL,52,48,6.323731591,-15.87424273,3.847743042,-156.6242875,-20.2609286,0.236515852,0.634278536,0.348891765,0.605194628,0.484883577,0.624621034,0.241244555,0.214600474,0.243639022,0.045002241,0.441830744
p02,575623.296,1.64,STILL,52,49,7.026235563,-15.56610164,3.799288829,-155.9217835,-19.95278752,0.18806164,0.632353842,0.349714041,0.603480697,0.486314118,0.623744279,0.240244605,0.216744304,0.246069513,0.039722212,0.444871998
p02,575623.328,1.672,STILL,52,50,7.166935625,-15.19749935,3.687230151,-155.7810834,-19.58418522,0.076002962,0.630996883,0.349837214,0.602609992,0.487254679,0.622448713,0.238688223,0.219245642,0.248566456,0.038989009,0.447160057
p02,575623.359,1.703,STILL,52,51,7.126118451,-14.84961971,3.541408657,-155.8219006,-19.23630559,-0.069818532,0.629992485,0.349248528,0.602495372,0.488241047,0.621572793,0.236521184,0.2213929,0.251719862,0.038030544,0.447828562
p02,575623.39,1.734,STILL,52,52,7.181511098,-14.60464846,3.414688867,-155.766508,-18.99133434,-0.196538322,0.629067719,0.347524226,0.602050543,0.487709761,0.621112108,0.234066002,0.223592252,0.253643759,0.035580888,0.447313288
p02,575623.421,1.765,STILL,52,53,7.140480811,-14.77794876,3.124048597,-155.8075383,-19.16463463,-0.487178593,0.629745841,0.344589055,0.602547944,0.486560076,0.620806813,0.230147704,0.225509703,0.256412372,0.039639216,0.446317583
p02,575623.453,1.797,STILL,52,54,6.959384981,-14.46319905,3.092295502,-155.9886341,-18.84988493,-0.518931688,0.630594015,0.340616196,0.603579462,0.485555828,0.621515423,0.225866936,0.228605598,0.259688891,0.039712904,0.44187204
p02,575623.5,1.844,STILL,52,55,7.23827309,-15.09003664,2.590904773,-155.709746,-19.47672252,-1.020322417,0.632953644,0.336009681,0.605039716,0.483953774,0.623011261,0.221217424,0.231199414,0.26273635,0.043003494,0.436910452
p02,575623.515,1.859,STILL,52,56,6.994076313,-14.45449898,2.442306527,-155.9539427,-18.84118485,-1.168920663,0.635373056,0.330930352,0.60788852,0.48194766,0.625027806,0.216271095,0.233862281,0.265676565,0.044236507,0.431574599
p02,575623.562,1.906,STILL,52,57,6.652530382,-14.10315694,2.361114777,-156.2954887,-18.48984281,-1.250112412,0.638081312,0.326446176,0.610931814,0.480602324,0.627330512,0.211073391,0.23693648,0.269528933,0.045374188,0.428053431
p02,575623.593,1.937,STILL,52,58,6.218986177,-13.85640425,2.022692168,-156.7290329,-18.24309013,-1.588535021,0.642702103,0.321511745,0.615217447,0.4790425,0.630320042,0.205627911,0.240796059,0.273414589,0.051421358,0.42383925
p02,575623.625,1.969,STILL,52,59,6.053525857,-13.81260781,1.916607593,-156.8944932,-18.19929369,-1.694619596,0.647493601,0.316432923,0.619818866,0.477730304,0.634613693,0.19974108,0.244132161,0.277989224,0.052757933,0.419771102
p02,575623.656,2,STILL,52,60,6.120626961,-13.49674333,1.722832328,-156.8273921,-17.88342921,-1.888394861,0.652812064,0.31232807,0.624648273,0.47616902,0.63885662,0.19400169,0.247918457,0.28216733,0.05629046,0.419348266
p02,575625.593,0,STILL,53,0,3.817791287,-5.081783425,-1.738285778,-159.1302278,-9.468469301,-5.349512967,0.837257326,0.347779691,0.809575558,0.537792206,0.810743123,0.210605904,0.298505604,0.327186301,0.088823131,0.419252842
p02,575625.625,0.032,STILL,53,1,4.015257199,-5.092358609,-2.042450999,-158.9327619,-9.479044485,-5.653678188,0.840343118,0.350788206,0.813517988,0.538646042,0.813193887,0.212430641,0.299014568,0.326215401,0.090795677,0.424129469
p02,575625.656,0.063,STILL,53,2,3.847624258,-4.902509471,-1.777957325,-159.1003948,-9.289195347,-5.389184514,0.842573106,0.351778686,0.814889431,0.540522456,0.815638036,0.215354636,0.298565269,0.32516782,0.090215017,0.419549665
p02,575625.687,0.094,STILL,53,3,3.922153275,-4.853450799,-1.712054806,-159.0258658,-9.240136675,-5.323281996,0.843981802,0.354814112,0.816466391,0.542304993,0.817852348,0.218043119,0.297597408,0.324261874,0.087801351,0.421791781
p02,575625.734,0.141,STILL,53,4,4.087642037,-4.713285352,-1.576587773,-158.860377,-9.099971228,-5.187814962,0.845420301,0.358139724,0.817378581,0.543540418,0.819080681,0.220520332,0.296077251,0.323020086,0.088961986,0.426039733
p02,575625.765,0.172,STILL,53,5,4.221616878,-4.59606553,-1.67463851,-158.7264022,-8.982751406,-5.2858657,0.846240997,0.361593217,0.818729162,0.545093656,0.81953007,0.223385215,0.296680689,0.321708441,0.090032579,0.42960639
p02,575625.796,0.203,STILL,53,6,4.106815599,-4.266299189,-1.465531191,-158.8412035,-8.652985065,-5.076758381,0.846254945,0.363711178,0.818531513,0.546818137,0.819504887,0.226271503,0.295768797,0.320546634,0.090442461,0.428766553
p02,575625.828,0.235,STILL,53,7,4.132934669,-4.180970454,-1.340668715,-158.8150844,-8.56765633,-4.951895905,0.845694244,0.365474254,0.817605674,0.547508359,0.818755507,0.228595071,0.295408487,0.318913288,0.091191478,0.429205017
p02,575625.859,0.266,STILL,53,8,4.453115264,-3.852999175,-1.14182427,-158.4949038,-8.239685051,-4.75305146,0.843849778,0.367013752,0.816054404,0.547932208,0.818462312,0.231815159,0.295134425,0.316117048,0.086020009,0.427685232
p02,575625.89,0.297,STILL,53,9,5.382553252,-3.370925904,-1.053602892,-157.5654658,-7.75761178,-4.664830081,0.841559231,0.369120151,0.813378632,0.546776533,0.816856682,0.233553812,0.295511246,0.313222721,0.083592585,0.432811318
p02,575625.921,0.328,STILL,53,10,5.866759308,-2.528900196,-0.951285674,-157.0812598,-6.915586072,-4.562512863,0.836923659,0.369300187,0.809544563,0.54624033,0.813408643,0.233329304,0.294695318,0.312911026,0.079794331,0.434535289
p02,575625.968,0.375,STILL,53,11,6.757425718,-1.557896075,-0.603711968,-156.1905933,-5.944581951,-4.214939158,0.8313151,0.369410723,0.803641081,0.54404211,0.808737129,0.233566172,0.293004632,0.310475938,0.077056704,0.437536486
p02,575626,0.407,STILL,53,12,6.86478033,-0.891655455,-0.692409659,-156.0832387,-5.278341331,-4.303636848,0.821862996,0.368770093,0.796577334,0.5410344,0.800084025,0.231747329,0.291756511,0.309287071,0.074647763,0.443027777
p02,575626.031,0.438,STILL,53,13,7.188830619,-1.91515359,-1.118299649,-155.7591884,-6.301839466,-4.729526838,0.812970161,0.366899729,0.78789413,0.53895551,0.791115463,0.227280185,0.291216254,0.311675325,0.075046287,0.447964702
p02,575626.062,0.469,STILL,53,14,7.488299063,-2.741442931,-1.51013166,-155.45972,-7.128128807,-5.121358849,0.800796628,0.363436878,0.77770561,0.535791278,0.780859441,0.223411314,0.289887846,0.312379964,0.06877552,0.448253985
p02,575626.093,0.5,STILL,53,15,7.662833585,-2.54178853,-1.550652982,-155.2851855,-6.928474406,-5.161880172,0.784285367,0.361794651,0.764016867,0.531742334,0.766827971,0.221489616,0.287882805,0.310252719,0.060640634,0.45222822
p02,575626.125,0.532,STILL,53,16,7.345703339,-3.303200137,-2.074527189,-155.6023157,-7.689886013,-5.685754379,0.768540859,0.358823061,0.750711381,0.528516173,0.750266045,0.219110236,0.286814451,0.309405938,0.063716503,0.451551856
p02,575626.156,0.563,STILL,53,17,7.88282409,-3.374435243,-2.399453413,-155.065195,-7.761121119,-6.010680602,0.750321627,0.357391536,0.734790742,0.526353061,0.73352319,0.217604183,0.284628689,0.308748879,0.059018775,0.452754207
p02,575626.187,0.594,STILL,53,18,7.658636796,-2.714338266,-2.669370903,-155.2893823,-7.101024142,-6.280598092,0.731120288,0.355049878,0.719218493,0.522696257,0.714400977,0.216671973,0.281818032,0.306024283,0.059326621,0.452179492
p02,575626.234,0.641,STILL,53,19,7.166336982,-4.365332365,-3.020575514,-155.7816821,-8.752018241,-6.631802703,0.712475836,0.352891117,0.701731443,0.521585584,0.695686519,0.216776289,0.278755784,0.304809295,0.060229484,0.446557342
p02,575626.265,0.672,STILL,53,20,7.397192962,-4.806725377,-2.956690438,-155.5508261,-9.193411253,-6.567917627,0.69171077,0.353194922,0.682304561,0.520334959,0.676166743,0.2172065,0.275923073,0.303128459,0.05633464,0.448616479
p02,575626.296,0.703,STILL,53,21,7.413146744,-4.905534224,-2.910362397,-155.5348723,-9.2922201,-6.521589586,0.671425164,0.354043543,0.663332164,0.519952297,0.656369388,0.218321979,0.273292005,0.301630318,0.055090436,0.449959955
p02,575626.328,0.735,STILL,53,22,7.224847417,-5.561108513,-2.796706085,-155.7231716,-9.947794389,-6.407933274,0.65167129,0.35354206,0.644029975,0.519154131,0.637232602,0.219999306,0.271061391,0.299154826,0.053267227,0.446400133
p02,575626.359,0.766,STILL,53,23,7.525507354,-6.524833805,-2.867311482,-155.4225117,-10.91151968,-6.478538671,0.63203913,0.355567813,0.625400066,0.519184589,0.618303865,0.221743852,0.268850237,0.297440737,0.051088906,0.449918065
p02,575626.39,0.797,STILL,53,24,7.417520904,-6.826261119,-2.604663097,-155.5304982,-11.21294699,-6.215890286,0.612437665,0.357275307,0.606553555,0.520223081,0.600054979,0.224207558,0.265190005,0.296015523,0.046693638,0.449529633
p02,575626.421,0.828,STILL,53,25,7.412848123,-7.256304622,-2.426163369,-155.5351709,-11.6429905,-6.037390558,0.594175696,0.360357851,0.589345753,0.520737648,0.582326904,0.227234647,0.263338,0.293503001,0.044994617,0.453566756
p02,575626.453,0.86,STILL,53,26,7.926194794,-7.044165362,-1.975608033,-155.0218243,-11.43085124,-5.586835222,0.576904714,0.363014609,0.571934402,0.521313369,0.566683739,0.230559118,0.260854065,0.290754251,0.039182731,0.455558225
p02,575626.5,0.907,STILL,53,27,7.074609533,-6.458221588,-1.333922338,-155.8734095,-10.84490746,-4.945149528,0.560011089,0.364085793,0.556627035,0.522481799,0.552056193,0.233665541,0.258372188,0.288816258,0.030788513,0.451568251
p02,575626.531,0.938,STILL,53,28,6.705612405,-6.134381144,-0.993954176,-156.2424067,-10.52106702,-4.605181366,0.545085251,0.36624375,0.542247057,0.52309978,0.538171887,0.236915842,0.256896794,0.286183938,0.026911056,0.451904844
p02,575626.562,0.969,STILL,53,29,6.343999658,-7.085864078,-0.857705543,-156.6040194,-11.47254995,-4.468932732,0.532196522,0.367818892,0.529341221,0.524056315,0.525595546,0.239933848,0.255618453,0.284122467,0.02582355,0.450105354
p02,575626.593,1,STILL,53,30,6.299418785,-7.381887116,-0.71184225,-156.6486003,-11.76857299,-4.323069439,0.52057457,0.369354755,0.516957819,0.523465395,0.513820782,0.243105449,0.253493488,0.280359946,0.026642844,0.450311493
p02,575626.625,1.032,STILL,53,31,6.301555163,-5.992901276,-0.500394315,-156.6464639,-10.37958715,-4.111621505,0.50854224,0.371654361,0.506553769,0.523629963,0.502873629,0.246103853,0.252368122,0.27752611,0.022461673,0.452391699
p02,575626.656,1.063,STILL,53,32,6.223900128,-5.337911981,-0.395700819,-156.7241189,-9.724597857,-4.006928008,0.498047829,0.373930722,0.496938318,0.524570525,0.492857337,0.249037415,0.250714332,0.27553311,0.020702812,0.453278765
p02,575626.703,1.11,STILL,53,33,5.933671225,-4.53203453,-0.527895181,-157.0143478,-8.918720406,-4.139122371,0.488514245,0.376187027,0.488980472,0.525840521,0.482999623,0.25227581,0.249126971,0.273564711,0.022135788,0.452950296
p02,575626.718,1.125,STILL,53,34,5.83161373,-4.109901489,-0.825916539,-157.1164053,-8.496587365,-4.437143728,0.479626924,0.378761202,0.481637537,0.52719599,0.474029884,0.255459607,0.247255743,0.271736383,0.022636643,0.453754458
p02,575626.765,1.172,STILL,53,35,5.632927881,-5.486207438,-1.625576964,-157.3150912,-9.872893314,-5.236804154,0.472439677,0.380977809,0.475170285,0.52895391,0.465129033,0.258671589,0.24575305,0.270282321,0.029747927,0.452512839
p02,575626.796,1.203,STILL,53,36,5.508757346,-5.00483112,-1.804004318,-157.4392617,-9.391516996,-5.415231508,0.464804858,0.383422434,0.46892789,0.53067106,0.457585514,0.261603996,0.24498266,0.269067064,0.029468797,0.452743775
p02,575626.828,1.235,STILL,53,37,5.580438195,-4.170922229,-2.064906333,-157.3675809,-8.557608105,-5.676133522,0.457657814,0.386364877,0.463534862,0.532418549,0.450101212,0.264409438,0.244325548,0.268009111,0.030928417,0.45504214
p02,575626.859,1.266,STILL,53,38,5.122379073,-5.448766002,-2.632877698,-157.82564,-9.835451878,-6.244104887,0.452518225,0.387701482,0.459149331,0.534726143,0.443836167,0.266691417,0.243899375,0.268034726,0.035596882,0.451471594
p02,575626.906,1.313,STILL,53,39,4.813128575,-5.238551719,-2.903409859,-158.1348905,-9.625237595,-6.514637048,0.447738141,0.388815731,0.455411077,0.536042809,0.438663751,0.268005446,0.243942559,0.268037364,0.03719888,0.450721808
p02,575626.921,1.328,STILL,53,40,5.081342337,-6.603885312,-3.534412447,-157.8666767,-10.99057119,-7.145639636,0.44471547,0.389460504,0.452427596,0.536911786,0.433916569,0.268482178,0.244541645,0.268429607,0.044159764,0.450689203
p02,575626.968,1.375,STILL,53,41,4.713787162,-5.111855643,-3.370243767,-158.2342319,-9.498541519,-6.981470956,0.439906985,0.388893723,0.44905144,0.536236703,0.429800212,0.269084916,0.243237078,0.267151788,0.041551117,0.448467176
p02,575627,1.407,STILL,53,42,4.760393776,-4.45955436,-3.208625205,-158.1876253,-8.846240236,-6.819852394,0.436593324,0.388677806,0.446088314,0.536113381,0.427114606,0.268770263,0.242843628,0.267343119,0.039032188,0.448515539
p02,575627.031,1.438,STILL,53,43,4.693781255,-4.152488982,-3.14578981,-158.2542378,-8.539174858,-6.757017,0.434373528,0.388277501,0.444290161,0.535319328,0.42509982,0.268398434,0.242348641,0.266920894,0.038265978,0.449118332
p02,575627.062,1.469,STILL,53,44,4.354283537,-3.331401546,-2.902675776,-158.5937355,-7.718087422,-6.513902965,0.432411939,0.387620628,0.442435801,0.535373569,0.423616901,0.268168747,0.242129833,0.267204821,0.036323644,0.447042385
p02,575627.093,1.5,STILL,53,45,4.223524473,-2.379295036,-2.599864184,-158.7244946,-6.765980911,-6.211091373,0.431052268,0.38722834,0.441606253,0.534984052,0.423056766,0.267806008,0.241779923,0.267178044,0.033069334,0.446976592
p02,575627.125,1.532,STILL,53,46,4.419584374,-2.674822583,-2.763318038,-158.5284347,-7.061508459,-6.374545228,0.431065708,0.387664139,0.441460192,0.535122812,0.422590628,0.267655343,0.242087066,0.267467469,0.035008397,0.44868558
p02,575627.156,1.563,STILL,53,47,4.442139888,-2.912432193,-2.843546134,-158.5058792,-7.299118069,-6.454773323,0.431285471,0.387790143,0.441598713,0.535338581,0.422521695,0.267549768,0.242077053,0.267788813,0.03620242,0.449011944
p02,575627.203,1.61,STILL,53,48,4.565138505,-3.11864228,-2.863497963,-158.3828806,-7.505328155,-6.474725153,0.431896746,0.387981594,0.442121238,0.534892023,0.423228979,0.267636687,0.242272705,0.267255336,0.035776903,0.450299361
p02,575627.218,1.625,STILL,53,49,4.587455615,-3.199946129,-2.915371356,-158.3605634,-7.586632005,-6.526598546,0.433069944,0.388068914,0.442860156,0.535618365,0.423888072,0.267444864,0.242475092,0.268173501,0.037867279,0.449798545
p02,575627.25,1.657,STILL,53,50,4.634440736,-3.352566114,-2.824059447,-158.3135783,-7.73925199,-6.435286636,0.434084803,0.388272077,0.443882823,0.535384953,0.425227538,0.267505184,0.242850244,0.267879769,0.036472128,0.450824985
p02,575627.296,1.703,STILL,53,51,4.861560481,-2.890215714,-2.672272141,-158.0864586,-7.27690159,-6.28349933,0.435201854,0.388950676,0.444952846,0.535622358,0.426655054,0.267514691,0.243032396,0.268107668,0.035167326,0.452937382
p02,575627.328,1.735,STILL,53,52,4.890208725,-3.119256766,-2.613683865,-158.0578103,-7.505942642,-6.224911054,0.436479509,0.389460117,0.445942789,0.535696685,0.428069949,0.267910495,0.243105799,0.26778619,0.034592181,0.453905488
p02,575627.359,1.766,STILL,53,53,4.773504892,-3.076965637,-2.485755133,-158.1745142,-7.463651513,-6.096982322,0.437845856,0.389490843,0.446970403,0.536345482,0.429628044,0.267992571,0.243250787,0.268352911,0.033783289,0.452755558
p02,575627.39,1.797,STILL,53,54,4.768628196,-4.242140155,-2.606785503,-158.1793909,-8.628826031,-6.218012692,0.43952775,0.38967067,0.448082685,0.536735058,0.431090623,0.268335268,0.243471563,0.26839979,0.034653439,0.452069661
p02,575627.421,1.828,STILL,53,55,4.917323717,-4.447288581,-2.460326036,-158.0306953,-8.833974457,-6.071553225,0.441359401,0.390012711,0.449256599,0.537449837,0.43308638,0.268694833,0.243888468,0.268755004,0.033921327,0.451406957
p02,575627.453,1.86,STILL,53,56,4.839379392,-5.458185571,-2.6349695,-158.1086397,-9.844871447,-6.24619669,0.443456233,0.389957875,0.450821728,0.537346601,0.434415698,0.26895678,0.24406141,0.268389821,0.037042048,0.450840848
p02,575627.5,1.907,STILL,53,57,4.692255048,-5.887365111,-2.508340168,-158.255764,-10.27405099,-6.119567358,0.445173919,0.389734566,0.452045292,0.537511408,0.43635352,0.26946871,0.24442789,0.268042699,0.036085897,0.44868171
p02,575627.515,1.922,STILL,53,58,4.692040505,-5.774609595,-2.324723675,-158.2559786,-10.16129547,-5.935950865,0.446720988,0.389730155,0.452965647,0.538137197,0.437904209,0.271530405,0.243548632,0.266606793,0.036201306,0.443348609
p02,575627.562,1.969,STILL,53,59,5.132794287,-5.38277295,-2.05161697,-157.8152248,-9.769458826,-5.662844159,0.448282331,0.389904678,0.454134464,0.538046598,0.439608276,0.274109721,0.243854135,0.263936877,0.035570671,0.438722159
p02,575627.593,2,STILL,53,60,5.776536296,-5.937868381,-2.192972015,-157.1714828,-10.32455426,-5.804199204,0.450556844,0.390837073,0.455529183,0.538484275,0.440566763,0.27335757,0.244889081,0.265126705,0.040794311,0.443107016
p02,575629.734,0,STILL,54,0,-0.395293608,19.81440069,-31.78165439,-163.3433127,15.42771482,-35.39288158,0.275058895,0.468375266,0.361726701,0.580187559,0.238834329,0.372760788,0.181508511,0.207426772,0.199575029,0.46095534
p02,575629.765,0.031,STILL,54,1,-0.729712123,20.25638131,-32.00304285,-163.6777312,15.86969543,-35.61427004,0.276276141,0.467904687,0.363523632,0.579354525,0.240215316,0.372280866,0.180395856,0.207073659,0.1998983,0.461786504
p02,575629.796,0.062,STILL,54,2,-1.004941243,20.39201631,-32.12472048,-163.9529603,16.00533043,-35.73594767,0.278213888,0.466626346,0.365840286,0.579288542,0.241914921,0.37173155,0.180954814,0.207556993,0.200596862,0.457198745
p02,575629.828,0.094,STILL,54,3,-1.50605398,20.47419914,-32.07221805,-164.454073,16.08751326,-35.68344523,0.279854923,0.464956135,0.367417991,0.57854712,0.24424243,0.370688841,0.180648506,0.207858279,0.197136941,0.453517147
p02,575629.859,0.125,STILL,54,4,-1.452118355,20.62635959,-31.75450883,-164.4001374,16.23967372,-35.36573602,0.281622678,0.464885831,0.36889115,0.578325152,0.246703334,0.369594648,0.181258082,0.208730504,0.192649858,0.456527343
p02,575629.89,0.156,STILL,54,5,-1.283369173,20.48480673,-31.61442725,-164.2313882,16.09812086,-35.22565444,0.284073174,0.463559628,0.370647162,0.577400327,0.248835906,0.36841771,0.181823641,0.208982617,0.193799153,0.455262351
p02,575629.937,0.203,STILL,54,6,-1.431665749,20.40972482,-31.34305016,-164.3796848,16.02303895,-34.95427735,0.286094815,0.462870121,0.372278363,0.57748872,0.251450822,0.367508277,0.182198122,0.209980443,0.19014462,0.454146311
p02,575629.953,0.219,STILL,54,7,-1.241103954,19.68376744,-31.20432364,-164.189123,15.29708156,-34.81555083,0.288138598,0.461553335,0.373217702,0.57602191,0.253249794,0.366440952,0.182954669,0.209580958,0.190696439,0.453821685
p02,575630,0.266,STILL,54,8,-1.35226807,20.00828111,-30.94488645,-164.3002871,15.62159523,-34.55611364,0.289576322,0.461003959,0.374263585,0.575926423,0.255160213,0.365496412,0.182937458,0.210430011,0.188130466,0.45386847
p02,575630.031,0.297,STILL,54,9,-1.092306757,19.56405659,-30.66757045,-164.0403258,15.17737072,-34.27879764,0.291253477,0.460476458,0.375015765,0.575455368,0.25670892,0.364481628,0.18412593,0.21097374,0.187613756,0.45500843
p02,575630.062,0.328,STILL,54,10,-1.08132851,19.5347607,-30.54290114,-164.0293476,15.14807482,-34.15412833,0.292426139,0.460195601,0.376205921,0.575724542,0.257995464,0.363993645,0.184862643,0.211730897,0.186250043,0.454359555
p02,575630.093,0.359,STILL,54,11,-1.0689211,19.57065908,-30.34066659,-164.0169402,15.1839732,-33.95189378,0.293658763,0.459424615,0.376791298,0.575240612,0.25931409,0.363506243,0.185692161,0.211734369,0.184954889,0.453012766
p02,575630.125,0.391,STILL,54,12,-0.921208831,19.69470418,-29.97405316,-163.8692279,15.30801831,-33.58528035,0.295042336,0.459921271,0.377503276,0.575735211,0.260737047,0.362604603,0.186646163,0.213130608,0.183798524,0.456605779
p02,575630.156,0.422,STILL,54,13,-0.444719909,19.61302691,-29.94994046,-163.392739,15.22634103,-33.56116765,0.296565205,0.459774464,0.378586292,0.574825108,0.261641964,0.362232178,0.187057346,0.21259293,0.186698044,0.458821872
p02,575630.187,0.453,STILL,54,14,-0.481360237,19.45355901,-29.86891861,-163.4293793,15.06687313,-33.4801458,0.296984553,0.459706724,0.378962964,0.574859798,0.262330249,0.362051934,0.187536687,0.212807864,0.184786801,0.458887129
p02,575630.234,0.5,STILL,54,15,-0.606292331,19.46464417,-29.83108778,-163.5543114,15.0779583,-33.44231497,0.297920853,0.459782451,0.379440606,0.574991286,0.263285838,0.36178799,0.187389985,0.213203296,0.184828527,0.459629206
p02,575630.265,0.531,STILL,54,16,-0.708544798,19.69935471,-29.66574128,-163.6565639,15.31266884,-33.27696847,0.297570705,0.459479213,0.379537404,0.575344801,0.263655111,0.361552969,0.187828198,0.213791832,0.180567106,0.458044833
p02,575630.296,0.562,STILL,54,17,-0.889362421,19.87947559,-29.517108,-163.8373815,15.49278971,-33.12833519,0.297497511,0.459266812,0.379343957,0.575908899,0.263897799,0.361456215,0.188142568,0.214452684,0.178586443,0.456094064
p02,575630.328,0.594,STILL,54,18,-0.868728937,19.77216799,-29.21659991,-163.816748,15.38548211,-32.8278271,0.297116637,0.45916447,0.378585398,0.576446533,0.263918802,0.361039698,0.188722879,0.215406835,0.175907846,0.455532306
p02,575630.359,0.625,STILL,54,19,-0.808575421,18.98171218,-28.95762664,-163.7565945,14.59502631,-32.56885383,0.297330827,0.458651602,0.377338916,0.576187491,0.264128864,0.360907927,0.189727247,0.215279564,0.17499839,0.454031368
p02,575630.39,0.656,STILL,54,20,-0.851600003,19.32749223,-28.73798854,-163.7996191,14.94080636,-32.34921573,0.296674609,0.459086686,0.377099246,0.576824665,0.264112502,0.360670894,0.189827666,0.216153771,0.171535096,0.455304535
p02,575630.437,0.703,STILL,54,21,-0.926164046,19.46112606,-28.50349321,-163.8741831,15.07444019,-32.1147204,0.295962989,0.458903968,0.376171082,0.577183127,0.263902634,0.360539302,0.190445036,0.216643825,0.168344398,0.454038632
p02,575630.453,0.719,STILL,54,22,-1.215261876,19.92839248,-28.25884074,-164.1632809,15.54170661,-31.87006793,0.295280278,0.45862931,0.375468969,0.5775913,0.263988428,0.360238418,0.190983772,0.217352882,0.163845596,0.452678111
p02,575630.5,0.766,STILL,54,23,-1.142254559,19.85908526,-28.07684793,-164.0902736,15.47239939,-31.68807512,0.295183092,0.458984047,0.375175655,0.577702403,0.264302433,0.359907269,0.191323861,0.217795134,0.161405167,0.454908133
p02,575630.531,0.797,STILL,54,24,-0.949095003,19.65424857,-28.00239408,-163.8971141,15.26756269,-31.61362127,0.295645297,0.45906204,0.375356406,0.577618003,0.264568374,0.359822154,0.191466078,0.217795849,0.162310334,0.455655543
p02,575630.562,0.828,STILL,54,25,-0.900404181,19.32264917,-28.00373732,-163.8484232,14.93596329,-31.6149645,0.296090215,0.458792865,0.375579149,0.57790643,0.264694586,0.360017955,0.191758811,0.217888474,0.163724571,0.453327833
p02,575630.593,0.859,STILL,54,26,-0.653566186,19.05537277,-27.91959856,-163.6015852,14.6686869,-31.53082575,0.296732485,0.459940493,0.375593901,0.578077674,0.264962189,0.360152364,0.192124322,0.21792531,0.165363219,0.457900596
p02,575630.64,0.906,STILL,54,27,-0.439644797,19.02080891,-27.76061142,-163.3876639,14.63412303,-31.37183861,0.297347188,0.460555971,0.375591099,0.578399599,0.265197791,0.360640541,0.192390785,0.217759058,0.167104661,0.458834782
p02,575630.656,0.922,STILL,54,28,-0.130432752,18.79830242,-27.64583708,-163.0784518,14.41161655,-31.25706427,0.297340482,0.461281478,0.375312686,0.578810334,0.265116967,0.360780939,0.192891821,0.218029395,0.167054855,0.460949493
p02,575630.687,0.953,STILL,54,29,-0.142397986,18.92117892,-27.4740049,-163.090417,14.53449305,-31.08523209,0.297314167,0.461478651,0.37506175,0.579250574,0.265131608,0.360858768,0.193282515,0.218391806,0.166505281,0.460731033
p02,575630.734,1,STILL,54,30,-0.044977796,19.15737204,-27.28753536,-162.9929969,14.77068616,-30.89876255,0.297299594,0.461862922,0.374846756,0.57954061,0.265264526,0.360639438,0.193427414,0.218901172,0.165618032,0.462416362
p02,575630.765,1.031,STILL,54,31,0.158124045,19.20482925,-27.11411268,-162.789895,14.81814337,-30.72533987,0.297441602,0.462528855,0.374694109,0.579729736,0.265595868,0.360734954,0.19378747,0.218994781,0.164333295,0.464823406
p02,575630.796,1.062,STILL,54,32,0.241934253,19.49047971,-26.89152279,-162.7060848,15.10379383,-30.50274998,0.297376484,0.463139594,0.374513984,0.580233037,0.265874058,0.360751897,0.194176167,0.21948114,0.162236314,0.466498836
p02,575630.828,1.094,STILL,54,33,0.570173008,19.17031189,-26.87675395,-162.3778461,14.78362602,-30.48798114,0.298268795,0.463272512,0.374946266,0.580180764,0.266075946,0.36077784,0.194344461,0.219402924,0.165648398,0.467152716
p02,575630.859,1.125,STILL,54,34,0.66541391,19.34159719,-26.74301858,-162.2826052,14.95491131,-30.35424577,0.298531294,0.46361208,0.375068545,0.580418289,0.26642628,0.36073482,0.194452882,0.219683468,0.165104335,0.468297683
p02,575630.906,1.172,STILL,54,35,0.676204399,19.0187222,-26.68521672,-162.2718147,14.63203632,-30.29644391,0.298908532,0.463673472,0.37516275,0.58040005,0.266868159,0.360782638,0.194370747,0.219617411,0.164841536,0.46850035
p02,575630.937,1.203,STILL,54,36,0.640632027,19.40995097,-26.46535957,-162.307387,15.02326509,-30.07658676,0.29886359,0.463966578,0.374908298,0.580927968,0.267125465,0.360896826,0.194922715,0.220031142,0.162824147,0.468432566
p02,575630.968,1.234,STILL,54,37,0.56232949,19.43616987,-26.45443647,-162.3856896,15.04948399,-30.06566366,0.298805565,0.464243382,0.375016958,0.581476331,0.267267838,0.360948429,0.194927648,0.220527902,0.161791962,0.468398568
p02,575630.984,1.25,STILL,54,38,0.720133718,19.32479958,-26.44874043,-162.2278853,14.9381137,-30.05996762,0.298958719,0.464640439,0.374881297,0.581299007,0.267288901,0.36122261,0.194970086,0.220076397,0.16243424,0.469917856
p02,575631.031,1.297,STILL,54,39,0.677828505,19.28248588,-26.41118601,-162.2701906,14.8958,-30.0224132,0.299038231,0.464556903,0.374826133,0.581419587,0.267262727,0.361368641,0.195181981,0.220050946,0.162799374,0.468928961
p02,575631.062,1.328,STILL,54,40,0.530216741,19.51103669,-26.37719083,-162.4178023,15.12435081,-29.98841802,0.29892391,0.464556754,0.37480548,0.581886888,0.267253831,0.361088902,0.195126817,0.220797986,0.162305106,0.468608676
p02,575631.093,1.359,STILL,54,41,0.74151351,19.39125552,-26.34023717,-162.2065056,15.00456964,-29.95146436,0.299115866,0.464913189,0.374854535,0.582109332,0.267222404,0.361130297,0.195301458,0.220979035,0.163303757,0.4696504
p02,575631.125,1.391,STILL,54,42,0.780392721,19.44366053,-26.31044761,-162.1676263,15.05697465,-29.9216748,0.29928124,0.464884102,0.37501353,0.581896544,0.267349631,0.360856846,0.195569247,0.221039698,0.163275205,0.47062703
p02,575631.156,1.422,STILL,54,43,0.821588902,19.41812822,-26.30618938,-162.1264302,15.03144234,-29.91741657,0.299088359,0.4650186,0.374709666,0.581867576,0.267107785,0.360877484,0.195896462,0.220990092,0.163252434,0.471247898
p02,575631.187,1.453,STILL,54,44,0.770474803,19.62158969,-26.3122072,-162.1775443,15.23490382,-29.92343439,0.298805147,0.465156823,0.374622405,0.581885397,0.266913891,0.360850766,0.195496887,0.221034631,0.16312923,0.471899162
p02,575631.234,1.5,STILL,54,45,0.746027766,19.32565541,-26.32549467,-162.2019913,14.93896953,-29.93672185,0.298553258,0.4649387,0.374132931,0.582222879,0.266478844,0.360875562,0.195465744,0.221347317,0.164092253,0.470135079
p02,575631.265,1.531,STILL,54,46,0.713385022,19.17525612,-26.41703508,-162.234634,14.78857024,-30.02826227,0.298058152,0.464510202,0.373965949,0.582103133,0.265925124,0.360840961,0.195229277,0.221262172,0.164591236,0.468535766
p02,575631.296,1.562,STILL,54,47,0.341700689,19.7485736,-26.38430281,-162.6063184,15.36188773,-29.99553,0.296600521,0.464247614,0.372934997,0.582167745,0.265297912,0.360558152,0.195150211,0.221609592,0.160402637,0.467892481
p02,575631.328,1.594,STILL,54,48,0.431533562,19.65432615,-26.35671589,-162.5164855,15.26764027,-29.96794308,0.2963081,0.464196652,0.372459233,0.582196116,0.26471746,0.360477045,0.195050329,0.221719071,0.161961483,0.467797409
p02,575631.359,1.625,STILL,54,49,0.257468331,19.65289757,-26.43342949,-162.6905507,15.26621169,-30.04465668,0.295651913,0.463809967,0.371804178,0.582097054,0.264067285,0.360499009,0.194983512,0.221598044,0.161986147,0.466208797
p02,575631.39,1.656,STILL,54,50,0.152727684,19.81219571,-26.3961723,-162.7952914,15.42550984,-30.00739949,0.294750929,0.463865101,0.371242166,0.582187414,0.263603196,0.360627413,0.194968343,0.221560001,0.159757902,0.465958151
p02,575631.421,1.687,STILL,54,51,0.247415807,19.46648324,-26.42179489,-162.7006033,15.07979736,-30.03302208,0.29463312,0.464020729,0.370925844,0.582259417,0.263374567,0.360675603,0.194865078,0.221583813,0.160411263,0.466392939
p02,575631.453,1.719,STILL,54,52,0.244359163,19.70874445,-26.42913854,-162.7036599,15.32205857,-30.04036573,0.294359982,0.464222312,0.370830864,0.582291722,0.263183199,0.360841125,0.194713503,0.221450597,0.160116184,0.466836342
p02,575631.5,1.766,STILL,54,53,0.389478613,19.47605232,-26.48657061,-162.5585404,15.08936645,-30.0977978,0.294594526,0.464348674,0.370808244,0.582027078,0.263005041,0.361023188,0.194629341,0.22100389,0.162305876,0.467527907
p02,575631.531,1.797,STILL,54,54,0.347892253,19.67803167,-26.40855782,-162.6001268,15.2913458,-30.01978501,0.294202685,0.464353561,0.370590031,0.582098663,0.262830332,0.361008897,0.194593906,0.221089765,0.161219609,0.467433053
p02,575631.562,1.828,STILL,54,55,0.52036345,19.52712856,-26.43451745,-162.4276556,15.14044269,-30.04574464,0.294375688,0.464453608,0.37055102,0.581994653,0.262556851,0.361055613,0.194511712,0.22093904,0.163583142,0.467993321
p02,575631.593,1.859,STILL,54,56,0.592155473,19.48887771,-26.40548385,-162.3558636,15.10219184,-30.01671104,0.29425931,0.464464843,0.37050873,0.581814528,0.262483791,0.360939935,0.194917798,0.220874593,0.163020102,0.468704468
p02,575631.625,1.891,STILL,54,57,0.576951674,19.38790112,-26.45340828,-162.3710674,15.00121525,-30.06463547,0.294249654,0.464144081,0.370577931,0.58173281,0.262408465,0.360993519,0.194901913,0.22073929,0.163370324,0.467295883
p02,575631.656,1.922,STILL,54,58,0.599321863,19.40280599,-26.40504391,-162.3486972,15.01612012,-30.0162711,0.294255018,0.464173019,0.370438695,0.581985712,0.262336001,0.360814542,0.195081711,0.22117117,0.163618708,0.467323463
p02,575631.687,1.953,STILL,54,59,0.637925848,19.30276879,-26.38970772,-162.3100932,14.91608291,-30.00093491,0.294215471,0.464156032,0.370350957,0.58172369,0.2623512,0.360712707,0.195115566,0.221010983,0.163309731,0.468046082
p02,575631.734,2,STILL,54,60,0.641106574,19.46840988,-26.38048844,-162.3069125,15.081724,-29.99171563,0.294104844,0.464337558,0.370368123,0.581901789,0.262367778,0.360688865,0.195082247,0.221212924,0.162685571,0.468547184
p02,575633.328,0,STILL,55,0,3.844053862,-10.1642797,-8.356590448,-159.1039652,-14.55096557,-11.96781764,0.676177859,0.377675533,0.672461569,0.530144572,0.648119748,0.26625289,0.243074536,0.263891682,0.115430074,0.422228705
p02,575633.359,0.031,STILL,55,1,3.866050001,-10.35033245,-8.279658095,-159.0819691,-14.73701832,-11.89088528,0.682350755,0.377307415,0.677844465,0.530412853,0.653923959,0.265622616,0.244118869,0.264790237,0.116446534,0.421785941
p02,575633.39,0.062,STILL,55,2,3.86613951,-10.68530205,-8.070382716,-159.0818796,-15.07198792,-11.68160991,0.687204957,0.376347035,0.681838632,0.53074944,0.659009784,0.264676452,0.243979335,0.266072989,0.115563773,0.419699061
p02,575633.437,0.109,STILL,55,3,3.65923467,-10.36891266,-7.998375498,-159.2887844,-14.75559853,-11.60960269,0.691275656,0.375609994,0.68532908,0.530836105,0.662198037,0.26384601,0.243572772,0.266990095,0.119379597,0.418607229
p02,575633.468,0.14,STILL,55,4,3.539703097,-10.43588504,-7.854076975,-159.408316,-14.82257092,-11.46530416,0.694002748,0.375247806,0.687606096,0.531003475,0.665007502,0.263019353,0.243929625,0.267984122,0.118867258,0.418787696
p02,575633.5,0.172,STILL,55,5,3.707010517,-10.56349765,-7.836484505,-159.2410085,-14.95018353,-11.44771169,0.696270943,0.374283582,0.689586937,0.530824244,0.667323023,0.261879385,0.243009925,0.26894486,0.119122376,0.417945142
p02,575633.531,0.203,STILL,55,6,3.915673348,-10.94275009,-7.977534291,-159.0323457,-15.32943596,-11.58876148,0.698282361,0.37366879,0.691032946,0.530298591,0.668913275,0.260602608,0.24265039,0.269695982,0.121034572,0.419235691
p02,575633.562,0.234,STILL,55,7,3.705976585,-10.61367241,-7.903069731,-159.2420425,-15.00035828,-11.51429692,0.69869566,0.372728735,0.691823244,0.528853655,0.6694085,0.259658918,0.24301213,0.269194737,0.120517274,0.420029822
p02,575633.593,0.265,STILL,55,8,4.004544094,-10.31813516,-7.76316107,-158.943475,-14.70482103,-11.37438826,0.698201299,0.372465819,0.691273391,0.528223336,0.669631213,0.258443072,0.243294597,0.269780263,0.117430005,0.422650439
p02,575633.64,0.312,STILL,55,9,4.070089036,-10.02974183,-7.542317071,-158.87793,-14.41642771,-11.15354426,0.697033346,0.372338563,0.68993628,0.527410388,0.668878376,0.257685624,0.243529677,0.269724764,0.115612066,0.425073833
p02,575633.656,0.328,STILL,55,10,4.322562164,-10.19554382,-7.262019901,-158.6254569,-14.5822297,-10.87324709,0.695298612,0.372281611,0.6879794,0.527122557,0.668520838,0.256775692,0.24263829,0.270346865,0.110360875,0.427250817
p02,575633.703,0.375,STILL,55,11,4.62684382,-10.16068442,-7.020528068,-158.3211752,-14.5473703,-10.63175526,0.693961859,0.372594476,0.68624115,0.526514173,0.667804211,0.256304272,0.242894292,0.270209901,0.107691487,0.430369886
p02,575633.734,0.406,STILL,55,12,4.723409085,-9.917346699,-6.842685714,-158.22461,-14.30403257,-10.4539129,0.691933811,0.372733206,0.684214115,0.526755214,0.666483372,0.256536804,0.242853582,0.27021841,0.104797459,0.430009197
p02,575633.765,0.437,STILL,55,13,4.633945082,-10.05535902,-6.731279871,-158.314074,-14.44204489,-10.34250706,0.690683067,0.37257722,0.68291986,0.526589274,0.66566661,0.256861061,0.242230773,0.269728214,0.103275305,0.429010217
p02,575633.796,0.468,STILL,55,14,4.756145962,-10.07766432,-6.816395991,-158.1918731,-14.46435019,-10.42762318,0.68940419,0.37308085,0.681683958,0.526365817,0.664103508,0.256792359,0.242370188,0.269573458,0.104388587,0.431379601
p02,575633.828,0.5,STILL,55,15,4.610321831,-9.93123711,-6.725236341,-158.3376972,-14.31792299,-10.33646353,0.687642992,0.372758687,0.680343628,0.52583462,0.662815452,0.256768987,0.241734087,0.269065633,0.102705995,0.431083296
p02,575633.859,0.531,STILL,55,16,4.485226888,-10.56874284,-6.717485342,-158.4627922,-14.95542872,-10.32871253,0.687453687,0.371894538,0.679529965,0.525346696,0.662235469,0.25631737,0.241449237,0.269029327,0.10444522,0.429608066
p02,575633.921,0.593,STILL,55,17,4.560389897,-10.85725187,-6.799207339,-158.3876292,-15.24393774,-10.41043453,0.686188102,0.371252716,0.678379893,0.524506211,0.661166489,0.255823001,0.241305411,0.26868321,0.103692713,0.429612681
p02,575633.953,0.625,STILL,55,18,4.348010431,-10.63024067,-6.608453993,-158.6000086,-15.01692655,-10.21968118,0.684763372,0.370314717,0.677109599,0.523643255,0.660098642,0.255356453,0.240507543,0.268286802,0.102552833,0.428490195
p02,575633.984,0.656,STILL,55,19,4.534608412,-11.29377771,-6.734485206,-158.4134107,-15.68046359,-10.3457124,0.683550358,0.370328486,0.675285518,0.523464859,0.658347547,0.254719868,0.240401924,0.26874499,0.104836144,0.43017962
p02,575634,0.672,STILL,55,20,4.389864458,-11.546695,-6.793418401,-158.5581546,-15.93338088,-10.40464559,0.682128191,0.369670361,0.673908651,0.52253592,0.656711131,0.254499987,0.240037858,0.268035933,0.105887712,0.429682592
p02,575634.031,0.703,STILL,55,21,4.767373356,-11.34740773,-6.900919354,-158.1806457,-15.7340936,-10.51214654,0.679824769,0.369996607,0.671995759,0.522601068,0.654527336,0.254620284,0.240029573,0.267980784,0.105392985,0.43053954
p02,575634.062,0.734,STILL,55,22,4.68445773,-11.289169,-6.984762891,-158.2635613,-15.67585487,-10.59599008,0.676951349,0.369790733,0.669696629,0.521976292,0.651793957,0.254831851,0.239684701,0.267144442,0.104960358,0.430324815
p02,575634.093,0.765,STILL,55,23,5.027841646,-11.6699689,-7.065949602,-157.9201774,-16.05665477,-10.67717679,0.673803151,0.370104641,0.666086555,0.52119875,0.648540616,0.254765071,0.239435196,0.266433679,0.10550886,0.432901615
p02,575634.125,0.797,STILL,55,24,5.129231635,-12.20154375,-7.17390582,-157.8187874,-16.58822963,-10.78513301,0.669978738,0.369851291,0.662283063,0.520623326,0.644750863,0.25483638,0.239311993,0.265786946,0.105418346,0.432733483
p02,575634.171,0.843,STILL,55,25,5.663339959,-12.97037896,-7.359559745,-157.2846791,-17.35706484,-10.97078693,0.664402246,0.370810837,0.656672895,0.520212471,0.639733225,0.25474143,0.23823756,0.265471041,0.103547994,0.437220594
p02,575634.203,0.875,STILL,55,26,5.831389162,-13.24759509,-7.249295864,-157.1166299,-17.63428097,-10.86052305,0.657113194,0.370196491,0.64931196,0.518910229,0.633631051,0.254339263,0.236955404,0.264570966,0.099099423,0.437906057
p02,575634.234,0.906,STILL,55,27,5.696530564,-12.0377603,-6.827721875,-157.2514885,-16.42444617,-10.43894906,0.648100138,0.368741959,0.64103651,0.517363608,0.62588504,0.254237488,0.235730112,0.26312612,0.094239544,0.435169536
p02,575634.265,0.937,STILL,55,28,5.185631796,-11.54370713,-6.946115089,-157.7623873,-15.93039301,-10.55734228,0.63817066,0.367712885,0.632787824,0.515668392,0.61577332,0.254719354,0.235088259,0.260949038,0.095272046,0.433009954
p02,575634.296,0.968,STILL,55,29,5.180993579,-11.56949377,-6.840798387,-157.7670255,-15.95617965,-10.45202558,0.627943814,0.367374688,0.623450637,0.514621079,0.606400847,0.255487546,0.233945906,0.259133533,0.092085246,0.431774078
p02,575634.328,1,STILL,55,30,5.001030898,-11.57227778,-7.043059642,-157.9469882,-15.95896366,-10.65428683,0.617465436,0.367499352,0.614253283,0.513675153,0.596124589,0.256799385,0.23176223,0.256875768,0.09208078,0.430947486
p02,575634.359,1.031,STILL,55,31,5.209612405,-12.23984161,-7.493548159,-157.7384067,-16.62652749,-11.10477535,0.608016431,0.367983043,0.605327427,0.512288928,0.585796952,0.25743176,0.229719877,0.254857168,0.096724234,0.433777413
p02,575634.39,1.062,STILL,55,32,4.863262338,-12.45637276,-7.422381021,-158.0847567,-16.84305864,-11.03360821,0.596880615,0.367042959,0.595453858,0.510426581,0.575828791,0.25823459,0.227290481,0.252191991,0.092620791,0.431450532
p02,575634.421,1.093,STILL,55,33,4.703053101,-12.66782683,-7.469483988,-158.244966,-17.05451271,-11.08071118,0.586758316,0.366283208,0.586075783,0.50873363,0.566464633,0.258979924,0.224976599,0.249753706,0.090203527,0.429636404
p02,575634.468,1.14,STILL,55,34,4.716009718,-13.18779108,-7.58979903,-158.2320093,-17.57447696,-11.20102622,0.577409148,0.365546942,0.577045441,0.507232904,0.557156593,0.2594046,0.222439289,0.247828305,0.091047565,0.428289828
p02,575634.5,1.172,STILL,55,35,4.604473426,-13.46480061,-7.442534611,-158.3435456,-17.85148648,-11.0537618,0.568284512,0.3648054,0.568472683,0.504848719,0.548744053,0.259824626,0.220246166,0.245024092,0.088720995,0.428450824
p02,575634.531,1.203,STILL,55,36,4.410213132,-14.1171288,-7.644697714,-158.5378059,-18.50381468,-11.2559249,0.560804188,0.363405883,0.560583055,0.503000855,0.540383384,0.25996533,0.217944324,0.243035525,0.093697345,0.425619065
p02,575634.562,1.234,STILL,55,37,4.196032275,-13.98659631,-7.581587763,-158.7519868,-18.37328218,-11.19281495,0.552970767,0.362287611,0.553710759,0.501018584,0.533066273,0.260168225,0.215004146,0.240850359,0.092577258,0.423995158
p02,575634.609,1.281,STILL,55,38,4.102813442,-13.66540182,-7.293128014,-158.8452056,-18.0520877,-10.9043552,0.545942724,0.361726671,0.547136724,0.499932587,0.527007192,0.260997206,0.212564081,0.238935381,0.08908152,0.421576181
p02,575634.625,1.297,STILL,55,39,3.997803585,-13.81164258,-7.178642677,-158.9502155,-18.19832845,-10.78986987,0.539533973,0.361728609,0.540982962,0.499181658,0.521053419,0.262811631,0.210414708,0.236370027,0.087829194,0.418483591
p02,575634.656,1.328,STILL,55,40,2.891537949,-12.56160963,-6.754846921,-160.0564811,-16.9482955,-10.36607411,0.533572912,0.361756504,0.535577118,0.499175668,0.514894709,0.266542196,0.20769766,0.232633471,0.089929772,0.409288942
p02,575634.703,1.375,STILL,55,41,3.341451112,-13.920467,-6.991005709,-159.606568,-18.30715287,-10.6022329,0.530058503,0.362710923,0.531803071,0.498353422,0.510867104,0.267260715,0.205393612,0.231092706,0.093437177,0.413038599
p02,575634.734,1.406,STILL,55,42,3.008165374,-13.96339196,-7.165406037,-159.9398537,-18.35007783,-10.77663323,0.525920928,0.361523747,0.528247893,0.496950924,0.506109834,0.267309129,0.204847246,0.229641795,0.096711546,0.410267731
p02,575634.765,1.437,STILL,55,43,2.73694286,-13.90311961,-7.315375907,-160.2110762,-18.28980549,-10.9266031,0.521437109,0.360813797,0.524728835,0.496111751,0.502126127,0.266672477,0.203802288,0.229439273,0.094753505,0.410310397
p02,575634.796,1.468,STILL,55,44,2.747462693,-13.18593646,-7.197725582,-160.2005564,-17.57262234,-10.80895277,0.517223954,0.360366106,0.521393239,0.49553442,0.499471188,0.266270339,0.203349024,0.229264081,0.087301951,0.410425246
p02,575634.828,1.5,STILL,55,45,2.885131007,-13.51817293,-7.388651252,-160.0628881,-17.90485881,-10.99987844,0.514807522,0.359974504,0.519340038,0.494638264,0.497017756,0.266016707,0.202772796,0.228621557,0.087732509,0.410975228
p02,575634.859,1.531,STILL,55,46,2.553592126,-13.20188608,-7.424167615,-160.3944269,-17.58857195,-11.0353948,0.512068391,0.359090239,0.517670214,0.494291782,0.495019078,0.266043141,0.202390343,0.228248641,0.084239753,0.407656742
p02,575634.937,1.609,STILL,55,47,2.305679728,-13.04449301,-7.500671085,-160.6423393,-17.43117889,-11.11189827,0.510246992,0.358738661,0.516152501,0.494204193,0.493362471,0.26623331,0.201769352,0.227970883,0.083682286,0.405777042
p02,575634.953,1.625,STILL,55,48,2.224635684,-13.28691372,-7.58173952,-160.7233834,-17.6735996,-11.19296671,0.508949041,0.358465433,0.515238225,0.494374931,0.492271364,0.266114146,0.201449215,0.228260785,0.082788496,0.404586743
p02,575634.984,1.656,STILL,55,49,2.092254499,-13.38238447,-7.530470609,-160.8557646,-17.76907035,-11.1416978,0.508201182,0.357991129,0.514383793,0.494920254,0.491663516,0.266405344,0.201446772,0.22851491,0.082094472,0.400786913
p02,575635,1.672,STILL,55,50,2.038705258,-12.19063278,-7.344061986,-160.9093138,-16.57731866,-10.95528917,0.506987035,0.358050406,0.514025152,0.494782299,0.491326854,0.266765788,0.201607138,0.228016511,0.077676722,0.40034214
p02,575635.031,1.703,STILL,55,51,1.797242139,-12.26735211,-7.808067845,-161.1507769,-16.65403799,-11.41929503,0.50778085,0.35860166,0.514817357,0.495244086,0.489632681,0.269342601,0.200021297,0.225901484,0.090731183,0.395123823
p02,575635.062,1.734,STILL,55,52,1.690409257,-12.5864702,-7.729795357,-161.2576098,-16.97315608,-11.34102255,0.508201957,0.358006328,0.515179455,0.494775623,0.489916176,0.269833207,0.200119495,0.224942416,0.091374312,0.391980858
p02,575635.109,1.781,STILL,55,53,1.40131641,-13.09354159,-7.71078314,-161.5467027,-17.48022747,-11.32201033,0.508415699,0.356915414,0.515330315,0.494201899,0.490064353,0.269043699,0.200099051,0.2251582,0.091711311,0.390266557
p02,575635.125,1.797,STILL,55,54,1.426611788,-12.87405047,-7.63655908,-161.5214073,-17.26073635,-11.24778627,0.508390605,0.355676651,0.515361607,0.493662477,0.489980027,0.267675608,0.200717032,0.225986868,0.091724046,0.389407771
p02,575635.171,1.843,STILL,55,55,1.333214914,-12.17256905,-7.693757152,-161.6148041,-16.55925492,-11.30498434,0.507860065,0.354669333,0.515183687,0.493324816,0.489078715,0.266021967,0.201097101,0.227302849,0.09339443,0.38999672
p02,575635.203,1.875,STILL,55,56,1.236782582,-11.93751503,-7.535887222,-161.7112365,-16.32420091,-11.14711441,0.506904542,0.354271054,0.514633358,0.493020475,0.489192873,0.264666826,0.201578051,0.228353649,0.087865068,0.392392366
p02,575635.234,1.906,STILL,55,57,1.310888573,-12.40757636,-7.385993886,-161.6371305,-16.79426224,-10.99722108,0.506563008,0.354070842,0.5145123,0.493053436,0.48996909,0.263628691,0.202061951,0.229424745,0.082122924,0.394212712
p02,575635.265,1.937,STILL,55,58,1.348360821,-11.77872304,-7.171073754,-161.5996582,-16.16540892,-10.78230094,0.505844295,0.353969812,0.514410079,0.493491322,0.490661442,0.263271391,0.20247674,0.23021993,0.074985664,0.393964245
p02,575635.296,1.968,STILL,55,59,1.294151911,-10.45190925,-7.078791104,-161.6538672,-14.83859513,-10.69001829,0.50481832,0.35431844,0.514229894,0.493555188,0.490384251,0.263189852,0.203437001,0.230365336,0.070951053,0.3955829
p02,575635.328,2,STILL,55,60,1.143805004,-10.06751458,-7.094551199,-161.8042141,-14.45420045,-10.70577839,0.504327059,0.354799896,0.513980925,0.494015485,0.490131959,0.263275668,0.203888446,0.230739817,0.069621892,0.396655548
p02,575637.375,0,STILL,56,0,7.546933014,-9.438484381,-6.657849926,-155.401086,-13.82517026,-10.26907712,0.60341835,0.362677336,0.601366699,0.552184045,0.577560529,0.203095756,0.314865112,0.349088289,0.082123487,0.457138164
p02,575637.406,0.031,STILL,56,1,7.977995509,-8.944432439,-6.608756132,-154.9700236,-13.33111831,-10.21998332,0.609726131,0.365140975,0.607494116,0.556832612,0.583450764,0.200076863,0.322261274,0.356755748,0.081534359,0.462681014
p02,575637.421,0.046,STILL,56,2,7.886179917,-8.287632937,-6.387503774,-155.0618391,-12.67431881,-9.998730964,0.615734935,0.366637379,0.613658428,0.562005639,0.590041518,0.197529823,0.32884407,0.364475816,0.078132522,0.463974697
p02,575637.453,0.078,STILL,56,3,7.944428108,-8.60832502,-6.729820034,-155.003591,-12.9950109,-10.34104722,0.623067975,0.368909776,0.620054245,0.567789197,0.595055163,0.196017258,0.335847825,0.371771939,0.083409241,0.465049941
p02,575637.5,0.125,STILL,56,4,8.02969898,-8.226233981,-6.6421009,-154.9183201,-12.61291986,-10.25332809,0.629013717,0.371920019,0.626649559,0.573605597,0.601125106,0.194584966,0.342907846,0.379020631,0.081329755,0.467877047
p02,575637.531,0.156,STILL,56,5,7.969652015,-7.927353549,-6.74143473,-154.978367,-12.31403943,-10.35266192,0.635481477,0.37465027,0.632982731,0.58001554,0.606453747,0.19405444,0.349310011,0.3859611,0.083100196,0.467911999
p02,575637.562,0.187,STILL,56,6,7.994146876,-7.51388566,-6.671079146,-154.9538722,-11.90057154,-10.28230634,0.641508281,0.378312916,0.638549268,0.586276054,0.612081841,0.193991959,0.35723269,0.392284095,0.082373314,0.469865994
p02,575637.593,0.218,STILL,56,7,7.893708143,-7.020872643,-6.634689738,-155.0543109,-11.40755852,-10.24591693,0.648566008,0.382720947,0.644801855,0.593593657,0.617599517,0.195031017,0.363883376,0.39856264,0.085100042,0.470917019
p02,575637.625,0.25,STILL,56,8,7.816245777,-6.892385048,-6.428140129,-155.1317733,-11.27907092,-10.03936732,0.654628992,0.387942731,0.650371552,0.601948857,0.624152988,0.196435079,0.369897127,0.405513778,0.082390485,0.472259298
p02,575637.656,0.281,STILL,56,9,7.69077497,-6.904532987,-6.342353151,-155.2572441,-11.29121886,-9.953580341,0.661019385,0.392522097,0.655784845,0.610348046,0.629717648,0.197336145,0.375821173,0.413011901,0.083288913,0.472591592
p02,575637.703,0.328,STILL,56,10,7.644427914,-7.261012619,-6.290047809,-155.3035911,-11.64769849,-9.901274998,0.667904973,0.397168934,0.661116838,0.617885649,0.635390341,0.198398501,0.381930828,0.419487149,0.085132253,0.473841533
p02,575637.718,0.343,STILL,56,11,7.760286577,-7.183988126,-6.256226014,-155.1877325,-11.570674,-9.867453204,0.673965216,0.401538908,0.666310251,0.624664485,0.640825689,0.199479088,0.388077199,0.425185397,0.085394161,0.475227563
p02,575637.765,0.39,STILL,56,12,7.981870148,-7.103159884,-6.215581964,-154.9661489,-11.48984576,-9.826809153,0.680301428,0.405253291,0.670552254,0.630377829,0.645969838,0.199813619,0.393217266,0.43056421,0.087309467,0.477140615
p02,575637.796,0.421,STILL,56,13,8.144982492,-6.885649615,-6.267439702,-154.8030366,-11.27233549,-9.878666892,0.68612659,0.407864153,0.675893486,0.635165453,0.650402397,0.199140906,0.399059772,0.436024547,0.089520907,0.478696093
p02,575637.828,0.453,STILL,56,14,8.341295857,-6.675352232,-6.233575769,-154.6067232,-11.06203811,-9.844802958,0.691982031,0.411001891,0.679920912,0.638588428,0.654250503,0.19803182,0.403666943,0.440556608,0.09347193,0.483411363
p02,575637.859,0.484,STILL,56,15,8.30986835,-6.643557909,-6.312446409,-154.6381507,-11.03024378,-9.923673598,0.697493613,0.41195935,0.684664726,0.642126799,0.65821594,0.197843477,0.409664601,0.444283321,0.095877634,0.481935429
p02,575637.89,0.515,STILL,56,16,8.635656755,-6.763795158,-6.346964619,-154.3123623,-11.15048103,-9.958191808,0.703158736,0.413421929,0.688633919,0.644136548,0.66245088,0.197403133,0.411797702,0.446733415,0.098854015,0.48355191
p02,575637.921,0.546,STILL,56,17,8.721048394,-6.886790147,-6.434456535,-154.2269707,-11.27347602,-10.04568372,0.707401931,0.413724124,0.69245708,0.645648003,0.666131914,0.195785172,0.413363278,0.44986283,0.099839584,0.484456455
p02,575637.968,0.593,STILL,56,18,8.901883487,-7.175331654,-6.382228896,-154.0461356,-11.56201753,-9.993456086,0.708847404,0.41485095,0.693079054,0.646592379,0.668364733,0.194431573,0.413726509,0.452160805,0.097848867,0.487480061
p02,575638,0.625,STILL,56,19,9.017246917,-7.022710049,-6.205728417,-153.9307721,-11.40939592,-9.816955607,0.709324658,0.414239883,0.693764091,0.645298779,0.670799583,0.192594253,0.415924132,0.452704526,0.092625245,0.489603302
p02,575638.031,0.656,STILL,56,20,8.707455249,-6.923972259,-6.164562412,-154.2405638,-11.31065813,-9.775789601,0.710581303,0.411268294,0.69491297,0.64435637,0.671650022,0.19141534,0.415991187,0.45294103,0.093586791,0.485389796
p02,575638.062,0.687,STILL,56,21,8.901107067,-6.921268719,-6.107376507,-154.046912,-11.3079546,-9.718603696,0.710632265,0.410543948,0.694736481,0.642083347,0.672656626,0.190662779,0.414476246,0.451420568,0.091623198,0.487087176
p02,575638.093,0.718,STILL,56,22,9.178787977,-6.731876912,-6.170709834,-153.7692311,-11.11856279,-9.781937023,0.710289955,0.40999639,0.694261312,0.638469815,0.672392696,0.190267548,0.412805915,0.448202267,0.09180406,0.490244826
p02,575638.125,0.75,STILL,56,23,9.007113482,-6.897585113,-6.179920033,-153.9409056,-11.28427099,-9.791147222,0.709164143,0.407477617,0.693960965,0.635509372,0.67175886,0.189570785,0.409939885,0.445938587,0.091245774,0.488647628
p02,575638.156,0.781,STILL,56,24,9.135509708,-7.1078293,-6.273939832,-153.8125094,-11.49451518,-9.885167021,0.707689166,0.405776203,0.693386078,0.630952775,0.670596689,0.188549735,0.40658623,0.442403041,0.091229054,0.491014862
p02,575638.203,0.828,STILL,56,25,9.072960273,-7.234003419,-6.45408662,-153.8750588,-11.62068929,-10.06531381,0.705014408,0.402423769,0.691373944,0.625647068,0.667746484,0.189050488,0.403061032,0.43659658,0.092462234,0.488719543
p02,575638.234,0.859,STILL,56,26,9.096569345,-7.351852787,-6.615827589,-153.8514497,-11.73853866,-10.22705478,0.701280057,0.398730278,0.688619435,0.619712114,0.664307356,0.188332342,0.396856248,0.431379773,0.093163965,0.487732503
p02,575638.265,0.89,STILL,56,27,8.660625516,-7.88875125,-6.831925558,-154.2873935,-12.27543713,-10.44315275,0.697270274,0.392479718,0.685490787,0.612917185,0.65972209,0.188150704,0.389324903,0.424766481,0.096444343,0.48103846
p02,575638.296,0.921,STILL,56,28,8.288367337,-7.135863684,-6.713625332,-154.6596517,-11.52254956,-10.32485252,0.691316009,0.386991352,0.681734264,0.605050206,0.655236691,0.187770247,0.380469024,0.417279959,0.094828528,0.477427924
p02,575638.328,0.953,STILL,56,29,7.721251275,-7.121062399,-6.776029434,-155.2267678,-11.50774828,-10.38725662,0.683413625,0.380727053,0.675627589,0.597003102,0.648245841,0.186918855,0.372386962,0.410084248,0.094438815,0.47260581
p02,575638.359,0.984,STILL,56,30,7.500099904,-7.077783972,-6.667887203,-155.4479192,-11.46446985,-10.27911439,0.676188827,0.374405771,0.669291615,0.588812947,0.642599821,0.187225759,0.36369738,0.401587188,0.092354269,0.466100558
p02,575638.39,1.015,STILL,56,31,7.367115056,-6.885099862,-6.403741653,-155.580904,-11.27178574,-10.01496884,0.668305159,0.369031847,0.662283838,0.581052899,0.637533844,0.187594332,0.355746031,0.393458568,0.086497986,0.461134995
p02,575638.421,1.046,STILL,56,32,7.046213742,-6.246809079,-5.951682716,-155.9018053,-10.63349496,-9.562909906,0.659046769,0.364133418,0.654053032,0.573881745,0.631834686,0.189288095,0.347400784,0.384593651,0.078330518,0.45462353
p02,575638.468,1.093,STILL,56,33,7.036283448,-6.520352081,-5.882112573,-155.9117356,-10.90703796,-9.493339762,0.651900113,0.362235188,0.647467673,0.566699266,0.625728577,0.191843808,0.339275092,0.374855459,0.077139572,0.45455222
p02,575638.5,1.125,STILL,56,34,6.786473403,-6.862461874,-5.88130394,-156.1615457,-11.24914775,-9.492531129,0.645411074,0.360257834,0.640940666,0.559627295,0.619225889,0.195608743,0.330444306,0.364018552,0.079242354,0.452309617
p02,575638.531,1.156,STILL,56,35,6.768981906,-7.663907237,-5.98963791,-156.1790372,-12.05059311,-9.6008651,0.638789475,0.359496832,0.634331703,0.553827524,0.613192528,0.199606545,0.321345448,0.354220979,0.079655544,0.451385706
p02,575638.593,1.218,STILL,56,36,6.818319823,-7.687578605,-5.865919322,-156.1296992,-12.07426448,-9.477146511,0.631285012,0.358715475,0.627039671,0.547409534,0.607128769,0.203663245,0.311224997,0.34374629,0.077616653,0.451065901
p02,575638.609,1.234,STILL,56,37,6.741838668,-7.685097664,-5.796436559,-156.2061804,-12.07178354,-9.407663748,0.623670697,0.357515931,0.620360374,0.542209148,0.601262718,0.20840393,0.301708758,0.333805218,0.07427023,0.446703625
p02,575638.625,1.25,STILL,56,38,6.349445013,-8.104149051,-5.683852793,-156.598574,-12.49083493,-9.295079983,0.616227984,0.356091261,0.614161074,0.536927223,0.595688403,0.212083228,0.292149603,0.324843995,0.070305013,0.443314437
p02,575638.656,1.281,STILL,56,39,6.505691105,-8.459473713,-5.559785883,-156.442328,-12.84615959,-9.171013073,0.609131217,0.355489403,0.607145548,0.531642318,0.590124846,0.215271629,0.283763647,0.316370688,0.066979586,0.443207221
p02,575638.703,1.328,STILL,56,40,6.116893869,-8.671081993,-5.475762763,-156.8311252,-13.05776787,-9.086989953,0.603377998,0.353512108,0.601519287,0.526516676,0.584990501,0.218228988,0.275855809,0.308287688,0.066656187,0.438821028
p02,575638.734,1.359,STILL,56,41,5.454842533,-9.630247528,-5.580574334,-157.4931765,-14.0169334,-9.191801523,0.59843713,0.350721747,0.596660197,0.520822465,0.579971045,0.2206688,0.268327177,0.300153665,0.068819288,0.433287884
p02,575638.765,1.39,STILL,56,42,5.089753291,-9.635528827,-5.424195921,-157.8582658,-14.0222147,-9.03542311,0.592556715,0.347983837,0.591459334,0.515069306,0.575500727,0.221948147,0.261614084,0.293121159,0.065195222,0.429978138
p02,575638.796,1.421,STILL,56,43,4.621548287,-9.954877881,-5.588854041,-158.3264708,-14.34156376,-9.20008123,0.588084579,0.345473677,0.588199019,0.508841455,0.57089673,0.223358102,0.254953206,0.285483353,0.067415699,0.427750247
p02,575638.828,1.453,STILL,56,44,4.353777097,-9.963736038,-5.619085121,-158.594242,-14.35042191,-9.23031231,0.583538175,0.343286633,0.583890617,0.503643513,0.566709727,0.225017838,0.248565912,0.278625675,0.067702154,0.424471993
p02,575638.859,1.484,STILL,56,45,4.208353896,-10.02346482,-5.686502261,-158.7396652,-14.41015069,-9.297729451,0.579533398,0.342134356,0.580441535,0.499366879,0.563196436,0.22675956,0.24328506,0.272607319,0.067151524,0.423227067
p02,575638.89,1.515,STILL,56,46,3.983066712,-9.631797139,-5.481528942,-158.9649524,-14.01848301,-9.092756131,0.575481176,0.340286374,0.576503575,0.495354444,0.559977964,0.228724889,0.23754698,0.266629554,0.065263776,0.418413799
p02,575638.921,1.546,STILL,56,47,3.864582124,-10.122862,-5.528935925,-159.0834369,-14.50954787,-9.140163114,0.572421491,0.339900553,0.573099077,0.492652297,0.55670552,0.230734691,0.232710063,0.261917606,0.067534559,0.41679467
p02,575638.968,1.593,STILL,56,48,3.837144228,-10.63607261,-5.365008225,-159.1108748,-15.02275849,-8.976235415,0.569543719,0.339606196,0.569746852,0.49040103,0.554369897,0.232814707,0.227786481,0.257586323,0.066614237,0.414585245
p02,575639,1.625,STILL,56,49,3.752579603,-10.44046957,-5.347848172,-159.1954395,-14.82715545,-8.959075361,0.566714525,0.339118302,0.567179799,0.48777324,0.551697239,0.234391831,0.224403501,0.253381409,0.066920908,0.413315529
p02,575639.031,1.656,STILL,56,50,3.454335141,-11.77361922,-5.467324081,-159.4936839,-16.1603051,-9.07855127,0.564808905,0.338390976,0.564121127,0.486414254,0.549162239,0.236233257,0.221029758,0.250180997,0.070789863,0.408335248
p02,575639.062,1.687,STILL,56,51,3.264069232,-12.01535608,-5.336174756,-159.6839498,-16.40204195,-8.947401946,0.563037932,0.338248312,0.562320948,0.484748036,0.547547683,0.2379978,0.21792537,0.246750236,0.071080521,0.40628335
p02,575639.093,1.718,STILL,56,52,3.135460512,-12.31663457,-5.294594422,-159.8125585,-16.70332045,-8.905821611,0.560658514,0.33892715,0.560164928,0.483432114,0.545561522,0.240108229,0.215282053,0.243323885,0.070126571,0.406120922
p02,575639.125,1.75,STILL,56,53,3.132320103,-13.07201857,-5.234775564,-159.815699,-17.45870444,-8.846002753,0.558936238,0.338785112,0.557742298,0.48230207,0.544021249,0.241638422,0.212733895,0.240663648,0.070111016,0.40366167
p02,575639.156,1.781,STILL,56,54,2.651112512,-13.28718857,-5.046142506,-160.2969065,-17.67387445,-8.657369696,0.556696534,0.337595016,0.555436611,0.481092691,0.542138934,0.242901877,0.210044742,0.238190815,0.069307139,0.397551599
p02,575639.187,1.812,STILL,56,55,2.298823874,-13.7606291,-4.989223866,-160.6491952,-18.14731498,-8.600451056,0.555179119,0.336918086,0.55384022,0.479494214,0.540040001,0.243353523,0.208563358,0.236140691,0.07258762,0.396223803
p02,575639.234,1.859,STILL,56,56,1.63580176,-13.53683972,-5.017801017,-161.3122173,-17.9235256,-8.629028207,0.552929163,0.335689098,0.552470148,0.477708638,0.537445232,0.243733704,0.207223535,0.233974934,0.074720908,0.393013867
p02,575639.265,1.89,STILL,56,57,1.503461802,-14.16506895,-5.095316396,-161.4445573,-18.55175483,-8.706543585,0.551242948,0.334717155,0.550559163,0.476222456,0.535451397,0.243309766,0.206689835,0.232912689,0.076402162,0.39245345
p02,575639.296,1.921,STILL,56,58,1.007110076,-14.36638119,-5.002485464,-161.940909,-18.75306706,-8.613712653,0.549831569,0.33291921,0.549152553,0.474645734,0.533986554,0.243283272,0.205667078,0.231362462,0.077042061,0.387426455
p02,575639.328,1.953,STILL,56,59,0.547110342,-14.83314741,-5.237787203,-162.4009087,-19.21983329,-8.849014392,0.548673391,0.331581354,0.548291922,0.473348618,0.532000154,0.243154362,0.205234647,0.230194256,0.081239875,0.384140742
p02,575639.359,1.984,STILL,56,60,0.611071156,-14.60636655,-5.021358806,-162.3369479,-18.99305243,-8.632585995,0.547421813,0.330952197,0.546510935,0.472692698,0.531100973,0.243314713,0.204923898,0.229377985,0.079643417,0.382065803
p02,575639.39,2.015,STILL,56,61,0.546184373,-14.6270868,-5.087229874,-162.4018347,-19.01377267,-8.698457063,0.54620707,0.330950022,0.545475483,0.473107636,0.52962245,0.243403792,0.204698116,0.229703844,0.081019895,0.381126532
p02,575641.765,0,STILL,57,0,7.412569434,-8.294950567,-2.059751223,-155.5354496,-12.68163644,-5.670978412,0.736555398,0.420564115,0.717321575,0.561857164,0.719699919,0.292083085,0.247900426,0.269774079,0.067992938,0.476254171
p02,575641.796,0.031,STILL,57,1,6.861117724,-7.70843526,-2.120334278,-156.0869013,-12.09512114,-5.731561467,0.714150727,0.418934375,0.699159622,0.559776485,0.699240029,0.290407017,0.246991932,0.269369468,0.06036917,0.477141523
p02,575641.843,0.078,STILL,57,2,6.766599333,-7.837469611,-2.227750588,-156.1814197,-12.22415549,-5.838977777,0.691387355,0.416744411,0.678034067,0.556842327,0.677092671,0.289462149,0.246452808,0.267380178,0.058001708,0.476034771
p02,575641.859,0.094,STILL,57,3,5.536279873,-7.533334251,-2.055918031,-157.4117392,-11.92002013,-5.66714522,0.664046168,0.413013965,0.654297471,0.555783033,0.651997685,0.289351046,0.24543196,0.266431987,0.049090929,0.464144415
p02,575641.937,0.172,STILL,57,4,6.011753102,-7.005077484,-2.055722329,-156.936266,-11.39176336,-5.666949519,0.636986017,0.412587285,0.629278362,0.553793192,0.626152188,0.289028853,0.24471128,0.264764339,0.044271885,0.46667324
p02,575641.953,0.188,STILL,57,5,5.626852445,-8.186648117,-2.420491463,-157.3211666,-12.57333399,-6.031718652,0.610143244,0.412328392,0.603740692,0.55359751,0.598510891,0.289439976,0.243831307,0.264157534,0.047706561,0.465208826
p02,575641.984,0.219,STILL,57,6,5.26454405,-10.86311147,-2.629925063,-157.683475,-15.24979734,-6.241152252,0.583133161,0.413582355,0.577147067,0.554202557,0.571353823,0.291340858,0.241994917,0.262861699,0.048675973,0.465041113
p02,575642,0.235,STILL,57,7,5.351785061,-11.74658425,-2.253239027,-157.596234,-16.13327013,-5.864466217,0.555328846,0.414151609,0.549164057,0.555172682,0.544676065,0.293321565,0.240000486,0.261851117,0.044386496,0.461445594
p02,575642.031,0.266,STILL,57,8,5.534220985,-13.83171375,-2.096615373,-157.4137981,-18.21839963,-5.707842562,0.529215276,0.417872161,0.522124708,0.557282269,0.518023387,0.296050727,0.239048213,0.261231542,0.046818546,0.466335086
p02,575642.062,0.297,STILL,57,9,5.139708184,-15.33509752,-1.626806278,-157.8083109,-19.7217834,-5.238033467,0.503161669,0.422102869,0.494516492,0.560728371,0.491440251,0.301752701,0.237184823,0.25897567,0.049418918,0.464716115
p02,575642.109,0.344,STILL,57,10,5.69783543,-19.33738462,-1.380167761,-157.2501836,-23.72407049,-4.991394951,0.478467166,0.43270123,0.466637671,0.568931162,0.465848655,0.310292408,0.237231314,0.258638754,0.053190752,0.473281053
p02,575642.125,0.36,STILL,57,11,5.847526404,-21.08396971,-1.285448438,-157.1004927,-25.47065559,-4.896675627,0.454301953,0.444596261,0.44249633,0.576492429,0.44139421,0.321217537,0.235352218,0.255274892,0.054844367,0.483317113
p02,575642.171,0.406,STILL,57,12,4.980698401,-22.47953053,-0.804378092,-157.9673207,-26.8662164,-4.415605282,0.430106789,0.454754978,0.418162316,0.586065471,0.417806372,0.333214194,0.235294878,0.252851278,0.052276602,0.48068092
p02,575642.203,0.438,STILL,57,13,4.863051831,-22.79033635,-0.513156852,-158.0849672,-27.17702223,-4.124384041,0.408096105,0.466025919,0.396530271,0.594203413,0.396104634,0.344297022,0.233671963,0.249906391,0.051317543,0.487097976
p02,575642.234,0.469,STILL,57,14,4.935517674,-21.03422296,0.179259021,-158.0125014,-25.42090883,-3.431968168,0.385642201,0.475506634,0.375745744,0.603063762,0.375398353,0.354710117,0.233790085,0.248353645,0.043816435,0.486389143
p02,575642.265,0.5,STILL,57,15,-1.8788444,-5.443988807,-177.0069124,-164.8268635,-9.830674683,179.3818604,0.36771515,0.481587201,0.355852932,0.605540633,0.358370453,0.358324528,0.233565539,0.247216105,0.040008886,0.498602926
p02,575642.312,0.547,STILL,57,16,4.956479122,-22.43255668,1.701111003,-157.9915399,-26.81924256,-1.910116187,0.3499749,0.481658906,0.337259322,0.606761634,0.341217905,0.36112383,0.231878832,0.245637804,0.037765393,0.490702463
p02,575642.328,0.563,STILL,57,17,4.896322716,-21.78102505,2.137231763,-158.0516963,-26.16771093,-1.473995426,0.332753181,0.479946315,0.321355194,0.604679346,0.326187432,0.360345379,0.230564073,0.244333968,0.028476898,0.489497788
p02,575642.359,0.594,STILL,57,18,4.874975529,-20.11795465,2.180052523,-158.0730435,-24.50464053,-1.431174667,0.317685843,0.478308797,0.308858216,0.603260875,0.312830389,0.35924089,0.231084362,0.244019985,0.021011608,0.487943261
p02,575642.406,0.641,STILL,57,19,4.349907705,-21.02730514,1.426317792,-158.5981114,-25.41399102,-2.184909397,0.307385176,0.477208138,0.3001149,0.603058159,0.300970346,0.358536363,0.231986746,0.244521797,0.027651712,0.485321867
p02,575642.437,0.672,STILL,57,20,4.967228029,-20.00028433,1.095997775,-157.980791,-24.38697021,-2.515229415,0.29818663,0.479300708,0.292167425,0.604327202,0.291427769,0.359266549,0.232527003,0.245060652,0.029066995,0.489814081
p02,575642.468,0.703,STILL,57,21,4.747122639,-19.6974868,0.989094455,-158.2008964,-24.08417268,-2.622132734,0.290336072,0.482030064,0.285390139,0.606757879,0.28350997,0.362151146,0.232473701,0.244606733,0.029362903,0.490088381
p02,575642.515,0.75,STILL,57,22,4.502344501,-18.7988084,0.972452104,-158.4456746,-23.18549428,-2.638775085,0.284062207,0.485076308,0.280252635,0.611064076,0.277388528,0.366519704,0.231327176,0.244544372,0.028849523,0.484806102
p02,575642.531,0.766,STILL,57,23,4.5714367,-17.82253826,0.891838032,-158.3765824,-22.20922414,-2.719389157,0.278941691,0.489509284,0.276640594,0.614796877,0.272399604,0.370035529,0.231496155,0.244761348,0.028260023,0.488123458
p02,575642.562,0.797,STILL,57,24,4.032489199,-19.79893406,-0.079577768,-158.9155299,-24.18561994,-3.690804957,0.276930362,0.491591573,0.275066018,0.61668402,0.26785589,0.372569621,0.23216489,0.244114399,0.039086323,0.487566291
p02,575642.609,0.844,STILL,57,25,4.276255389,-19.56590304,-0.554734989,-158.6717637,-23.95258891,-4.165962178,0.275997102,0.493275702,0.275485963,0.617391109,0.26575011,0.3740962,0.232265413,0.24329491,0.044117598,0.489856127
p02,575642.64,0.875,STILL,57,26,4.214238037,-18.93798281,-0.498145228,-158.733781,-23.32466868,-4.109372418,0.274843305,0.493604809,0.27503702,0.617474675,0.265387237,0.374610543,0.232109934,0.242864132,0.04073961,0.489962288
p02,575642.656,0.891,STILL,57,27,4.304761986,-19.41637789,-0.89176652,-158.6432571,-23.80306376,-4.502993709,0.274979919,0.493647575,0.275519997,0.617192864,0.264936388,0.374760181,0.231355682,0.242432684,0.043411649,0.490393427
p02,575642.703,0.938,STILL,57,28,4.620863046,-19.16920289,-0.731837616,-158.327156,-23.55588877,-4.343064806,0.274895817,0.493718833,0.275290966,0.617369771,0.265627787,0.374448285,0.231055081,0.242921486,0.04011178,0.490983939
p02,575642.734,0.969,STILL,57,29,4.831703581,-19.41756615,-0.611970431,-158.1163155,-23.80425203,-4.22319762,0.275900245,0.493044436,0.275727481,0.61676228,0.266618818,0.374341011,0.231076181,0.242421269,0.04016609,0.489657633
p02,575642.765,1,STILL,57,30,4.426241975,-20.36545478,-0.629884695,-158.5217771,-24.75214066,-4.241111884,0.276897192,0.491988212,0.276275814,0.616326571,0.267386578,0.373229817,0.230972961,0.243096754,0.041176309,0.488523164
p02,575642.796,1.031,STILL,57,31,4.410028023,-20.78377444,-0.644945571,-158.537991,-25.17046032,-4.25617276,0.27778706,0.490987957,0.276698679,0.61576879,0.268285379,0.373035803,0.23165223,0.242732987,0.041017005,0.485933761
p02,575642.828,1.063,STILL,57,32,4.495060401,-20.18141834,-0.300965767,-158.4529587,-24.56810422,-3.912192957,0.278340042,0.490189612,0.276332617,0.615487933,0.268960699,0.372056767,0.23167108,0.243431166,0.040485598,0.485282335
p02,575642.859,1.094,STILL,57,33,4.694207686,-19.98563246,0.16364676,-158.2538114,-24.37231834,-3.44758043,0.279487938,0.489712775,0.276778162,0.61501044,0.270981535,0.371846333,0.231423557,0.243164107,0.036756856,0.484719735
p02,575642.906,1.141,STILL,57,34,4.831220631,-20.59691205,0.076328874,-158.1167984,-24.98359793,-3.534898316,0.281862766,0.489023268,0.278151006,0.614371061,0.272855625,0.371472985,0.230694443,0.242898077,0.039043598,0.48394901
p02,575642.937,1.172,STILL,57,35,4.879492086,-20.71879632,-0.078054423,-158.068527,-25.10548219,-3.689281612,0.283352226,0.488297284,0.279688567,0.613676548,0.274069659,0.370772272,0.230301857,0.242904276,0.040306087,0.483832617
p02,575642.968,1.203,STILL,57,36,5.186646584,-20.52397785,-0.363644804,-157.7613725,-24.91066372,-3.974871994,0.284607708,0.487867475,0.281115085,0.61312747,0.274959169,0.370175093,0.230802596,0.242952377,0.041804292,0.484425725
p02,575643,1.235,STILL,57,37,5.058110149,-21.50215857,-0.54399743,-157.8899089,-25.88884445,-4.155224619,0.286199063,0.48730588,0.281680763,0.61215508,0.275548622,0.370318308,0.230408311,0.241836771,0.046224205,0.483746001
p02,575643.031,1.266,STILL,57,38,5.072197655,-21.00946322,-0.749619844,-157.8758214,-25.3961491,-4.360847034,0.28673172,0.486798584,0.283054173,0.611354232,0.275999762,0.370084494,0.23064594,0.241269737,0.04653001,0.483749397
p02,575643.062,1.297,STILL,57,39,4.834558661,-19.94513586,-0.557524963,-158.1134604,-24.33182174,-4.168752152,0.286695182,0.485606313,0.283821166,0.610339463,0.276586771,0.369326249,0.22997807,0.241013214,0.043953805,0.482463439
p02,575643.093,1.328,STILL,57,40,4.75801942,-19.90901962,-0.403405108,-158.1899996,-24.29570549,-4.014632297,0.287374943,0.48496455,0.284286082,0.609497547,0.27741535,0.369049698,0.229164422,0.240447849,0.04346047,0.48207897
p02,575643.125,1.36,STILL,57,41,4.681172849,-20.08693382,-0.521873612,-158.2668462,-24.4736197,-4.133100802,0.288173914,0.483938843,0.28521812,0.608379126,0.277809754,0.367765516,0.229139149,0.24061361,0.045230856,0.482821097
p02,575643.156,1.391,STILL,57,42,4.641067442,-19.85984801,-0.861723361,-158.3069516,-24.24653389,-4.47295055,0.289384454,0.48181951,0.28723079,0.607203901,0.278543256,0.36640738,0.228869602,0.240796521,0.04736845,0.479293182
p02,575643.203,1.438,STILL,57,43,4.784995351,-20.37633207,-1.446624356,-158.1630237,-24.76301795,-5.057851545,0.291549414,0.480162799,0.289927244,0.605770469,0.279529952,0.364314705,0.228432775,0.241455764,0.052617068,0.479790138
p02,575643.234,1.469,STILL,57,44,4.480718126,-21.42566025,-1.82757536,-158.4673009,-25.81234612,-5.438802549,0.293693572,0.477609277,0.292296916,0.604087532,0.281074561,0.362704962,0.228449166,0.241382569,0.05523772,0.476025733
p02,575643.265,1.5,STILL,57,45,4.186708717,-22.25160408,-2.191799689,-158.7613103,-26.63828995,-5.803026878,0.29625228,0.474383831,0.29454878,0.602591872,0.283237532,0.360798806,0.227273658,0.241793066,0.05726466,0.4697613
p02,575643.312,1.547,STILL,57,46,4.220638703,-23.22063185,-2.640773596,-158.7273804,-27.60731773,-6.252000785,0.298284233,0.472151339,0.295859903,0.601293147,0.284482375,0.359639332,0.227818668,0.241653815,0.060582647,0.465591687
p02,575643.328,1.563,STILL,57,47,4.173793521,-23.26733005,-2.736061451,-158.7742255,-27.65401593,-6.34728864,0.299196035,0.471375108,0.296873987,0.600938797,0.285332531,0.358659223,0.226709425,0.242279574,0.061150982,0.465230655
p02,575643.359,1.594,STILL,57,48,4.243177554,-23.49205466,-2.875022199,-158.7048415,-27.87874054,-6.486249389,0.300486296,0.471488118,0.297694504,0.601148248,0.286030106,0.358964503,0.226572782,0.242183745,0.063803737,0.464620842
p02,575643.39,1.625,STILL,57,49,4.204476354,-23.91714726,-2.933379141,-158.7435427,-28.30383313,-6.544606331,0.301845819,0.472144336,0.298716724,0.601622105,0.286879048,0.359483674,0.2260537,0.24213843,0.066208919,0.465273774
p02,575643.421,1.656,STILL,57,50,4.260909097,-24.0019003,-2.958818269,-158.68711,-28.38858618,-6.570045458,0.30297184,0.473288774,0.299900919,0.601608396,0.287969328,0.359936565,0.225882754,0.24167183,0.066417251,0.469033603
p02,575643.468,1.703,STILL,57,51,4.565527519,-24.26638055,-3.008508023,-158.3824915,-28.65306642,-6.619735213,0.304487407,0.474191099,0.300878167,0.601929486,0.289008424,0.360447988,0.226027429,0.241481498,0.068482766,0.471022055
p02,575643.5,1.735,STILL,57,52,4.88206472,-24.55537842,-3.061944857,-158.0659543,-28.9420643,-6.673172046,0.305943668,0.475303322,0.302206218,0.602068663,0.290325165,0.360556185,0.225999683,0.241512477,0.069108518,0.475118876
p02,575643.531,1.766,STILL,57,53,4.953435294,-23.94792142,-2.852836724,-157.9945838,-28.3346073,-6.464063913,0.307714731,0.474997312,0.30412218,0.601608396,0.292129792,0.359922037,0.225568652,0.241686359,0.069091774,0.476134755
p02,575643.562,1.797,STILL,57,54,5.160504771,-23.66043788,-2.864164283,-157.7875143,-28.04712375,-6.475391472,0.309119552,0.474630952,0.305859119,0.601147473,0.293539152,0.359051064,0.225908816,0.242096409,0.068967653,0.47741265
p02,575643.593,1.828,STILL,57,55,5.235977925,-23.15817273,-2.886890278,-157.7120411,-27.54485861,-6.498117467,0.31114316,0.473623663,0.308050394,0.600691974,0.295222759,0.358517408,0.225362256,0.242174566,0.070643598,0.475302823
p02,575643.64,1.875,STILL,57,56,5.335099992,-22.64252246,-2.573560936,-157.6129191,-27.02920833,-6.184788126,0.312743247,0.473174632,0.309688807,0.599896848,0.297575504,0.357628971,0.224836573,0.242267877,0.067461191,0.476933474
p02,575643.671,1.906,STILL,57,57,5.230289284,-22.85614261,-2.48432347,-157.7177298,-27.24282849,-6.095550659,0.314560115,0.472440034,0.31154868,0.599505603,0.299890012,0.356995553,0.224923253,0.242510051,0.065222709,0.476039987
p02,575643.703,1.938,STILL,57,58,5.721183635,-21.88865795,-2.145016808,-157.2268354,-26.27534383,-5.756243998,0.316295654,0.472124934,0.312953621,0.598975539,0.302247614,0.355783746,0.224971741,0.243191794,0.062443575,0.47839274
p02,575643.734,1.969,STILL,57,59,5.776989112,-21.37060155,-1.948460531,-157.1710299,-25.75728743,-5.55968772,0.318132311,0.470965326,0.314666748,0.597607136,0.304424278,0.355718434,0.224779904,0.241888702,0.060984245,0.476445948
p02,575643.765,2,STILL,57,60,-0.063459541,1.796301462,179.7654867,-163.0114786,-2.590384413,176.1542595,0.31976217,0.47086677,0.315810621,0.596652031,0.306033522,0.354958266,0.225617558,0.241693765,0.060849202,0.47956762
p02,575646.468,0,STILL,58,0,0.65336397,-5.163668037,6.779673951,-162.2946551,-9.550353913,3.168446762,0.555480897,0.388233125,0.545201063,0.494006634,0.556350678,0.320379689,0.156659991,0.173626944,-0.005552029,0.39080015
p02,575646.5,0.032,STILL,58,1,0.724012865,-4.92198363,6.582963672,-162.2240062,-9.308669506,2.971736483,0.555427372,0.38830483,0.545243144,0.494313896,0.555875957,0.320428401,0.15696308,0.173885494,-0.002857899,0.390351297
p02,575646.531,0.063,STILL,58,2,0.654056807,-5.348601356,6.520984115,-162.2939623,-9.735287232,2.909756926,0.555357933,0.388092518,0.545222998,0.494401008,0.555822909,0.320117816,0.157457203,0.174283192,-0.00295303,0.390024425
p02,575646.562,0.094,STILL,58,3,0.25179768,-5.116210808,6.617431748,-162.6962214,-9.502896684,3.006204559,0.555036902,0.387743562,0.545119047,0.494774163,0.555729002,0.320190147,0.157607526,0.174584016,-0.004391284,0.386939294
p02,575646.593,0.125,STILL,58,4,0.174826717,-4.990077207,6.843075941,-162.7731923,-9.376763083,3.231848752,0.554416656,0.388226151,0.544431984,0.495392442,0.555303127,0.320525765,0.157640576,0.174866676,-0.005623362,0.387154302
p02,575646.625,0.157,STILL,58,5,-0.075845489,-4.459209763,7.24332632,-163.0238646,-8.845895638,3.63209913,0.553893447,0.388594538,0.543899834,0.495927304,0.555419743,0.32103844,0.15781951,0.174888864,-0.00967115,0.386280158
p02,575646.656,0.188,STILL,58,6,0.038355763,-4.015041525,7.392745375,-162.9096633,-8.401727401,3.781518186,0.55344826,0.389426053,0.543580115,0.49665761,0.555235624,0.321353331,0.157696277,0.175304279,-0.011334221,0.388311808
p02,575646.703,0.235,STILL,58,7,0.229956266,-3.686970344,7.358376463,-162.7180628,-8.07365622,3.747149273,0.553374827,0.389504999,0.543617725,0.496822119,0.555293649,0.321615428,0.158065051,0.175206691,-0.012139448,0.387482754
p02,575646.734,0.266,STILL,58,8,0.368490764,-4.127523642,7.315622695,-162.5795283,-8.514209517,3.704395506,0.553282976,0.389881343,0.543432415,0.497095585,0.555084318,0.321799368,0.15803349,0.175296217,-0.011398481,0.388382454
p02,575646.765,0.297,STILL,58,9,0.430653043,-3.58192909,7.288771606,-162.517366,-7.968614965,3.677544417,0.5527879,0.389997423,0.543209255,0.497170061,0.554697424,0.32182011,0.15834561,0.175349951,-0.012059218,0.388807139
p02,575646.796,0.328,STILL,58,10,0.288049066,-4.008226134,7.171920221,-162.65997,-8.39491201,3.560693032,0.552544653,0.389774323,0.543046892,0.497295737,0.554395646,0.321767315,0.158306867,0.175528422,-0.011692433,0.387441569
p02,575646.828,0.36,STILL,58,11,0.90727232,-3.421874768,7.051786016,-162.0407467,-7.808560643,3.440558826,0.55194962,0.389960945,0.5427773,0.497163266,0.553915441,0.321429521,0.158761829,0.175733745,-0.0123822,0.389973046
p02,575646.859,0.391,STILL,58,12,0.856234343,-3.509812594,7.001287293,-162.0917847,-7.89649847,3.390060104,0.551717341,0.389717519,0.542537332,0.497143358,0.553594142,0.321086213,0.158752799,0.176057145,-0.011822162,0.389824033
p02,575646.906,0.438,STILL,58,13,0.845496795,-3.477560221,6.840842986,-162.1025223,-7.864246097,3.229615797,0.551410377,0.389352709,0.542534888,0.496839464,0.553244144,0.320667416,0.158741206,0.176172048,-0.011551926,0.389876226
p02,575646.921,0.453,STILL,58,14,0.904619731,-3.540812001,6.854057338,-162.0433993,-7.927497877,3.242830149,0.551010787,0.389009863,0.542195439,0.496588051,0.552947968,0.320412889,0.158448011,0.176175162,-0.012225971,0.38936802
p02,575646.968,0.5,STILL,58,15,0.961570781,-3.552680212,6.780091443,-161.9864483,-7.939366087,3.168864254,0.550847828,0.388856441,0.541876733,0.496245801,0.552573189,0.320323214,0.158503592,0.175922588,-0.01088531,0.389564682
p02,575647,0.532,STILL,58,16,0.885426244,-3.850877216,6.817210615,-162.0625928,-8.237563092,3.205983426,0.550682783,0.388890475,0.541714966,0.496313542,0.552490905,0.320200726,0.158486724,0.176112816,-0.011408664,0.390032652
p02,575647.031,0.563,STILL,58,17,0.979785723,-4.09527545,6.788072701,-161.9682333,-8.481961325,3.176845511,0.5507164,0.389095843,0.541484833,0.496664107,0.552305296,0.320282802,0.158499002,0.176381305,-0.010024643,0.390137951
p02,575647.062,0.594,STILL,58,18,0.994952846,-4.024530423,6.855370454,-161.9530662,-8.411216299,3.244143265,0.550547123,0.389523953,0.541271865,0.496971607,0.552244172,0.320496306,0.158520907,0.176475301,-0.010705519,0.391146222
p02,575647.093,0.625,STILL,58,19,1.133870959,-4.256743971,6.765168349,-161.8141481,-8.643429847,3.15394116,0.550840795,0.389665306,0.54123348,0.497011691,0.552219719,0.320710316,0.15832746,0.176301375,-0.008709315,0.391119975
p02,575647.125,0.657,STILL,58,20,1.050350844,-4.143951589,6.765301217,-161.8976682,-8.530637465,3.154074028,0.551025748,0.389597118,0.541523576,0.497065276,0.552321017,0.320800766,0.158371627,0.17626451,-0.008178665,0.390301778
p02,575647.156,0.688,STILL,58,21,1.320623126,-4.031143913,6.810939678,-161.6273959,-8.417829789,3.199712489,0.551132679,0.389732629,0.541610003,0.496985853,0.552640766,0.320697546,0.158478618,0.176288307,-0.009516028,0.391603302
p02,575647.203,0.735,STILL,58,22,1.158909512,-4.120032523,7.051032813,-161.7891096,-8.506718399,3.439805623,0.551570594,0.389431655,0.541582644,0.496800721,0.553368628,0.320453271,0.158170283,0.176347449,-0.011367709,0.39115045
p02,575647.234,0.766,STILL,58,23,0.815847401,-3.945882091,7.150146307,-162.1321717,-8.332567967,3.538919118,0.551670194,0.388982445,0.541608453,0.496697962,0.553452566,0.320419684,0.157994241,0.176278278,-0.01128125,0.388946169
p02,575647.265,0.797,STILL,58,24,0.760144049,-4.735372208,7.088205957,-162.187875,-9.122058084,3.476978768,0.552302599,0.389069498,0.542067587,0.496865034,0.553837389,0.320536867,0.158070445,0.176328167,-0.00970953,0.388665248
p02,575647.296,0.828,STILL,58,25,1.126890721,-4.738616191,7.147715062,-161.8211283,-9.125302067,3.536487873,0.552577078,0.389954865,0.542395175,0.497482777,0.554474741,0.320755765,0.158038259,0.176727012,-0.012007617,0.391559272
p02,575647.328,0.86,STILL,58,26,0.659539271,-4.990207083,7.333967589,-162.2884798,-9.376892959,3.7227404,0.553034663,0.390032649,0.542661369,0.49757427,0.555165619,0.321238235,0.158221185,0.176336035,-0.013468206,0.390132478
p02,575647.375,0.907,STILL,58,27,0.836151355,-4.437362656,7.459578042,-162.1118677,-8.824048532,3.848350852,0.553205669,0.390204966,0.542987704,0.497948617,0.555625439,0.321383744,0.158529401,0.176564872,-0.015263855,0.389778673
p02,575647.39,0.922,STILL,58,28,0.926667327,-4.851280435,7.379246727,-162.0213517,-9.237966311,3.768019538,0.553633571,0.390554845,0.543267787,0.497977078,0.555898875,0.321493432,0.158499479,0.176483646,-0.014292188,0.391319054
p02,575647.421,0.953,STILL,58,29,0.721309174,-4.959433468,7.31614296,-162.2267099,-9.346119344,3.704915771,0.553874791,0.390353322,0.543437898,0.497959554,0.555903554,0.32134518,0.158493102,0.176614374,-0.012800326,0.390727777
p02,575647.468,1,STILL,58,30,1.066530841,-4.789259756,7.302033789,-161.8814882,-9.175945631,3.6908066,0.553966522,0.390564173,0.543711364,0.497748315,0.556255132,0.321197376,0.158762932,0.17655094,-0.014415265,0.392899624
p02,575647.5,1.032,STILL,58,31,0.783384068,-5.22911196,7.238410405,-162.164635,-9.615797836,3.627183216,0.554452896,0.39043653,0.543905437,0.497662723,0.556230396,0.321264729,0.158815116,0.176397994,-0.011192259,0.392134851
p02,575647.531,1.063,STILL,58,32,0.740834989,-5.659155306,7.163667107,-162.2071841,-10.04584118,3.552439917,0.554716825,0.390634537,0.544097304,0.498162806,0.556457162,0.321269602,0.158753097,0.176893204,-0.010962535,0.392128886
p02,575647.578,1.11,STILL,58,33,0.884337496,-5.849665531,7.104860292,-162.0636816,-10.23635141,3.493633103,0.554962754,0.390734792,0.544329405,0.498128474,0.556775928,0.321260482,0.158962131,0.176867992,-0.011406322,0.392803181
p02,575647.593,1.125,STILL,58,34,0.902766335,-5.957112648,6.997931746,-162.0452527,-10.34379852,3.386704557,0.555201113,0.391324937,0.54461211,0.498368382,0.556698769,0.321303964,0.159135342,0.177064419,-0.00941121,0.395454796
p02,575647.64,1.172,STILL,58,35,1.127422885,-6.102693935,6.940687021,-161.8205962,-10.48937981,3.329459832,0.555506408,0.391625941,0.544828176,0.498561442,0.557049066,0.321241066,0.159417778,0.177320376,-0.009676823,0.396936193
p02,575647.671,1.203,STILL,58,36,1.177574151,-6.517119794,6.955791704,-161.7704449,-10.90380567,3.344564515,0.555848837,0.391609699,0.544888794,0.498696595,0.557342678,0.32125783,0.159386486,0.177438766,-0.009372447,0.396485337
p02,575647.703,1.235,STILL,58,37,1.041433719,-6.249547343,6.940032685,-161.9065853,-10.63623322,3.328805496,0.556414545,0.391094506,0.545447767,0.498408973,0.55767262,0.320707634,0.159686804,0.177701339,-0.007878392,0.396096462
p02,575647.734,1.266,STILL,58,38,0.870767065,-6.766770403,6.970051935,-162.077252,-11.15345628,3.358824745,0.556975663,0.390792638,0.545635819,0.498454839,0.557977408,0.320375398,0.159630299,0.178079441,-0.006275409,0.395425995
p02,575647.765,1.297,STILL,58,39,1.185861373,-6.778615803,6.874947904,-161.7621577,-11.16530168,3.263720715,0.557620049,0.391078323,0.546082914,0.498520136,0.558438927,0.320432797,0.159620643,0.178087339,-0.005130154,0.396690335
p02,575647.796,1.328,STILL,58,40,1.412939324,-7.429108746,6.847674412,-161.5350797,-11.81579462,3.236447222,0.558357298,0.391347826,0.546463013,0.498638213,0.559155047,0.320462227,0.159724027,0.178175986,-0.004994543,0.397840362
p02,575647.843,1.375,STILL,58,41,1.409993784,-7.042791854,7.072082465,-161.5380253,-11.42947773,3.460855275,0.559011996,0.392193496,0.546858668,0.499072492,0.559883773,0.320859641,0.15997982,0.178212851,-0.005449297,0.400273352
p02,575647.875,1.407,STILL,58,42,1.636009992,-7.541129449,7.038921583,-161.3120091,-11.92781533,3.427694393,0.559960723,0.393069714,0.547543943,0.499678135,0.560796082,0.321487233,0.159650385,0.178190902,-0.005232428,0.401717936
p02,575647.906,1.438,STILL,58,43,1.567359418,-7.888988787,7.139460972,-161.3806596,-12.27567466,3.528233782,0.560505211,0.393587589,0.547914445,0.500189602,0.56156674,0.321870089,0.159702718,0.178319514,-0.006646906,0.402185376
p02,575647.937,1.469,STILL,58,44,1.205134612,-8.406575249,7.328902874,-161.7428844,-12.79326113,3.717675685,0.561475813,0.393448502,0.548269629,0.500603259,0.562476069,0.321922868,0.159852505,0.17868039,-0.006257364,0.40029929
p02,575647.968,1.5,STILL,58,45,1.505877291,-8.575731072,7.3717755,-161.4421418,-12.96241695,3.76054831,0.562284768,0.394013107,0.548808694,0.500585496,0.563289553,0.322114795,0.159995735,0.178470701,-0.006280076,0.402857786
p02,575648.015,1.547,STILL,58,46,1.668678544,-8.849500878,7.183483472,-161.2793405,-13.23618675,3.572256283,0.563522339,0.394251704,0.549895942,0.500998974,0.564066261,0.321994752,0.160205275,0.179004222,-0.003395158,0.403660605
p02,575648.046,1.578,STILL,58,47,2.075716711,-9.430960673,7.275719131,-160.8723024,-13.81764655,3.664491942,0.564341307,0.39449051,0.550058484,0.500984073,0.565302402,0.321947694,0.16041556,0.179036379,-0.005991283,0.405184783
p02,575648.078,1.61,STILL,58,48,2.117556338,-9.563424806,7.371550063,-160.8304627,-13.95011068,3.760322874,0.565175593,0.394734591,0.55070287,0.501073122,0.566035599,0.321915254,0.160396755,0.179157868,-0.00536174,0.406453471
p02,575648.093,1.625,STILL,58,49,2.265372706,-9.573217966,7.53469556,-160.6826464,-13.95990384,3.923468371,0.565744102,0.39547506,0.550950289,0.501357019,0.566741526,0.322069883,0.160358757,0.179287136,-0.006219954,0.409428017
p02,575648.14,1.672,STILL,58,50,2.554224769,-10.07923703,7.422064663,-160.3937943,-14.46592291,3.810837474,0.566963136,0.395839721,0.551915169,0.50176543,0.567709655,0.322159737,0.160589725,0.179605693,-0.004648606,0.410231895
p02,575648.171,1.703,STILL,58,51,2.818125382,-10.72298545,7.381690775,-160.1298937,-15.10967133,3.770463586,0.567803979,0.396467,0.55237937,0.502126217,0.568542242,0.322111666,0.160555184,0.180014551,-0.004598189,0.413051799
p02,575648.203,1.735,STILL,58,52,2.817738679,-10.55095973,7.412627575,-160.1302804,-14.93764561,3.801400386,0.568549633,0.396859735,0.553004801,0.502316594,0.569116801,0.322284907,0.16046083,0.180031687,-0.00353462,0.41423168
p02,575648.234,1.766,STILL,58,53,2.790631426,-11.14405396,7.289785992,-160.1573876,-15.53073984,3.678558803,0.569595754,0.396874309,0.553864002,0.502410412,0.569853812,0.322054625,0.160331786,0.180355787,-0.001609527,0.41484493
p02,575648.265,1.797,STILL,58,54,2.937238841,-11.13428682,7.221175446,-160.0107802,-15.5209727,3.609948257,0.570247412,0.396714449,0.554391265,0.502149999,0.570439249,0.321432173,0.160615087,0.180717826,-0.001194393,0.416573602
p02,575648.296,1.828,STILL,58,55,3.446733729,-11.52472391,6.931474564,-159.5012853,-15.91140978,3.320247374,0.571529448,0.396624267,0.555350304,0.501695335,0.571196139,0.321246624,0.16092664,0.180448711,0.002071187,0.417723367
p02,575648.343,1.875,STILL,58,56,3.076762285,-10.65996298,7.112573449,-159.8712568,-15.04664886,3.50134626,0.571367383,0.396257967,0.555623293,0.501305103,0.571344197,0.321291715,0.161048651,0.180013388,0.00014397,0.416448202
p02,575648.375,1.907,STILL,58,57,2.909581116,-10.64707319,7.186936048,-160.0384379,-15.03375906,3.575708859,0.571580648,0.396340281,0.555742741,0.501457572,0.571483135,0.321303174,0.160972565,0.180154398,0.000605775,0.416515543
p02,575648.406,1.938,STILL,58,58,2.871891526,-10.90719488,7.235928728,-160.0761275,-15.29388075,3.624701539,0.571811378,0.39685297,0.555782437,0.50180608,0.571669817,0.32138887,0.160938174,0.18041721,0.000879599,0.418275505
p02,575648.437,1.969,STILL,58,59,3.047789823,-10.89732808,7.281102047,-159.9002292,-15.28401395,3.669874858,0.57203877,0.397079498,0.555844069,0.502072215,0.571927279,0.321660951,0.160850704,0.180411264,0.00069313,0.418036795
p02,575648.468,2,STILL,58,60,3.310121402,-10.83278101,7.18302385,-159.6378977,-15.21946688,3.571796661,0.572092533,0.397777379,0.556082428,0.502414167,0.571871668,0.321767807,0.161060929,0.18064636,0.001371313,0.420764479
p02,575651.109,0,SHAKE,59,0,3.210894133,-5.808909258,0.058328417,-159.7371249,-10.19559513,-3.552898772,0.849491894,0.533040881,0.800997913,0.766010404,0.812011242,0.30748482,0.435087442,0.458525583,0.086145103,0.491915978
p02,575651.14,0.031,SHAKE,59,1,-6.96218612,-41.05948403,-177.1818577,-169.9102052,-45.44616991,179.2069151,0.862626076,0.549536467,0.813243985,0.785683155,0.826779425,0.308930472,0.448404849,0.476752684,0.079942603,0.50467675
p02,575651.187,0.078,SHAKE,59,2,-5.897387435,-41.20947635,-176.884288,-168.8454065,-45.59616223,179.5044848,0.874631882,0.562665224,0.822063565,0.804089785,0.84384194,0.314383805,0.469777226,0.48970598,0.06554158,0.507000996
p02,575651.203,0.094,SHAKE,59,3,-5.49019392,-41.19239684,-177.3959766,-168.438213,-45.57908271,178.9927963,0.888309717,0.579377532,0.836772144,0.822397947,0.855692774,0.321588859,0.478074968,0.500809088,0.068225582,0.514744399
p02,575651.234,0.125,SHAKE,59,4,4.971679596,5.142007477,3.441327388,-157.9763395,0.755321601,-0.169899801,0.899746299,0.593914747,0.845081389,0.841153145,0.885477304,0.332500085,0.507950068,0.50865306,0.028091333,0.513935102
p02,575651.281,0.172,SHAKE,59,5,-4.211505835,-36.11989547,-174.9303285,-167.1595249,-40.50658135,-178.5415557,0.916999876,0.607893407,0.859750092,0.857723832,0.899781644,0.341463521,0.515642285,0.516260311,0.033391816,0.516076639
p02,575651.312,0.203,SHAKE,59,6,-6.609539246,-38.44918925,-175.0600344,-169.5575583,-42.83587513,-178.6712616,0.936397851,0.616442978,0.873653233,0.875529647,0.906374991,0.354691312,0.523976326,0.520838335,0.057298122,0.502558374
p02,575651.343,0.234,SHAKE,59,7,-10.34707839,-39.04609604,-174.838929,-173.2950975,-43.43278191,-178.4501562,0.947214603,0.624660254,0.888926506,0.893225789,0.911027849,0.370957017,0.535577893,0.522268772,0.067565811,0.485771408
p02,575651.375,0.266,SHAKE,59,8,-13.57899111,-43.15595784,-175.4398319,-176.5270102,-47.54264372,-179.0510591,0.964522898,0.631821811,0.911612391,0.906646311,0.920237005,0.376432642,0.541202903,0.530213669,0.081828632,0.481672171
p02,575651.406,0.297,SHAKE,59,9,-13.39235198,-39.77366112,-174.9160377,-176.340371,-44.16034699,-178.5272649,0.979923248,0.64071101,0.927712202,0.914623737,0.941899061,0.380970195,0.547917068,0.533653542,0.069397705,0.486721803
p02,575651.437,0.328,SHAKE,59,10,-14.70206872,-45.73158693,-176.4143658,-177.6500878,-50.11827281,179.9744071,1.003391623,0.637143791,0.953485548,0.929900646,0.956368625,0.374367982,0.560949802,0.555532664,0.083827462,0.473015946
p02,575651.484,0.375,SHAKE,59,11,-13.79615011,-45.12739129,-174.801051,-176.7441692,-49.51407716,-178.4122782,1.027227879,0.638384521,0.960202992,0.942218781,0.984141588,0.371019006,0.57586807,0.571199775,0.074819725,0.468077067
p02,575651.515,0.406,SHAKE,59,12,-12.2145271,-43.94211784,-175.2943507,-175.1625462,-48.32880372,-178.9055779,1.040483832,0.645845473,0.976377487,0.954982281,1.000640213,0.372095436,0.596168876,0.582886845,0.066832773,0.469645248
p02,575651.531,0.422,SHAKE,59,13,-17.29074848,-47.22096661,-173.8440676,179.7612325,-51.60765248,-177.4552948,1.065752387,0.644199371,0.991368353,0.961487174,1.009646714,0.379259124,0.603758037,0.58222805,0.092927414,0.455045488
p02,575651.578,0.469,SHAKE,59,14,-14.64150446,-48.27176531,-175.3262131,-177.5895235,-52.65845119,-178.9374403,1.06898272,0.65316844,0.994354546,0.966622233,1.009225607,0.37723048,0.597854257,0.589391753,0.099952644,0.46817411
p02,575651.609,0.5,SHAKE,59,15,-15.32114505,-50.54672157,-176.9166534,-178.2691641,-54.93340745,179.4721194,1.082572579,0.655083656,1.017277241,0.9685812,1.011739016,0.374309182,0.6017946,0.594272017,0.117703887,0.472467937
p02,575651.64,0.531,SHAKE,59,16,-13.10729794,-48.8782831,-177.8617616,-176.055317,-53.26496898,178.5270112,1.08308351,0.650810122,1.021250606,0.975624561,1.01699841,0.374169335,0.609169066,0.601455227,0.108484005,0.459952421
p02,575651.671,0.562,SHAKE,59,17,-12.37089827,-48.00581889,-178.5103712,-175.3189173,-52.39250476,177.8784016,1.081548691,0.651626408,1.026238203,0.973549426,1.015618503,0.371528938,0.613537192,0.602020487,0.107459154,0.465262355
p02,575651.703,0.594,SHAKE,59,18,-11.32720081,-46.97023032,-178.2951445,-174.2752199,-51.3569162,178.0936283,1.076931357,0.64832437,1.018381476,0.964987755,1.014897048,0.367426187,0.610628009,0.597561568,0.101590998,0.470074045
p02,575651.734,0.625,SHAKE,59,19,-9.007167501,-43.28999273,-178.2694927,-171.9551866,-47.6766786,178.1192801,1.067906976,0.644042492,1.009995818,0.956904471,1.011520743,0.365993381,0.605488122,0.59091109,0.093125249,0.470543058
p02,575651.781,0.672,SHAKE,59,20,-9.878516547,-44.75888006,-177.7407178,-172.8265356,-49.14556594,178.648055,1.055272222,0.634617507,1.001672506,0.939382434,1.00634861,0.357394204,0.596694767,0.58198823,0.081991018,0.476338334
p02,575651.796,0.687,SHAKE,59,21,-9.373050633,-43.776617,-179.0644008,-172.3210697,-48.16330288,177.3243721,1.045268893,0.61494559,1.003137589,0.922865033,0.997979134,0.344182089,0.594558477,0.578682944,0.079537608,0.467896115
p02,575651.875,0.766,SHAKE,59,22,-12.11620479,-42.24101637,-177.7658342,-175.0642239,-46.62770224,178.6229386,1.039747596,0.592584372,0.994872808,0.901326895,0.995224595,0.336217552,0.590651035,0.565109342,0.075379536,0.453658788
p02,575651.89,0.781,SHAKE,59,23,-12.37457224,-39.12198997,-175.3538877,-175.3225913,-43.50867585,-178.9651149,1.030832052,0.581763923,0.974955499,0.883013129,0.992351413,0.330749303,0.588649273,0.552263826,0.065371081,0.454519395
p02,575651.906,0.797,SHAKE,59,24,-11.87425576,-41.23700093,-175.228258,-174.8222748,-45.62368681,-178.8394852,1.006271839,0.576337814,0.950486481,0.85911566,0.965987951,0.325259835,0.555598855,0.533855826,0.072505348,0.470310462
p02,575651.937,0.828,SHAKE,59,25,-9.874336464,-38.9157519,-175.9896105,-172.8223555,-43.30243777,-179.6008377,0.984750152,0.560459733,0.934728861,0.828316867,0.947964787,0.313291937,0.526616335,0.51502493,0.069852304,0.479914236
p02,575651.968,0.859,SHAKE,59,26,-8.22224097,-35.2006295,-174.6986711,-171.17026,-39.58731537,-178.3098983,0.959595144,0.540357292,0.908037663,0.814359486,0.936964869,0.302597463,0.52224344,0.511762023,0.043332807,0.464590606
p02,575652,0.891,SHAKE,59,27,-17.32660596,-48.33093473,-172.7414584,179.725375,-52.71762061,-176.3526856,0.940256894,0.523507476,0.884351611,0.785962403,0.89710018,0.294437781,0.498604298,0.491524622,0.086555037,0.466039105
p02,575652.046,0.937,SHAKE,59,28,-0.436896441,2.25513829,3.231510684,-163.3849155,-2.131547586,-0.379716505,0.921956122,0.507137656,0.875770926,0.769282579,0.896536112,0.285274833,0.484184027,0.484007746,0.05250072,0.458386926
p02,575652.062,0.953,SHAKE,59,29,3.715702802,3.364761859,2.18411144,-159.2323163,-1.021924017,-1.427115749,0.909377158,0.495847851,0.865268707,0.751374602,0.89105612,0.268737122,0.474002242,0.48263748,0.038651795,0.470561732
p02,575652.109,1,SHAKE,59,30,1.665249696,-1.415357122,0.62590352,-161.2827694,-5.802042998,-2.98532367,0.896835148,0.47897923,0.854634345,0.731865764,0.867196083,0.259549871,0.449136138,0.472315893,0.065991272,0.464581782
p02,575652.14,1.031,SHAKE,59,31,1.099674712,-3.035868827,0.047042515,-161.8483444,-7.422554703,-3.564184675,0.879563928,0.467887402,0.841942608,0.715946376,0.848983616,0.254366264,0.439133644,0.461580113,0.069637825,0.462587386
p02,575652.187,1.078,SHAKE,59,32,1.307384751,-2.729436975,0.129679262,-161.6406343,-7.116122851,-3.481547928,0.864506721,0.456325531,0.830994368,0.700774908,0.836305588,0.251347139,0.418697536,0.449427769,0.067354428,0.456087509
p02,575652.218,1.109,SHAKE,59,33,2.11780211,-3.649872413,-0.032161402,-160.830217,-8.036558288,-3.643388592,0.851640582,0.445607185,0.818167567,0.681241989,0.823178828,0.248237967,0.400596321,0.433004022,0.071048467,0.455813822
p02,575652.25,1.141,SHAKE,59,34,2.158301919,-4.0928527,-0.439845121,-160.7897171,-8.479538576,-4.05107231,0.839350581,0.434000134,0.805751383,0.666564107,0.809277296,0.245030329,0.390748024,0.421533778,0.076963371,0.448291016
p02,575652.281,1.172,SHAKE,59,35,2.045435068,-3.737619232,-0.300480304,-160.902584,-8.124305108,-3.911707494,0.822053969,0.423609912,0.791152835,0.652944684,0.795930356,0.240700454,0.382093966,0.412244231,0.068369604,0.44369198
p02,575652.312,1.203,SHAKE,59,36,2.086843374,-2.848358399,-0.213856042,-160.8611757,-7.235044275,-3.825083232,0.805115521,0.414768785,0.779418468,0.639461637,0.783287376,0.236886218,0.374029338,0.402575418,0.058359446,0.441861472
p02,575652.343,1.234,SHAKE,59,37,1.853822384,-3.486710229,-0.220751269,-161.0941967,-7.873396105,-3.831978458,0.791952729,0.40309149,0.767974496,0.626113534,0.771704972,0.23221463,0.364167094,0.393898904,0.055600184,0.433808926
p02,575652.375,1.266,SHAKE,59,38,1.45367835,-3.888281986,-0.420925024,-161.4943407,-8.274967862,-4.032152214,0.779897928,0.392265946,0.758004844,0.612722576,0.760289997,0.228090867,0.354532123,0.384631708,0.055306502,0.426837088
p02,575652.406,1.297,SHAKE,59,39,1.135854515,-4.413855334,-0.530834032,-161.8121645,-8.80054121,-4.142061222,0.767904103,0.382011712,0.747398436,0.600579381,0.748960316,0.22371728,0.346148372,0.376862101,0.05472736,0.420032769
p02,575652.437,1.328,SHAKE,59,40,0.545998347,-4.284749294,-0.366538891,-162.4020207,-8.67143517,-3.97776608,0.75657779,0.37222299,0.736993849,0.588810265,0.738706142,0.220735766,0.338294566,0.368074499,0.052828658,0.411566746
p02,575652.468,1.359,SHAKE,59,41,0.486514233,-4.268773251,-0.274280954,-162.4615048,-8.655459127,-3.885508144,0.744836986,0.365470707,0.726620018,0.579361022,0.72919926,0.218145348,0.331290781,0.361215673,0.047202417,0.407859819
p02,575652.531,1.422,SHAKE,59,42,0.319408493,-4.960921166,-0.44692186,-162.6286106,-9.347607042,-4.058149049,0.736252725,0.35929358,0.718870342,0.570862472,0.720285356,0.215835676,0.324955106,0.355026796,0.049137154,0.404076272
p02,575652.562,1.453,SHAKE,59,43,0.305365314,-5.65956714,-0.59133638,-162.6426537,-10.04625302,-4.202563569,0.728000522,0.354593128,0.710831344,0.563813329,0.712107807,0.214193925,0.319758296,0.349619403,0.049702273,0.401577262
p02,575652.578,1.469,SHAKE,59,44,0.409849631,-6.025321017,-0.780944843,-162.5381694,-10.41200689,-4.392172032,0.720230997,0.351606339,0.703551888,0.557542205,0.704142421,0.213822387,0.31508702,0.343719818,0.051060736,0.400861239
p02,575652.609,1.5,SHAKE,59,45,1.021027031,-6.11500625,-0.906114959,-161.926992,-10.50169213,-4.517342148,0.712601125,0.35165444,0.69667238,0.552853227,0.697373092,0.214248143,0.309511006,0.338605084,0.049200296,0.405801046
p02,575652.64,1.531,SHAKE,59,46,1.00370715,-6.217790406,-0.800398276,-161.9443119,-10.60447628,-4.411625465,0.705962539,0.350551069,0.69036448,0.549200654,0.691235244,0.214659609,0.304057896,0.334541045,0.048435823,0.406202652
p02,575652.671,1.562,SHAKE,59,47,1.09602608,-6.749665528,-0.825352552,-161.851993,-11.1363514,-4.436579741,0.700454473,0.349396825,0.685140371,0.545274377,0.685831636,0.214745417,0.299402118,0.33052896,0.048840127,0.407381573
p02,575652.703,1.594,SHAKE,59,48,1.357539778,-7.376114791,-0.924411994,-161.5904793,-11.76280067,-4.535639183,0.695867062,0.348636627,0.680298269,0.542516112,0.680878073,0.214573324,0.295784712,0.327942789,0.050675333,0.408800889
p02,575652.734,1.625,SHAKE,59,49,1.612173784,-7.943059095,-1.095417689,-161.3358453,-12.32974497,-4.706644878,0.69211489,0.347428203,0.676376224,0.539097846,0.676431596,0.213957042,0.292048693,0.325140804,0.053700954,0.410502648
p02,575652.765,1.656,SHAKE,59,50,1.440426579,-8.410537762,-0.920887525,-161.5075925,-12.79722364,-4.532114714,0.688168526,0.345009923,0.67222172,0.535886645,0.672830552,0.213936657,0.28827709,0.321949989,0.053205664,0.407123065
p02,575652.812,1.703,SHAKE,59,51,1.427818705,-8.893281267,-0.902834069,-161.5202004,-13.27996714,-4.514061259,0.684737682,0.343663275,0.668555319,0.533124924,0.669193268,0.213470265,0.285161674,0.319654658,0.054510883,0.407292703
p02,575652.843,1.734,SHAKE,59,52,1.596700576,-9.649955581,-1.008998458,-161.3513185,-14.03664146,-4.620225647,0.682523012,0.342419684,0.665416658,0.530550539,0.666116714,0.212779179,0.283068478,0.31777136,0.057958759,0.407967869
p02,575652.875,1.766,SHAKE,59,53,1.536634352,-9.715880654,-1.017998506,-161.4113847,-14.10256653,-4.629225696,0.67985177,0.341041148,0.662705719,0.528915405,0.663289934,0.212541558,0.282103717,0.316373847,0.058708322,0.406163755
p02,575652.906,1.797,SHAKE,59,54,1.548340522,-10.41038534,-1.161198746,-161.3996785,-14.79707121,-4.772425935,0.678312004,0.340573847,0.660576999,0.527329564,0.660869569,0.212487832,0.280237675,0.314841732,0.062241578,0.406826676
p02,575652.937,1.828,SHAKE,59,55,1.189567393,-10.78758096,-1.105343622,-161.7584517,-15.17426684,-4.716570811,0.676197648,0.339603603,0.65850842,0.526391864,0.658682942,0.212924913,0.278319538,0.313466951,0.062930205,0.404121359
p02,575652.968,1.859,SHAKE,59,56,1.356908535,-11.57522438,-1.208005561,-161.5911105,-15.96191026,-4.81923275,0.67429924,0.339571029,0.656500936,0.525484383,0.656823277,0.213352405,0.277192175,0.312131979,0.063046378,0.404375819
p02,575653,1.891,SHAKE,59,57,1.502587315,-11.72657441,-1.285026355,-161.4454317,-16.11326028,-4.896253545,0.672346532,0.339881539,0.654485941,0.524761438,0.65479365,0.21384187,0.275798202,0.310919568,0.063643934,0.405377088
p02,575653.031,1.922,SHAKE,59,58,1.971790727,-12.3704451,-1.478242872,-160.9762283,-16.75713098,-5.089470062,0.670818567,0.341231227,0.652222514,0.524300158,0.652773887,0.214442395,0.27520299,0.309857763,0.06556862,0.409183978
p02,575653.062,1.953,SHAKE,59,59,2.157531624,-12.42290958,-1.475671436,-160.7904874,-16.80959546,-5.086898625,0.668708563,0.341733783,0.649939239,0.524311185,0.650934219,0.214886136,0.273988426,0.309425049,0.064872607,0.409946279
p02,575653.109,2,SHAKE,59,60,2.146502372,-12.39940459,-1.423163361,-160.8015167,-16.78609047,-5.03439055,0.666809797,0.341593266,0.648110807,0.523719847,0.64896518,0.215430774,0.273088157,0.308289073,0.065343798,0.409234393
p02,575655.078,0,SHAKE,60,0,2.317589456,-13.31659569,3.297223179,-160.6304296,-17.70328156,-0.314004011,0.882712066,0.377503842,0.828191876,0.55885464,0.856194347,0.239541672,0.280853629,0.319312967,0.094418289,0.432059403
p02,575655.109,0.031,SHAKE,60,1,2.377537526,-13.4356882,3.156049824,-160.5704815,-17.82237408,-0.455177365,0.883386135,0.379416436,0.828456104,0.560412407,0.855924696,0.239040978,0.283204257,0.321371429,0.096966902,0.4368013
p02,575655.14,0.062,SHAKE,60,2,2.700735692,-13.47819995,3.029413986,-160.2472834,-17.86488583,-0.581813203,0.883979797,0.379695475,0.827586651,0.561192691,0.855801642,0.23905582,0.284416914,0.322136872,0.099073417,0.436583539
p02,575655.203,0.125,SHAKE,60,3,2.68514598,-13.35700402,2.911757681,-160.2628731,-17.74368989,-0.699469508,0.882306874,0.37940678,0.826151788,0.560590208,0.85354048,0.238065153,0.284736514,0.322525054,0.101028116,0.438234564
p02,575655.234,0.156,SHAKE,60,4,2.53757996,-13.29793617,2.866760665,-160.4104391,-17.68462204,-0.744466525,0.878890336,0.37920475,0.823483348,0.560735583,0.849684209,0.237799823,0.285318136,0.32293576,0.102363373,0.437873238
p02,575655.25,0.172,SHAKE,60,5,2.575391976,-13.11248781,2.749033417,-160.3726271,-17.49917369,-0.862193772,0.876306236,0.378254741,0.820989966,0.559528351,0.846559137,0.237773329,0.285210371,0.321755022,0.104298797,0.436609852
p02,575655.281,0.203,SHAKE,60,6,2.854274886,-12.73978573,2.691202797,-160.0937442,-17.12647161,-0.920024393,0.869743407,0.377327591,0.816573679,0.558524013,0.842087388,0.236906201,0.28473419,0.321617812,0.097129252,0.436609495
p02,575655.296,0.218,SHAKE,60,7,2.975854464,-12.29237686,2.472373811,-159.9721646,-16.67906273,-1.138853378,0.861981988,0.376159728,0.811860621,0.556554317,0.836493134,0.236425363,0.284467578,0.320128955,0.089601963,0.436493991
p02,575655.328,0.25,SHAKE,60,8,3.155369905,-12.40912899,2.33584158,-159.7926492,-16.79581486,-1.27538561,0.854391634,0.374537945,0.805792093,0.554417014,0.830283493,0.235879868,0.284355998,0.318537146,0.084781548,0.435296412
p02,575655.375,0.297,SHAKE,60,9,2.984050399,-12.1977443,2.260713593,-159.9639687,-16.58443017,-1.350513596,0.846895695,0.371983349,0.799611211,0.552474916,0.823035955,0.2349931,0.284261465,0.317481816,0.083935891,0.431490064
p02,575655.406,0.328,SHAKE,60,10,2.84126541,-12.01800741,2.055874209,-160.1067537,-16.40469329,-1.55535298,0.83893466,0.368967652,0.793362975,0.54924196,0.814953983,0.233708844,0.282272637,0.315533116,0.084955727,0.428667552
p02,575655.437,0.359,SHAKE,60,11,3.091884618,-11.72629311,1.793510552,-159.8561344,-16.11297899,-1.817716637,0.83015424,0.3678056,0.786207497,0.545802176,0.805952817,0.232266568,0.281743288,0.313535608,0.085898845,0.43229231
p02,575655.468,0.39,SHAKE,60,12,3.31746131,-11.84210888,1.502664202,-159.6305578,-16.22879476,-2.108562987,0.820337892,0.365735531,0.777891815,0.542957664,0.796671093,0.23073855,0.281788945,0.312219113,0.083987678,0.432378976
p02,575655.515,0.437,SHAKE,60,13,2.920466918,-11.60523638,1.472567008,-160.0275521,-15.99192226,-2.138660181,0.810429811,0.362114638,0.770360768,0.538446546,0.787449002,0.229211241,0.279434204,0.309235305,0.082240502,0.429780802
p02,575655.531,0.453,SHAKE,60,14,2.912924864,-11.73581833,1.185594305,-160.0350942,-16.12250421,-2.425632885,0.80119276,0.358509541,0.761888206,0.53535378,0.778071284,0.227610044,0.278530896,0.307743736,0.083012249,0.42535227
p02,575655.578,0.5,SHAKE,60,15,3.113956929,-11.3855859,1.095950845,-159.8340621,-15.77227177,-2.515276344,0.790922821,0.356646627,0.753505766,0.532063603,0.769112051,0.226486653,0.27792114,0.30557695,0.078478269,0.425948272
p02,575655.609,0.531,SHAKE,60,16,2.952754441,-11.28734267,1.054452098,-159.9952646,-15.67402855,-2.556775091,0.780970752,0.354627281,0.745703578,0.529800773,0.760453999,0.225647762,0.276913464,0.30415301,0.074090847,0.424061294
p02,575655.64,0.562,SHAKE,60,17,2.878009663,-11.33758658,0.832766577,-160.0700094,-15.72427245,-2.778460613,0.772173047,0.352558076,0.738485515,0.526783228,0.75185591,0.224878639,0.27648133,0.301904589,0.073484662,0.422913205
p02,575655.671,0.593,SHAKE,60,18,2.742176596,-11.25639193,0.581818577,-160.2058425,-15.64307781,-3.029408613,0.76417017,0.35025245,0.732535481,0.52465868,0.744164556,0.223681659,0.275612473,0.300977021,0.072586024,0.420533071
p02,575655.703,0.625,SHAKE,60,19,2.931788287,-11.56795213,0.203016548,-160.0162308,-15.95463801,-3.408210641,0.756716251,0.348528355,0.72639358,0.523075759,0.73659578,0.22234486,0.274391115,0.300730899,0.073327709,0.419589392
p02,575655.734,0.656,SHAKE,60,20,2.74281731,-12.30939571,-0.191941244,-160.2052018,-16.69608158,-3.803168433,0.750061393,0.346464604,0.720992208,0.521633506,0.729340643,0.221220769,0.273018181,0.300412737,0.075895129,0.416905876
p02,575655.781,0.703,SHAKE,60,21,2.336222334,-12.53701344,-0.354769425,-160.6117967,-16.92369932,-3.965996614,0.743086874,0.344934046,0.71526581,0.519453943,0.721690267,0.220649093,0.271587431,0.298804849,0.078783495,0.415940214
p02,575655.796,0.718,SHAKE,60,22,2.116835613,-13.01696642,-0.607291116,-160.8311834,-17.4036523,-4.218518305,0.736810148,0.343466938,0.709644973,0.517376661,0.714649826,0.219901077,0.27000767,0.297475584,0.082072933,0.41538152
p02,575655.843,0.765,SHAKE,60,23,2.021529167,-13.38278302,-0.767651637,-160.9264899,-17.76946889,-4.378878827,0.729868472,0.34167552,0.703730702,0.514861643,0.707839102,0.21936141,0.268355548,0.295500234,0.082090235,0.413922212
p02,575655.875,0.797,SHAKE,60,24,2.139940436,-13.3438138,-0.878430159,-160.8080786,-17.73049967,-4.489657348,0.723150969,0.340232879,0.69789809,0.51272285,0.701799959,0.218860425,0.266276598,0.293862425,0.080183575,0.413024748
p02,575655.906,0.828,SHAKE,60,25,2.053112914,-13.260215,-1.02076777,-160.8949061,-17.64690088,-4.631994959,0.716714859,0.339260876,0.692563593,0.511124849,0.695610851,0.218585432,0.264226496,0.292539418,0.0798709,0.412510032
p02,575655.937,0.859,SHAKE,60,26,1.970672404,-13.33238149,-1.055925065,-160.9773467,-17.71906736,-4.667152254,0.711208403,0.338107109,0.687616944,0.510250509,0.690430582,0.218700148,0.26201582,0.291550361,0.079299874,0.409558612
p02,575655.984,0.906,SHAKE,60,27,2.06940208,-13.24404754,-1.17351637,-160.878617,-17.63073342,-4.78474356,0.704878867,0.33738476,0.682913423,0.508376122,0.685135603,0.218722641,0.260812461,0.28965348,0.075699081,0.409669233
p02,575656,0.922,SHAKE,60,28,1.996770461,-13.53182807,-1.336811041,-160.9512486,-17.91851394,-4.94803823,0.700022101,0.33670184,0.678636134,0.507562459,0.680219054,0.218316585,0.258967817,0.289245874,0.076469144,0.409289349
p02,575656.031,0.953,SHAKE,60,29,1.965249719,-13.1238118,-1.365708213,-160.9827693,-17.51049768,-4.976935403,0.694620311,0.336268842,0.674182713,0.506470203,0.675356984,0.218510062,0.257580519,0.287960142,0.074785652,0.408941251
p02,575656.078,1,SHAKE,60,30,2.038068127,-12.60687423,-1.447269171,-160.9099509,-16.9935601,-5.058496361,0.689711154,0.336134672,0.670337379,0.504911602,0.670753151,0.218870431,0.255850077,0.28604117,0.074098091,0.409955815
p02,575656.109,1.031,SHAKE,60,31,2.166014092,-12.66852931,-1.540244111,-160.782005,-17.05521518,-5.1514713,0.685348213,0.336307704,0.666506171,0.504439831,0.666696906,0.218853712,0.254745603,0.285586119,0.073215421,0.411273464
p02,575656.14,1.062,SHAKE,60,32,2.261487452,-13.04958418,-1.714794717,-160.6865316,-17.43627005,-5.326021906,0.681495667,0.33557865,0.663088918,0.50289607,0.662963182,0.21906583,0.253063023,0.28383024,0.073232685,0.410501784
p02,575656.187,1.109,SHAKE,60,33,2.328928341,-13.6339851,-1.895753706,-160.6190907,-18.02067097,-5.506980895,0.678124607,0.335570782,0.659799755,0.502820849,0.659288138,0.219353408,0.251980066,0.283467442,0.074753804,0.409984914
p02,575656.203,1.125,SHAKE,60,34,2.339095426,-13.68280463,-2.195234733,-160.6089236,-18.0694905,-5.806461922,0.6748963,0.335277259,0.657135785,0.502078176,0.655647427,0.219993673,0.250857711,0.282084502,0.076732236,0.408684579
p02,575656.234,1.156,SHAKE,60,35,2.602431936,-14.00263411,-2.404225958,-160.3455871,-18.38931999,-6.015453147,0.671740294,0.335592002,0.654257476,0.501166224,0.652541131,0.22067292,0.248979747,0.280493304,0.077111343,0.409703475
p02,575656.281,1.203,SHAKE,60,36,2.483966992,-14.20058379,-2.470742753,-160.4640521,-18.58726967,-6.081969943,0.66848892,0.335302949,0.651396334,0.500278234,0.649318904,0.220885336,0.247691691,0.279392898,0.077394667,0.409522265
p02,575656.296,1.218,SHAKE,60,37,2.659035133,-14.41012274,-2.495690187,-160.2889839,-18.79680862,-6.106917376,0.6653108,0.335298389,0.648072541,0.499714673,0.646320015,0.221362531,0.246975541,0.278352141,0.076893383,0.409322729
p02,575656.343,1.265,SHAKE,60,38,2.518459479,-14.46049903,-2.596411828,-160.4295596,-18.8471849,-6.207639017,0.662824869,0.335085958,0.646081448,0.498853564,0.643628329,0.221758001,0.246062368,0.277095564,0.078014937,0.408985103
p02,575656.375,1.297,SHAKE,60,39,2.633823924,-14.46542955,-2.617169509,-160.3141951,-18.85211542,-6.228396699,0.660229146,0.33518362,0.643442988,0.498529077,0.641052097,0.2223683,0.244956255,0.276160777,0.078287649,0.408513192
p02,575656.406,1.328,SHAKE,60,40,2.60710471,-14.92976794,-2.589069955,-160.3409144,-19.31645382,-6.200297144,0.65729022,0.335115522,0.640808821,0.498226464,0.638821304,0.222983271,0.243782312,0.275243193,0.075759871,0.407393368
p02,575656.437,1.359,SHAKE,60,41,2.732782297,-14.61821599,-2.443017435,-160.2152368,-19.00490187,-6.054244624,0.654301286,0.335074782,0.637934268,0.497415066,0.636459053,0.223374769,0.243005753,0.274040297,0.07342309,0.407604336
p02,575656.468,1.39,SHAKE,60,42,2.488415553,-14.83559228,-2.595085849,-160.4596035,-19.22227815,-6.206313039,0.652363241,0.334964722,0.63631022,0.497484803,0.633811653,0.223654434,0.242428988,0.273830369,0.076523803,0.406493585
p02,575656.515,1.437,SHAKE,60,43,2.443077793,-14.91318033,-2.525756294,-160.5049413,-19.29986621,-6.136983484,0.650045514,0.334579706,0.634158552,0.496206611,0.63186878,0.224351406,0.241037011,0.271855205,0.075410554,0.405466947
p02,575656.546,1.468,SHAKE,60,44,2.344665303,-15.10463039,-2.732873354,-160.6033538,-19.49131627,-6.344100543,0.647942066,0.334838122,0.632343054,0.495943725,0.629238158,0.224438176,0.240815401,0.27150555,0.077669068,0.406621326
p02,575656.578,1.5,SHAKE,60,45,2.364004626,-15.17049305,-2.844674946,-160.5840144,-19.55717893,-6.455902136,0.645451128,0.334759474,0.630098879,0.495597661,0.626488745,0.224738888,0.240364939,0.270858772,0.078889972,0.406191701
p02,575656.609,1.531,SHAKE,60,46,2.406546267,-15.3723455,-2.936918901,-160.5414728,-19.75903138,-6.54814609,0.642787516,0.335148305,0.627813697,0.495750815,0.623921722,0.225462265,0.239661694,0.270288549,0.078718437,0.4058109
p02,575656.64,1.562,SHAKE,60,47,2.265978567,-15.26230988,-3.111066264,-160.6820405,-19.64899576,-6.722293454,0.640276849,0.334847569,0.625831127,0.49553597,0.620996416,0.225650981,0.239204705,0.269884989,0.080602234,0.404604157
p02,575656.671,1.593,SHAKE,60,48,2.247159569,-15.48546257,-3.225322337,-160.7008595,-19.87214845,-6.836549526,0.637874484,0.335227251,0.623892307,0.49537605,0.618584573,0.226232342,0.238307625,0.269143708,0.08094542,0.404969187
p02,575656.703,1.625,SHAKE,60,49,2.200920508,-15.38457933,-3.188526582,-160.7470986,-19.7712652,-6.799753771,0.635067165,0.3350254,0.621437848,0.495596915,0.616155177,0.226717383,0.237692803,0.268879533,0.07956483,0.402812427
p02,575656.734,1.656,SHAKE,60,50,2.123039089,-15.34918876,-3.225543894,-160.82498,-19.73587464,-6.836771083,0.63275063,0.33495754,0.619718134,0.495415449,0.614127278,0.227138169,0.237118065,0.26827728,0.078540418,0.401895274
p02,575656.781,1.703,SHAKE,60,51,2.177597221,-15.05011264,-3.201377212,-160.7704218,-19.43679852,-6.812604401,0.630337775,0.334942997,0.61755681,0.495367706,0.611997992,0.227141947,0.236623198,0.268225759,0.077506276,0.401904166
p02,575656.796,1.718,SHAKE,60,52,2.290497631,-15.06703401,-3.273930896,-160.6575214,-19.45371989,-6.885158085,0.628276348,0.335248142,0.615875602,0.495474458,0.610110968,0.227027349,0.236448497,0.268447109,0.076825947,0.403136372
p02,575656.843,1.765,SHAKE,60,53,2.375509973,-14.94861929,-3.228819515,-160.5725091,-19.33530516,-6.840046704,0.625818014,0.335227072,0.613617778,0.495557994,0.608249873,0.2271121,0.236702174,0.268445894,0.074220447,0.402743998
p02,575656.875,1.797,SHAKE,60,54,2.161268262,-14.86883763,-3.205762984,-160.7867508,-19.25552351,-6.816990174,0.624118626,0.334783524,0.612143278,0.494882405,0.606615782,0.22747767,0.23583582,0.267404735,0.074216225,0.401286292
p02,575656.906,1.828,SHAKE,60,55,2.335564266,-14.70657105,-3.181339456,-160.6124548,-19.09325692,-6.792566645,0.622213602,0.335624248,0.610297143,0.495167255,0.604669333,0.227615766,0.236574352,0.267551489,0.074159643,0.403692321
p02,575656.937,1.859,SHAKE,60,56,2.359004724,-14.80723787,-3.226877791,-160.5890143,-19.19392375,-6.83810498,0.620456278,0.33570528,0.608700812,0.495204985,0.603109896,0.228209853,0.235735565,0.266995132,0.073584069,0.402611937
p02,575656.984,1.906,SHAKE,60,57,2.294472174,-14.75559464,-3.137493402,-160.6535469,-19.14228051,-6.748720591,0.61859709,0.336010367,0.606939495,0.495232344,0.60137251,0.228250012,0.235664666,0.266982332,0.073089362,0.403623544
p02,575657,1.922,SHAKE,60,58,2.171205992,-14.57193007,-3.081955594,-160.7768131,-18.95861595,-6.693182783,0.616609871,0.336405605,0.605380774,0.495729417,0.59955585,0.228503957,0.235491574,0.267225459,0.072418818,0.403785059
p02,575657.046,1.968,SHAKE,60,59,2.26398833,-14.37234169,-3.108489794,-160.6840307,-18.75902757,-6.719716983,0.614896894,0.336572647,0.604195952,0.495242,0.598127365,0.228947937,0.235291779,0.266294062,0.071271204,0.404157377
p02,575657.078,2,SHAKE,60,60,2.190118778,-14.48655463,-3.202063873,-160.7579003,-18.8732405,-6.813291063,0.613285303,0.336967468,0.60275197,0.495669961,0.596158415,0.228825271,0.235602379,0.26684469,0.072694037,0.405262691
p02,575659.531,0,SHAKE,61,0,4.742105089,-6.574258934,-4.893807049,-158.205914,-10.96094481,-8.505034238,0.437931299,0.392343521,0.456257641,0.598818004,0.417825028,0.205699101,0.352926016,0.393118903,0.056970215,0.474778543
p02,575659.578,0.047,SHAKE,61,1,5.064544882,-7.674192028,-5.250158708,-157.8834742,-12.0608779,-8.861385897,0.441167146,0.398310512,0.459109485,0.602352619,0.419693559,0.209889837,0.353767022,0.392462783,0.060699797,0.480098201
p02,575659.593,0.062,SHAKE,61,2,5.03231366,-6.59485003,-4.981833785,-157.9157054,-10.98153591,-8.593060975,0.443273216,0.401171356,0.460864007,0.603536844,0.422355443,0.213044517,0.353398666,0.390492328,0.059190301,0.481768338
p02,575659.64,0.109,SHAKE,61,3,5.142631336,-6.714868125,-4.878287071,-157.8053877,-11.101554,-8.48951426,0.446331054,0.4023422,0.462872028,0.604427576,0.425750434,0.215212375,0.352225959,0.389215201,0.058430161,0.480787556
p02,575659.671,0.14,SHAKE,61,4,5.443527101,-6.881294256,-4.707675039,-157.504492,-11.26798013,-8.318902228,0.449173391,0.402443022,0.464220256,0.602874637,0.428755105,0.215485327,0.35142675,0.38738931,0.058101116,0.482609328
p02,575659.703,0.172,SHAKE,61,5,5.404211202,-7.479641361,-4.726487859,-157.5438079,-11.86632724,-8.337715049,0.45237574,0.400734544,0.465972155,0.601149499,0.431636885,0.215130344,0.350109488,0.386019155,0.059235341,0.480816035
p02,575659.734,0.203,SHAKE,61,6,5.3484229,-9.027260017,-4.96262943,-157.5995962,-13.41394589,-8.573856619,0.456743687,0.396855116,0.468386739,0.597411394,0.43542406,0.213741317,0.34769696,0.383670077,0.061316693,0.477268908
p02,575659.781,0.25,SHAKE,61,7,5.358249795,-9.201004701,-4.998186985,-157.5897693,-13.58769058,-8.609414174,0.460196018,0.393851876,0.471011817,0.593346119,0.438517541,0.212781847,0.345402658,0.380564272,0.062762915,0.475793559
p02,575659.812,0.281,SHAKE,61,8,5.455950423,-8.965863527,-4.741645139,-157.4920686,-13.3525494,-8.352872328,0.463163912,0.392486334,0.473092884,0.590395689,0.442355961,0.213130347,0.342494547,0.377265342,0.060754111,0.475410717
p02,575659.843,0.312,SHAKE,61,9,5.353740324,-9.523158804,-4.736241856,-157.5942787,-13.90984468,-8.347469045,0.467094541,0.390587181,0.476116538,0.586774349,0.446385428,0.213827863,0.33712709,0.372946486,0.061428206,0.473953568
p02,575659.875,0.344,SHAKE,61,10,5.309399951,-10.15632285,-4.604348327,-157.6386191,-14.54300873,-8.215575516,0.47073558,0.389017582,0.477831185,0.583456635,0.450222284,0.215453729,0.333317578,0.368002906,0.061542797,0.47163718
p02,575659.906,0.375,SHAKE,61,11,5.010695882,-9.3648087,-4.508588405,-157.9373232,-13.75149458,-8.119815594,0.473289728,0.387073338,0.480047822,0.578759551,0.452952042,0.217362478,0.327878803,0.361397073,0.06202806,0.469596664
p02,575659.937,0.406,SHAKE,61,12,5.147879262,-10.04957034,-4.650200213,-157.8001398,-14.43625621,-8.261427402,0.476318628,0.384622157,0.482066959,0.572245479,0.455995768,0.218358614,0.321671754,0.353886865,0.063178874,0.469821176
p02,575659.968,0.437,SHAKE,61,13,5.025900984,-10.23670278,-4.63442523,-157.9221181,-14.62338865,-8.245652419,0.478282869,0.381150961,0.483829528,0.566324592,0.458438188,0.218761884,0.315504372,0.347562708,0.062898276,0.467222385
p02,575660,0.469,SHAKE,61,14,4.7575988,-10.47097037,-4.479018319,-158.1904203,-14.85765625,-8.090245508,0.479833633,0.376187623,0.484880656,0.55975306,0.461239874,0.218157455,0.308630466,0.341595605,0.060246024,0.462623538
p02,575660.046,0.515,SHAKE,61,15,4.552906068,-10.64885261,-4.444421946,-158.395113,-15.03553849,-8.055649136,0.481472284,0.370794088,0.486338317,0.55280292,0.463401273,0.217774794,0.30145821,0.335028127,0.059945326,0.456735665
p02,575660.078,0.547,SHAKE,61,16,4.271819651,-10.73758287,-4.115992267,-158.6761994,-15.12426874,-7.727219457,0.482607752,0.365635842,0.486617297,0.545470357,0.465804517,0.216792524,0.294507861,0.328677833,0.057055302,0.452854751
p02,575660.109,0.578,SHAKE,61,17,4.066734079,-11.03568759,-3.947296861,-158.881285,-15.42237346,-7.558524051,0.484841973,0.36017552,0.487977564,0.537301958,0.468688905,0.21675241,0.287070394,0.320549548,0.056268663,0.447428834
p02,575660.14,0.609,SHAKE,61,18,3.990042835,-11.40516523,-3.545224921,-158.9579762,-15.7918511,-7.15645211,0.486564159,0.356496483,0.487667143,0.530945599,0.471367091,0.217473783,0.279453158,0.313471816,0.054381452,0.44349346
p02,575660.187,0.656,SHAKE,61,19,4.100728272,-12.24838181,-3.503101456,-158.8472908,-16.63506768,-7.114328645,0.489450485,0.35597989,0.489560157,0.525711894,0.474149182,0.220461302,0.273449719,0.305250593,0.055956547,0.443958477
p02,575660.203,0.672,SHAKE,61,20,4.108685931,-12.65310533,-3.172138818,-158.8393331,-17.0397912,-6.783366008,0.491223633,0.35730347,0.490731597,0.522032619,0.477046505,0.225508153,0.266137481,0.296524465,0.053269944,0.444466924
p02,575660.234,0.703,SHAKE,61,21,4.268705128,-13.48322033,-2.936847344,-158.6793139,-17.8699062,-6.548074534,0.493413568,0.359326333,0.491727859,0.520409763,0.479957476,0.230285183,0.259497225,0.29012458,0.051854471,0.444778412
p02,575660.265,0.734,SHAKE,61,22,4.513031128,-12.97171809,-2.57130839,-158.4349879,-17.35840397,-6.182535579,0.494933963,0.362036407,0.492288649,0.518178403,0.482319891,0.235144764,0.253917873,0.283033639,0.049677761,0.448327072
p02,575660.312,0.781,SHAKE,61,23,4.587491777,-13.13947104,-2.239565119,-158.3605273,-17.52615691,-5.850792309,0.495948821,0.363288522,0.492382914,0.516295314,0.484233499,0.239301026,0.248188168,0.276994288,0.047203389,0.447617519
p02,575660.343,0.812,SHAKE,61,24,4.353688661,-14.58624163,-2.348511785,-158.5943304,-18.97292751,-5.959738975,0.497946918,0.36355716,0.49342674,0.513636529,0.485770375,0.24258402,0.242332876,0.27105251,0.050247179,0.446308873
p02,575660.375,0.844,SHAKE,61,25,4.497968338,-15.13510935,-2.471268187,-158.4500507,-19.52179523,-6.082495377,0.499320894,0.364130676,0.494504154,0.51050216,0.487171978,0.244876899,0.238151222,0.265625261,0.051013455,0.448954955
p02,575660.406,0.875,SHAKE,61,26,4.170736608,-15.20018383,-2.323439419,-158.7772825,-19.5868697,-5.934666608,0.500366807,0.362399936,0.495007902,0.507068574,0.488223374,0.245993078,0.234217912,0.261075497,0.051846731,0.445874314
p02,575660.437,0.906,SHAKE,61,27,4.100736043,-16.44256771,-2.589915991,-158.847283,-20.82925359,-6.201143181,0.502295732,0.360922217,0.496138483,0.504809856,0.489354715,0.247074142,0.230863243,0.257735714,0.056054907,0.441724095
p02,575660.468,0.937,SHAKE,61,28,3.758209737,-15.60570542,-2.432660033,-159.1898093,-19.9923913,-6.043887222,0.502637625,0.358205289,0.49680236,0.500792503,0.490006626,0.247181587,0.22691226,0.253610916,0.055664683,0.437771778
p02,575660.5,0.969,SHAKE,61,29,3.330777243,-16.07611785,-2.433810587,-159.6172418,-20.46280373,-6.045037777,0.503186762,0.355826318,0.49754414,0.498150647,0.490635812,0.247167394,0.223609447,0.250983253,0.05612889,0.432932968
p02,575660.546,1.015,SHAKE,61,30,2.692770941,-15.72574142,-2.263747219,-160.2552481,-20.11242729,-5.874974408,0.502613604,0.353242576,0.497362137,0.495824963,0.490876466,0.247423306,0.220280677,0.248401657,0.053282649,0.426000661
p02,575660.578,1.047,SHAKE,61,31,2.445861978,-15.64832139,-2.056622906,-160.5021571,-20.03500726,-5.667850096,0.502142072,0.352102101,0.497138321,0.493991256,0.491131574,0.247940466,0.217847705,0.24605079,0.05054218,0.423333878
p02,575660.609,1.078,SHAKE,61,32,2.028333709,-15.94054181,-1.813098388,-160.9196854,-20.32722769,-5.424325577,0.50126785,0.351681978,0.496745944,0.493067473,0.49138771,0.248964936,0.215586275,0.244102538,0.045829172,0.42079465
p02,575660.64,1.109,SHAKE,61,33,1.120390602,-15.45071081,-1.628796687,-161.8276285,-19.83739669,-5.240023876,0.501217663,0.351801097,0.496929437,0.492928773,0.490455478,0.25211107,0.213183612,0.240817703,0.050483172,0.413964697
p02,575660.671,1.14,SHAKE,61,34,1.321980741,-14.43576536,-1.479431601,-161.6260383,-18.82245123,-5.090658791,0.501578391,0.353160232,0.49745968,0.493499577,0.491092995,0.255448624,0.211417019,0.238050953,0.049595798,0.410465099
p02,575660.703,1.172,SHAKE,61,35,1.185066932,-14.20887628,-1.644875412,-161.7629521,-18.59556216,-5.256102602,0.501815498,0.353475243,0.498333544,0.493565321,0.491136804,0.256289303,0.210992098,0.237276018,0.050611818,0.409590234
p02,575660.734,1.203,SHAKE,61,36,0.849414476,-14.48072261,-1.542916553,-162.0986046,-18.86740848,-5.154143742,0.501535654,0.352623105,0.498710573,0.492856503,0.492084578,0.255788401,0.210909158,0.237068102,0.044811124,0.408467877
p02,575660.781,1.25,SHAKE,61,37,1.216177479,-15.31125614,-1.696090412,-161.7318416,-19.69794201,-5.307317601,0.501720071,0.35286805,0.49885565,0.492356241,0.492913157,0.255499348,0.209981948,0.236856893,0.041941291,0.411086632
p02,575660.796,1.265,SHAKE,61,38,1.213890727,-15.83165516,-1.893771323,-161.7341283,-20.21834104,-5.504998513,0.502454042,0.352060765,0.499382764,0.491557658,0.493273199,0.254976586,0.209004372,0.236581072,0.043926563,0.410363258
p02,575660.828,1.297,SHAKE,61,39,1.133250084,-15.96056078,-1.99433934,-161.814769,-20.34724666,-5.60556653,0.503237367,0.35151878,0.500064671,0.490343451,0.493671656,0.254832655,0.208209157,0.235510796,0.045942797,0.410537972
p02,575660.875,1.344,SHAKE,61,40,1.361500534,-15.67752322,-1.991618903,-161.5865185,-20.0642091,-5.602846092,0.503829122,0.351610601,0.500227034,0.490285665,0.494196385,0.255368769,0.208514005,0.234916896,0.046197072,0.409684589
p02,575660.906,1.375,SHAKE,61,41,0.623227959,-15.05110636,-1.58512121,-162.3247911,-19.43779223,-5.196348399,0.504343271,0.351039261,0.500529528,0.490326971,0.494764194,0.257292077,0.208205968,0.233034894,0.046007698,0.402288181
p02,575660.937,1.406,SHAKE,61,42,0.635279308,-14.13958893,-1.470116865,-162.3127398,-18.5262748,-5.081344054,0.505505145,0.351985663,0.501572847,0.490690053,0.49522163,0.258872166,0.208409846,0.231817886,0.04934275,0.401666577
p02,575660.984,1.453,SHAKE,61,43,0.803842267,-14.16940556,-1.489757991,-162.1441768,-18.55609144,-5.10098518,0.506297529,0.352143496,0.502102494,0.490662158,0.495643258,0.258986503,0.209041089,0.231675655,0.050967351,0.402100918
p02,575661,1.469,SHAKE,61,44,0.907209536,-14.36196066,-1.554203346,-162.0408095,-18.74864654,-5.165430535,0.506904542,0.352424443,0.502600849,0.490781933,0.49586682,0.258859277,0.209305048,0.231922656,0.052735098,0.403432625
p02,575661.031,1.5,SHAKE,61,45,0.817274261,-14.06260911,-1.496357083,-162.1307448,-18.44929498,-5.107584272,0.507084608,0.352572948,0.502882183,0.491040468,0.496050715,0.259162754,0.209673464,0.231877714,0.052624173,0.402842482
p02,575661.078,1.547,SHAKE,61,46,0.783988419,-14.23532752,-1.50996382,-162.1640306,-18.6220134,-5.121191009,0.507722378,0.352747709,0.503236771,0.491365761,0.496397033,0.259214073,0.210141122,0.232151687,0.053893994,0.402898796
p02,575661.109,1.578,SHAKE,61,47,0.952051077,-14.20271864,-1.486798766,-161.995968,-18.58940452,-5.098025955,0.508451641,0.352868617,0.50363636,0.491386473,0.497038037,0.259143591,0.210014164,0.232242882,0.05434683,0.403564685
p02,575661.14,1.609,SHAKE,61,48,1.03853239,-14.10258214,-1.443883125,-161.9094867,-18.48926801,-5.055110315,0.508231342,0.353021294,0.503483474,0.49164477,0.497354239,0.259064734,0.210326403,0.232580036,0.051715345,0.403975171
p02,575661.171,1.64,SHAKE,61,49,1.193684042,-13.95369586,-1.480908459,-161.754335,-18.34038174,-5.092135648,0.508749962,0.35332492,0.503942013,0.49156183,0.497573912,0.258837,0.210634291,0.232724831,0.053059023,0.406007044
p02,575661.203,1.672,SHAKE,61,50,1.186053839,-13.68523074,-1.43013425,-161.7619652,-18.07191662,-5.041361439,0.50869745,0.353112549,0.504156828,0.491366565,0.497931495,0.258528113,0.210785687,0.232838452,0.05107536,0.406223433
p02,575661.234,1.703,SHAKE,61,51,1.189589965,-13.26058895,-1.411743986,-161.7584291,-17.64727483,-5.022971176,0.508701563,0.353063226,0.504294574,0.491430581,0.497966081,0.258502021,0.211031348,0.232928559,0.050871504,0.405966553
p02,575661.281,1.75,SHAKE,61,52,1.425306197,-13.47337915,-1.505065476,-161.5227129,-17.86006503,-5.116292666,0.509267807,0.353279561,0.504692495,0.491654754,0.498384982,0.258363783,0.21090591,0.23329097,0.051600378,0.40685577
p02,575661.312,1.781,SHAKE,61,53,1.470041783,-13.34940458,-1.398531565,-161.4779773,-17.73609046,-5.009758754,0.509204447,0.353863895,0.504846752,0.491833091,0.498817384,0.258374989,0.211014211,0.233458102,0.049224472,0.409019457
p02,575661.328,1.797,SHAKE,61,54,1.498508498,-13.22796268,-1.295511981,-161.4495106,-17.61464856,-4.90673917,0.509467065,0.3545385,0.505031407,0.492343783,0.499424696,0.258834451,0.211200774,0.233509332,0.047548923,0.409851067
p02,575661.375,1.844,SHAKE,61,55,1.499092042,-12.86313557,-1.329987918,-161.448927,-17.24982144,-4.941215107,0.509988606,0.354798645,0.505669117,0.492803752,0.499899298,0.259156093,0.211367518,0.233647659,0.047733484,0.409345217
p02,575661.406,1.875,SHAKE,61,56,1.70402759,-13.04001363,-1.366267797,-161.2439915,-17.42669951,-4.977494986,0.510729492,0.355605453,0.505914211,0.492940068,0.50034444,0.259199589,0.211187571,0.233740479,0.049174539,0.412448303
p02,575661.437,1.906,SHAKE,61,57,1.57961351,-13.32020381,-1.334224639,-161.3684056,-17.70688969,-4.945451828,0.511418462,0.355898082,0.506479204,0.493254572,0.500788689,0.25959222,0.21148169,0.233662352,0.050263326,0.412158233
p02,575661.468,1.937,SHAKE,61,58,1.543813536,-13.65920012,-1.43529852,-161.4042055,-18.045886,-5.046525709,0.512425601,0.355792969,0.507261992,0.493441224,0.501346946,0.259675846,0.211701185,0.233765379,0.052331572,0.411169201
p02,575661.5,1.969,SHAKE,61,59,1.712263925,-13.82921635,-1.473774688,-161.2357551,-18.21590223,-5.085001878,0.513341784,0.356238991,0.507879078,0.493753195,0.501913399,0.259722367,0.211573601,0.234030828,0.054016125,0.412409873
p02,575661.531,2,SHAKE,61,60,1.65300938,-13.94538938,-1.453355861,-161.2950097,-18.33207526,-5.06458305,0.514122188,0.356303334,0.508617878,0.493848145,0.502723262,0.259825438,0.211195409,0.234022707,0.053973362,0.412258696
p02,575674.515,0,STILL,62,0,5.264730287,-12.39901829,0.180622614,-157.6832888,-16.78570416,-3.430604576,0.698289275,0.399118155,0.672357798,0.556650341,0.680626541,0.266960278,0.253411174,0.289690062,0.069699901,0.456204386
p02,575674.546,0.031,STILL,62,1,5.382232618,-12.29060099,-0.025426588,-157.5657864,-16.67728687,-3.636653778,0.701765299,0.398817956,0.6749928,0.55658555,0.683230191,0.2676038,0.253418922,0.288981751,0.073140187,0.454056896
p02,575674.578,0.063,STILL,62,2,5.508840821,-12.81187583,-0.089048984,-157.4391782,-17.1985617,-3.700276173,0.703499258,0.398823768,0.676525533,0.556142151,0.684897602,0.267568052,0.253547668,0.2885741,0.073365518,0.454842331
p02,575674.609,0.094,STILL,62,3,5.388698664,-12.70872709,-0.070294132,-157.5593204,-17.09541297,-3.681521321,0.70400846,0.398694336,0.677708447,0.555510342,0.685744792,0.267737702,0.253793061,0.287772641,0.071962834,0.455069789
p02,575674.64,0.125,STILL,62,4,5.606606064,-12.87835361,-0.093944122,-157.341413,-17.26503948,-3.705171311,0.70459801,0.399169624,0.677494407,0.556333482,0.686282396,0.267513961,0.253912568,0.288819522,0.072133543,0.455840597
p02,575674.671,0.156,STILL,62,5,5.943874458,-13.51521097,-0.126524104,-157.0041446,-17.90189685,-3.737751294,0.704614282,0.399416059,0.676975906,0.558225811,0.68625018,0.267529443,0.254741907,0.290696368,0.072089048,0.453692
p02,575674.703,0.188,STILL,62,6,6.192050119,-13.02280203,0.144301839,-156.7559689,-17.40948791,-3.46692535,0.703131318,0.399761796,0.675405085,0.559036911,0.685144007,0.26730606,0.255441368,0.291730851,0.070416593,0.454034038
p02,575674.75,0.235,STILL,62,7,6.362936385,-13.04968395,0.274805983,-156.5850827,-17.43636983,-3.336421207,0.700526178,0.398974717,0.672753632,0.559957862,0.683657259,0.267349243,0.255246818,0.292608619,0.066088656,0.449834574
p02,575674.781,0.266,STILL,62,8,6.602856208,-12.48808582,0.241691885,-156.3451629,-16.87477169,-3.369535305,0.69742018,0.398716122,0.670738757,0.558219135,0.681026459,0.267839625,0.255416214,0.290379509,0.06418434,0.450708443
p02,575674.812,0.297,STILL,62,9,6.273744248,-12.2287608,0.372611188,-156.6742748,-16.61544667,-3.238616002,0.694930136,0.396594495,0.668379128,0.556853533,0.678273171,0.267106906,0.254889905,0.289746627,0.065349646,0.446899383
p02,575674.843,0.328,STILL,62,10,6.231382519,-11.94783216,0.207313484,-156.7166365,-16.33451803,-3.403913705,0.691499531,0.39647606,0.666218638,0.555585861,0.674856097,0.267309666,0.255375803,0.288276196,0.065172325,0.448064726
p02,575674.875,0.36,STILL,62,11,6.249664642,-11.67279461,0.228120677,-156.6983544,-16.05948049,-3.383106512,0.687576592,0.396025628,0.662750483,0.552556396,0.670835972,0.266837224,0.254616737,0.285719171,0.06574831,0.452151681
p02,575674.906,0.391,STILL,62,12,6.024975447,-12.30390887,-0.135735455,-156.9230436,-16.69059475,-3.746962645,0.684628129,0.395783395,0.659754932,0.552379251,0.666984349,0.266025618,0.254639149,0.286353633,0.069289344,0.453138225
p02,575674.937,0.422,STILL,62,13,5.546923811,-13.41062565,-0.447161269,-157.4010953,-17.79731152,-4.058388458,0.680960536,0.395174712,0.656432033,0.551113784,0.662632376,0.265761003,0.253608108,0.285352781,0.072269614,0.453521807
p02,575674.984,0.469,STILL,62,14,5.505356181,-13.96542545,-0.665333942,-157.4426629,-18.35211132,-4.276561132,0.67682308,0.395444036,0.652355075,0.551299512,0.658532798,0.264821336,0.252743483,0.286478177,0.072366975,0.455960385
p02,575675,0.485,STILL,62,15,5.4139043,-13.26509541,-0.526928117,-157.5341148,-17.65178128,-4.138155306,0.670779645,0.394214451,0.647104859,0.54991138,0.653340995,0.264174566,0.251733601,0.285736814,0.069274225,0.455103715
p02,575675.046,0.531,STILL,62,16,5.379390417,-12.8453348,-0.47608726,-157.5686286,-17.23202068,-4.087314449,0.664959073,0.393784076,0.641692221,0.549971819,0.64741385,0.263752103,0.251254499,0.286219716,0.069830484,0.454308232
p02,575675.078,0.563,STILL,62,17,5.418761595,-12.954175,-0.586521192,-157.5292575,-17.34086087,-4.197748381,0.659261048,0.392218947,0.637558758,0.548229098,0.642582208,0.263439327,0.250947982,0.284789771,0.066463335,0.452191873
p02,575675.109,0.594,STILL,62,18,5.634125498,-13.63693757,-0.834574797,-157.3138936,-18.02362345,-4.445801986,0.654064596,0.391056389,0.632885575,0.547075033,0.63730067,0.261327893,0.251167268,0.285747141,0.066744069,0.45399753
p02,575675.14,0.625,STILL,62,19,5.568944419,-13.47784352,-0.702579054,-157.3790746,-17.86452939,-4.313806244,0.648634791,0.388450921,0.628225505,0.545468748,0.632020056,0.26000084,0.250861943,0.285467908,0.066230593,0.449963296
p02,575675.187,0.672,STILL,62,20,5.528008629,-12.40471144,-0.62666656,-157.4200104,-16.79139732,-4.237893749,0.642418742,0.38610658,0.624109387,0.544910967,0.626651615,0.258693039,0.250190526,0.286217928,0.063020481,0.445162684
p02,575675.203,0.688,STILL,62,21,5.522410889,-11.57426495,-0.731763156,-157.4256082,-15.96095083,-4.342990345,0.636963785,0.384028673,0.619979739,0.543420613,0.620873749,0.257076591,0.2498236,0.286344022,0.064405586,0.443355099
p02,575675.25,0.735,STILL,62,22,5.173711884,-11.60675036,-0.662806673,-157.7743072,-15.99343624,-4.274033862,0.630574882,0.381442934,0.614674389,0.541470587,0.615087688,0.256451994,0.248851389,0.285018593,0.06223471,0.438536092
p02,575675.281,0.766,STILL,62,23,5.366845812,-11.27713572,-0.84707726,-157.5811732,-15.66382159,-4.45830445,0.625253201,0.380245388,0.610586226,0.540022373,0.609504789,0.255453125,0.248232543,0.284569249,0.063442171,0.438530388
p02,575675.312,0.797,STILL,62,24,5.473866008,-11.43487265,-0.95781627,-157.4741531,-15.82155852,-4.569043459,0.619601011,0.378808737,0.605796576,0.53846705,0.604399502,0.254985064,0.247346878,0.283481985,0.061458261,0.43679556
p02,575675.343,0.828,STILL,62,25,5.412436797,-11.15626291,-0.971498273,-157.5355823,-15.54294878,-4.582725462,0.613561928,0.377348244,0.600699306,0.536636949,0.598913908,0.254163653,0.246274859,0.282473296,0.059478342,0.436092874
p02,575675.375,0.86,STILL,62,26,5.593894505,-10.46647388,-0.954396529,-157.3541246,-14.85315976,-4.565623718,0.607991934,0.376046002,0.596446037,0.534776032,0.593594581,0.253346048,0.246029019,0.281429984,0.058518922,0.435987495
p02,575675.406,0.891,STILL,62,27,5.593850331,-11.04575751,-1.152055164,-157.3541687,-15.43244338,-4.763282353,0.603222251,0.374534607,0.591675997,0.533067703,0.588254541,0.252759613,0.245467365,0.28030809,0.060976374,0.434432676
p02,575675.453,0.938,STILL,62,28,5.859122734,-10.30764858,-0.99734304,-157.0888963,-14.69433445,-4.608570229,0.597623467,0.373007625,0.586538613,0.530998945,0.583116546,0.251876503,0.244937778,0.279122442,0.059226965,0.433971275
p02,575675.484,0.969,STILL,62,29,6.123443898,-10.04850713,-1.003121904,-156.8245752,-14.43519301,-4.614349094,0.59216249,0.371686012,0.581631899,0.529576063,0.578009859,0.251136564,0.244830489,0.278439499,0.057805836,0.432946648
p02,575675.515,1,STILL,62,30,6.490827263,-9.744499558,-1.160345874,-156.4571918,-14.13118543,-4.771573063,0.586669564,0.37089628,0.57713002,0.527847528,0.572968811,0.250320464,0.2436921,0.277527064,0.056221574,0.43446507
p02,575675.546,1.031,STILL,62,31,6.157089364,-9.76301409,-1.04465812,-156.7909297,-14.14969997,-4.655885309,0.581394553,0.368584961,0.572634876,0.525992274,0.568173602,0.249828294,0.243056893,0.27616398,0.05439447,0.430022288
p02,575675.578,1.063,STILL,62,32,6.364776247,-9.829943952,-1.138660704,-156.5832428,-14.21662983,-4.749887894,0.576646149,0.36717245,0.567790985,0.524031878,0.563290656,0.24893719,0.242092133,0.275094688,0.055166987,0.429798413
p02,575675.609,1.094,STILL,62,33,6.333530795,-9.793073018,-1.286389523,-156.6144883,-14.17975889,-4.897616712,0.57222265,0.365874022,0.563830256,0.522448719,0.558378041,0.248453759,0.241467148,0.27399496,0.057335374,0.428548991
p02,575675.64,1.125,STILL,62,34,6.229023404,-9.692795329,-1.183599304,-156.7189957,-14.07948121,-4.794826494,0.567656696,0.364587396,0.559587717,0.521036565,0.554435283,0.248048306,0.240440965,0.27298826,0.054988188,0.426901475
p02,575675.671,1.156,STILL,62,35,6.325564073,-9.569298659,-1.133674317,-156.622455,-13.95598453,-4.744901506,0.563475192,0.363968313,0.555639505,0.519238591,0.550204843,0.247699171,0.239089072,0.27153942,0.055503784,0.428185129
p02,575675.718,1.203,STILL,62,36,6.435217805,-9.26586486,-0.912077683,-156.5128013,-13.65255074,-4.523304872,0.559276819,0.363205105,0.551845312,0.517537594,0.547108829,0.247567311,0.237927794,0.269970283,0.051141525,0.42833527
p02,575675.75,1.235,STILL,62,37,6.179678031,-9.213738364,-0.795992581,-156.768341,-13.60042424,-4.407219771,0.55571872,0.362073421,0.548632622,0.515964627,0.543805182,0.247349821,0.236663222,0.268614806,0.050339625,0.427093361
p02,575675.781,1.266,STILL,62,38,6.654895682,-8.945274587,-0.759489455,-156.2931234,-13.33196046,-4.370716644,0.552854657,0.361845255,0.545455575,0.51462245,0.540811434,0.247515291,0.236348331,0.267107159,0.050955396,0.428030325
p02,575675.812,1.297,STILL,62,39,6.453582585,-8.257878815,-0.535910903,-156.4944365,-12.64456469,-4.147138092,0.549768329,0.360570967,0.542808473,0.512858629,0.538367212,0.247882806,0.23478061,0.264975823,0.048560726,0.425277144
p02,575675.843,1.328,STILL,62,40,6.800594577,-8.825997634,-0.776772529,-156.1474245,-13.21268351,-4.387999718,0.548339188,0.360824287,0.541010022,0.512001276,0.536316589,0.247918889,0.23405087,0.264082387,0.051367464,0.427538539
p02,575675.875,1.36,STILL,62,41,6.842636239,-9.008639351,-0.822111889,-156.1053828,-13.39532523,-4.433339078,0.546484172,0.360484004,0.539406478,0.510813236,0.534750104,0.248157308,0.232993007,0.262655929,0.05036232,0.42765719
p02,575675.906,1.391,STILL,62,42,6.84464241,-9.176881578,-0.885287705,-156.1033767,-13.56356745,-4.496514895,0.545289159,0.360606909,0.53802681,0.510149837,0.533027545,0.248937517,0.231549859,0.261212319,0.052954531,0.427504307
p02,575675.937,1.422,STILL,62,43,6.663562883,-9.360969724,-1.012008255,-156.2844562,-13.7476556,-4.623235444,0.544261456,0.360243648,0.537080765,0.50991267,0.531568229,0.24951648,0.230552375,0.26039619,0.055055717,0.425225763
p02,575675.984,1.469,STILL,62,44,6.546161086,-9.649968265,-1.094522881,-156.401858,-14.03665414,-4.70575007,0.543012202,0.360323548,0.536110222,0.509229958,0.530440032,0.250272639,0.229061961,0.258957319,0.054885452,0.424977018
p02,575676.015,1.5,STILL,62,45,6.407855802,-10.1228509,-1.239930486,-156.5401633,-14.50953678,-4.851157675,0.542553484,0.359914094,0.535053611,0.508669734,0.529104263,0.251185834,0.227526158,0.2574839,0.059110662,0.422272072
p02,575676.046,1.531,STILL,62,46,6.635162418,-10.20987697,-1.443396549,-156.3128566,-14.59656285,-5.054623739,0.541589558,0.360524803,0.534442425,0.508140564,0.527711764,0.251730755,0.226730138,0.256409809,0.061208423,0.424297529
p02,575676.078,1.563,STILL,62,47,6.862130843,-10.50944309,-1.620224087,-156.0858882,-14.89612897,-5.231451276,0.540795386,0.361233443,0.533501565,0.507957757,0.52636233,0.252692305,0.225469083,0.255265452,0.06401346,0.425208886
p02,575676.109,1.594,STILL,62,48,6.688264096,-10.26828607,-1.399507572,-156.259755,-14.65497195,-5.010734761,0.539193273,0.361504853,0.531940579,0.508253396,0.525456652,0.253838256,0.22460413,0.25441514,0.061159252,0.42319257
p02,575676.14,1.625,STILL,62,49,6.863620202,-10.25896649,-1.399865616,-156.0843989,-14.64565237,-5.011092806,0.537986457,0.362491727,0.530917764,0.508468628,0.524318576,0.254563481,0.223847836,0.253905147,0.061058805,0.425073093
p02,575676.171,1.656,STILL,62,50,6.629959118,-10.95532977,-1.479763765,-156.3180599,-15.34201565,-5.090990954,0.537737787,0.36302039,0.530365586,0.508626342,0.523389757,0.255468413,0.223479688,0.253157929,0.064202837,0.424841433
p02,575676.203,1.688,STILL,62,51,6.532309318,-10.74008043,-1.250407821,-156.4157097,-15.1267663,-4.861635011,0.536566496,0.363826692,0.529122591,0.50915724,0.522457927,0.256366238,0.223085135,0.252791002,0.063242979,0.42509604
p02,575676.25,1.735,STILL,62,52,6.836487841,-10.9261272,-1.184343984,-156.1115312,-15.31281307,-4.795571173,0.5358693,0.364750922,0.528106153,0.509492934,0.52190052,0.256865874,0.222913772,0.25262706,0.062664503,0.42705262
p02,575676.281,1.766,STILL,62,53,7.059535757,-10.94704184,-1.190686711,-155.8884833,-15.33372772,-4.8019139,0.534938395,0.365205586,0.52709043,0.509778023,0.521071076,0.256934211,0.222802162,0.252843812,0.062240503,0.428214455
p02,575676.312,1.797,STILL,62,54,7.053054665,-10.65339126,-1.047543174,-155.8949644,-15.04007714,-4.658770363,0.533628523,0.365100563,0.525978446,0.509647012,0.520362079,0.257093161,0.223122984,0.25255385,0.05945799,0.427660877
p02,575676.343,1.828,STILL,62,55,6.921549541,-11.04128659,-1.068214885,-156.0264695,-15.42797246,-4.679442075,0.533218622,0.364495814,0.525132477,0.509367764,0.519574732,0.256639406,0.223188907,0.252728358,0.06113158,0.426768126
p02,575676.375,1.86,STILL,62,56,7.130335018,-11.07920932,-0.993990055,-155.817684,-15.4658952,-4.605217244,0.532322645,0.364743531,0.524235129,0.509691656,0.519120991,0.256402686,0.223072171,0.253288969,0.059181089,0.427736134
p02,575676.406,1.891,STILL,62,57,7.116147904,-11.12414483,-1.037160692,-155.8318712,-15.51083071,-4.648387881,0.531992674,0.364486277,0.523976684,0.50974977,0.518540889,0.256308779,0.223423898,0.253440991,0.060207457,0.42683505
p02,575676.437,1.922,STILL,62,58,6.957975482,-10.86123331,-1.000867415,-155.9900436,-15.24791919,-4.612094605,0.531066418,0.364620566,0.523398578,0.510279655,0.517870635,0.25648354,0.223824531,0.253796116,0.058955928,0.426078335
p02,575676.484,1.969,STILL,62,59,-1.80732368,-9.892404403,-177.9668411,-164.7553427,-14.27909028,178.4219317,0.530414701,0.365118355,0.522953451,0.510757625,0.517669037,0.256506503,0.223863959,0.254251122,0.056934862,0.427183372
p02,575676.515,2,STILL,62,60,-1.890480394,-10.1254198,-177.9170265,-164.8384995,-14.51210567,178.4717463,0.530102432,0.365656376,0.52243191,0.511543036,0.517492607,0.256871536,0.224032968,0.254671499,0.056285575,0.427157495
p02,575681.718,0,STILL,63,0,-29.52300082,59.34840683,164.3277322,167.5289801,54.96172095,160.716505,0.341321081,0.396354586,0.399932384,0.558432639,0.376323909,0.278912395,0.213429987,0.279520243,-0.164001451,0.420156298
p02,575681.75,0.032,STILL,63,1,-30.15826104,59.91659174,163.7165107,166.8937199,55.52990586,160.1052835,0.339393497,0.396534175,0.399124563,0.557763815,0.375737071,0.278555498,0.213181585,0.279208317,-0.170481773,0.422547144
p02,575681.781,0.063,STILL,63,2,-30.3436862,60.1172331,163.352867,166.7082947,55.73054722,159.7416398,0.339158356,0.395806968,0.398940146,0.558194995,0.374703273,0.278232679,0.213007092,0.279962316,-0.166871988,0.419964698
p02,575681.812,0.094,STILL,63,3,-30.55113507,60.60273398,162.8360879,166.5008459,56.21604811,159.2248608,0.339063168,0.396318525,0.399107933,0.558520675,0.37388809,0.277908444,0.212660909,0.28061223,-0.163757989,0.421970491
p02,575681.843,0.125,STILL,63,4,-29.90150289,59.80513009,162.8259267,167.150478,55.41844422,159.2146995,0.339957505,0.396500081,0.400083244,0.558135152,0.372297049,0.278554171,0.211923331,0.279580981,-0.152600202,0.421866714
p02,575681.875,0.157,STILL,63,5,-30.12327131,59.76848146,162.5931967,166.9287096,55.38179558,158.9819696,0.339749813,0.39615187,0.400184184,0.558205962,0.37204732,0.278358012,0.211109132,0.27984795,-0.152989625,0.420920926
p02,575681.921,0.203,STILL,63,6,-30.56344621,60.16399871,162.2239964,166.4885347,55.77731283,158.6127692,0.339158028,0.39655301,0.400219768,0.558040202,0.372264519,0.278236821,0.211974144,0.27980338,-0.156181742,0.42285475
p02,575681.937,0.219,STILL,63,7,-30.728117,60.44704902,161.9018862,166.3238639,56.06036315,158.290659,0.33870393,0.396377206,0.400433093,0.558036268,0.372029051,0.277994424,0.211403251,0.280041844,-0.157637693,0.422732475
p02,575681.984,0.266,STILL,63,8,-31.10058099,60.47579538,161.5208059,165.9513999,56.0891095,157.9095787,0.338411272,0.396178395,0.400572598,0.558088124,0.371937454,0.277971044,0.211961329,0.28011708,-0.158171221,0.421992656
p02,575682.015,0.297,STILL,63,9,-31.43827958,60.61871534,161.1540012,165.6137014,56.23202946,157.542774,0.338619411,0.396176398,0.400722742,0.558496952,0.371855959,0.278064892,0.211060107,0.28043206,-0.157474327,0.421176901
p02,575682.046,0.328,STILL,63,10,-31.28585412,60.5784179,161.235736,165.7661268,56.19173202,157.6245089,0.3383919,0.396987855,0.400880039,0.558541536,0.371933565,0.278025314,0.210853666,0.280516222,-0.159075558,0.424084355
p02,575682.078,0.36,STILL,63,11,-31.21088251,60.43611254,161.1137647,165.8410984,56.04942666,157.5025375,0.339194447,0.397424966,0.401833564,0.558408737,0.37201485,0.277613655,0.211134791,0.280795082,-0.155447633,0.426685932
p02,575682.109,0.391,STILL,63,12,-31.56960986,60.04771047,160.8906418,165.4823711,55.66102459,157.2794146,0.340404868,0.396211773,0.402755886,0.558011532,0.372822881,0.27742371,0.210255325,0.280587822,-0.154184027,0.423354309
p02,575682.14,0.422,STILL,63,13,-31.30692392,60.01637983,161.1203899,165.745057,55.62969395,157.5091627,0.340790093,0.397394478,0.402853757,0.558555365,0.37308006,0.276779622,0.210493863,0.281775743,-0.15340099,0.428052661
p02,575682.171,0.453,STILL,63,14,-31.60055835,59.90515821,160.8912655,165.4514226,55.51847233,157.2800383,0.341156751,0.396541983,0.403708011,0.557862937,0.373847485,0.276262999,0.211208403,0.281599939,-0.154779513,0.427127168
p02,575682.218,0.5,STILL,63,15,-31.21784331,59.77513659,161.2661394,165.8341376,55.38845072,157.6549122,0.341335863,0.396534681,0.404019356,0.557933807,0.374108627,0.275384143,0.211920738,0.282549664,-0.154646331,0.428776083
p02,575682.25,0.532,STILL,63,16,-31.59430904,59.82030373,160.8338619,165.4576719,55.43361785,157.2226347,0.342255414,0.395062089,0.405013949,0.557643175,0.374634057,0.275368184,0.211532712,0.282274991,-0.15306684,0.424032978
p02,575682.281,0.563,STILL,63,17,-31.42697795,59.61631494,161.0993722,165.625003,55.22962906,157.488145,0.342735648,0.395067841,0.405148029,0.557124615,0.375205249,0.275076807,0.212341666,0.282047808,-0.152912055,0.425427998
p02,575682.312,0.594,STILL,63,18,-31.67756154,59.54881372,160.9959834,165.3744194,55.16212785,157.3847562,0.343079209,0.394722998,0.405028045,0.556714058,0.375557005,0.275113553,0.212771326,0.281600505,-0.15264179,0.424748689
p02,575682.343,0.625,STILL,63,19,-31.54654899,59.36709115,161.1937141,165.5054319,54.98040527,157.5824869,0.343736887,0.394123316,0.405449748,0.556558967,0.376219973,0.275127932,0.213049591,0.281431034,-0.152467254,0.422822535
p02,575682.375,0.657,STILL,63,20,-31.33997761,59.22582514,161.5532159,165.7120033,54.83913926,157.9419887,0.343661994,0.39445588,0.405292481,0.556820273,0.376702935,0.275080323,0.212866902,0.28173995,-0.155218779,0.423708305
p02,575682.421,0.703,STILL,63,21,-31.14535935,59.40965851,161.7185267,165.9066216,55.02297264,158.1072996,0.344863951,0.394367427,0.406592757,0.557091534,0.377849117,0.274710059,0.21337375,0.282381475,-0.154588677,0.423743687
p02,575682.453,0.735,STILL,63,22,-31.45353809,59.3484313,161.3323261,165.5984429,54.96174543,157.7210989,0.345305651,0.394174993,0.407158971,0.55723089,0.378207594,0.27491872,0.213572264,0.28231217,-0.154055317,0.422426965
p02,575682.484,0.766,STILL,63,23,-31.28155838,58.90241884,161.4884632,165.7704226,54.51573296,157.877236,0.345875114,0.393826038,0.407416791,0.556956053,0.378372684,0.274986088,0.213759899,0.281969965,-0.152028374,0.42146315
p02,575682.515,0.797,STILL,63,24,-31.02195102,58.68278301,161.7160782,166.0300299,54.29609713,158.104851,0.346156597,0.39421612,0.407395184,0.556828856,0.378484651,0.274940312,0.214057326,0.281888545,-0.151025218,0.423131094
p02,575682.546,0.828,STILL,63,25,-30.900657,58.46869371,161.812933,166.1513239,54.08200784,158.2017058,0.346348971,0.393966734,0.408008188,0.556712627,0.378872156,0.274877116,0.214696974,0.281835511,-0.151484134,0.422550082
p02,575682.578,0.86,STILL,63,26,-30.92539215,58.30316511,161.8245973,166.1265888,53.91647923,158.2133701,0.347366184,0.394274294,0.408624351,0.55668354,0.379431099,0.274592459,0.215302527,0.282091081,-0.148929579,0.42426664
p02,575682.609,0.891,STILL,63,27,-30.72065883,57.98254269,161.9323273,166.3313221,53.59585681,158.3211001,0.348347366,0.39433971,0.409289122,0.556593955,0.379723474,0.274595216,0.215531796,0.281998739,-0.145575312,0.424627767
p02,575682.64,0.922,STILL,63,28,-30.65092269,57.8416045,162.1194994,166.4010583,53.45491862,158.5082722,0.34912017,0.394377589,0.409430027,0.556236446,0.380268499,0.274275959,0.216244549,0.281960487,-0.144042149,0.42595199
p02,575682.671,0.953,STILL,63,29,-30.56062596,57.80032756,162.222066,166.491355,53.41364168,158.6108388,0.349280119,0.394407868,0.409697086,0.55623579,0.380424425,0.274263099,0.21678859,0.281972691,-0.143662109,0.426086544
p02,575682.718,1,STILL,63,30,-30.50328316,57.83260378,162.1156829,166.5486978,53.4459179,158.5044558,0.349577546,0.394778937,0.410110205,0.556366086,0.380245239,0.27417703,0.216838479,0.282189056,-0.141431044,0.427379818
p02,575682.75,1.032,STILL,63,31,-30.5166235,57.76862335,161.9733862,166.5353574,53.38193748,158.362159,0.349463999,0.394912899,0.410122871,0.556536376,0.379843637,0.274520606,0.216506064,0.282015771,-0.140317724,0.42689915
p02,575682.781,1.063,STILL,63,32,-30.7193061,57.78389758,162.0356694,166.3326748,53.39721171,158.4244422,0.349736065,0.39485696,0.409841061,0.556379497,0.38040188,0.274507105,0.216539264,0.281872392,-0.141617803,0.42696574
p02,575682.812,1.094,STILL,63,33,-30.64764689,57.70254966,162.0876472,166.4043341,53.31586378,158.47642,0.349733353,0.395001411,0.409834415,0.556447506,0.380320117,0.274645373,0.216698825,0.281802133,-0.141148731,0.427094135
p02,575682.843,1.125,STILL,63,34,-30.65942334,57.45913321,162.0365399,166.3925576,53.07244733,158.4253127,0.349785447,0.394810617,0.410030633,0.556479931,0.380089775,0.275268272,0.216806561,0.281211659,-0.139775879,0.425097401
p02,575682.875,1.157,STILL,63,35,-30.50986646,57.23011875,162.1753025,166.5421145,52.84343288,158.5640754,0.350085288,0.394887418,0.41002804,0.556430459,0.380024523,0.275628373,0.217029542,0.280802086,-0.137950041,0.424708542
p02,575682.921,1.203,STILL,63,36,-30.68017376,57.23290078,162.1350958,166.3718072,52.8462149,158.5238687,0.349552393,0.395271003,0.409680814,0.556892633,0.379964978,0.275604025,0.217671096,0.281288609,-0.139718066,0.42542419
p02,575682.953,1.235,STILL,63,37,-30.77068743,57.21899072,162.1387152,166.2812935,52.83230484,158.527488,0.349203199,0.395451546,0.409154505,0.556764305,0.379819155,0.275481701,0.217966795,0.281282604,-0.140461558,0.426510005
p02,575682.984,1.266,STILL,63,38,-31.13165003,57.32695625,161.9224057,165.9203309,52.94027037,158.3111785,0.348780245,0.394736856,0.408598632,0.556694746,0.379431739,0.275649697,0.216925234,0.281045049,-0.141299813,0.423729789
p02,575683.015,1.297,STILL,63,39,-31.15384046,57.36855673,161.8377076,165.8981405,52.98187086,158.2264804,0.348197997,0.394740433,0.407947868,0.5563609,0.37887013,0.275895223,0.216371685,0.280465677,-0.141756686,0.423742436
p02,575683.046,1.328,STILL,63,40,-31.05900316,57.31173046,161.8580407,165.9929778,52.92504458,158.2468135,0.347890198,0.395106912,0.408067703,0.556501627,0.378519446,0.275813133,0.217015564,0.280688494,-0.141138482,0.425004165
p02,575683.078,1.36,STILL,63,41,-30.82394721,57.4104141,162.0254988,166.2280337,53.02372822,158.4142716,0.34794578,0.39549315,0.40774864,0.555944085,0.37841703,0.275996327,0.216616035,0.279947758,-0.140669413,0.426854008
p02,575683.109,1.391,STILL,63,42,-30.9555023,57.56381192,161.779378,166.0964786,53.17712605,158.1681508,0.34754774,0.394967437,0.407610267,0.556606829,0.377664059,0.276497513,0.216378391,0.280109316,-0.139183583,0.422941748
p02,575683.14,1.422,STILL,63,43,-30.53484328,57.34948638,162.0584128,166.5171377,52.96280051,158.4471856,0.348030329,0.395717204,0.407609582,0.556240976,0.377562195,0.276904464,0.216223747,0.279336512,-0.136580125,0.425339097
p02,575683.187,1.469,STILL,63,44,-30.56790449,57.27566746,162.1175975,166.4840764,52.88898159,158.5063703,0.347776473,0.395536929,0.407257944,0.556829751,0.377344131,0.277097538,0.216780871,0.279732212,-0.136394225,0.423402762
p02,575683.218,1.5,STILL,63,45,-30.26755273,57.0554746,162.1050793,166.7844282,52.66878873,158.4938522,0.348087102,0.395902544,0.40800181,0.556663454,0.376901835,0.277317435,0.216965765,0.279346019,-0.132807741,0.424509754
p02,575683.25,1.532,STILL,63,46,-30.20983127,57.04534743,162.1315488,166.8421497,52.65866156,158.5203217,0.347801387,0.395174384,0.4080863,0.556305647,0.376615122,0.277287841,0.216914237,0.279017806,-0.132834687,0.422505448
p02,575683.281,1.563,STILL,63,47,-30.46523537,57.42516338,161.8291311,166.5867456,53.0384775,158.2179039,0.346717149,0.395116746,0.407673299,0.556135118,0.375892967,0.277236119,0.216368139,0.278898999,-0.134843411,0.422664219
p02,575683.312,1.594,STILL,63,48,-30.78548832,57.40119951,161.7454296,166.2664926,53.01451364,158.1342024,0.346422255,0.394964516,0.406884521,0.555998445,0.375596374,0.277304798,0.216824353,0.278693646,-0.134551857,0.422182993
p02,575683.343,1.625,STILL,63,49,-30.76303695,57.34114903,161.8325807,166.288944,52.95446316,158.2213535,0.346287668,0.394125819,0.406674981,0.555502951,0.375671849,0.277328521,0.21602723,0.27817443,-0.136020727,0.41987072
p02,575683.375,1.657,STILL,63,50,-30.72244599,57.30777606,161.8899606,166.3295349,52.92109018,158.2787335,0.346164197,0.394573033,0.406294703,0.555718124,0.375523075,0.277513549,0.216427356,0.278204575,-0.135652347,0.420767646
p02,575683.421,1.703,STILL,63,51,-30.59278077,57.04485057,162.2835354,166.4592002,52.65816469,158.6723082,0.347273409,0.393941015,0.406453669,0.555663764,0.376499325,0.277097106,0.216970384,0.278566658,-0.134700023,0.419446856
p02,575683.453,1.735,STILL,63,52,-30.40973661,56.62767609,162.3864976,166.6422443,52.24099022,158.7752705,0.34810406,0.392729878,0.407260031,0.555960059,0.376731515,0.276554123,0.217925102,0.279405937,-0.131363735,0.415795589
p02,575683.484,1.766,STILL,63,53,-30.32060311,56.16422157,162.5306833,166.7313778,51.77753569,158.9194561,0.34917295,0.392075747,0.407923758,0.556430578,0.377165407,0.277082518,0.218752772,0.27934806,-0.127963897,0.41164857
p02,575683.515,1.797,STILL,63,54,-30.32440924,56.46695503,162.6041221,166.7275717,52.08026915,158.9928949,0.348874718,0.391251981,0.408542544,0.556217253,0.378491178,0.276603922,0.219486535,0.279613331,-0.134935203,0.41002358
p02,575683.546,1.828,STILL,63,55,-29.70712178,55.84526375,163.0827383,167.3448592,51.45857787,159.4715112,0.350904793,0.391282588,0.409448683,0.555970013,0.379009858,0.276274174,0.219328523,0.279695839,-0.128141406,0.411191008
p02,575683.593,1.875,STILL,63,56,-29.97271591,56.03821138,162.9898865,167.079265,51.65152551,159.3786593,0.35164091,0.39081341,0.410154641,0.555637956,0.380268991,0.275887892,0.219569474,0.279750064,-0.130382792,0.410814986
p02,575683.609,1.891,STILL,63,57,-29.86498023,55.6530435,163.2776847,167.1870007,51.26635762,159.6664575,0.352573454,0.390788078,0.410303056,0.555202782,0.381058261,0.275812417,0.219839245,0.279390365,-0.129571071,0.411523358
p02,575683.64,1.922,STILL,63,58,-29.72826006,55.64483106,163.4772391,167.3237209,51.25814518,159.8660119,0.352862,0.390496761,0.410906345,0.554832458,0.381677195,0.274880841,0.220798403,0.279951617,-0.130504544,0.412985359
p02,575683.687,1.969,STILL,63,59,-29.67556228,55.9574124,163.4103021,167.3764187,51.57072652,159.7990749,0.352732003,0.390154332,0.411183715,0.554901361,0.381978303,0.27447173,0.220153213,0.280429631,-0.132845213,0.412519181
p02,575683.718,2,STILL,63,60,-29.93997336,55.82292219,163.360817,167.1120076,51.43623632,159.7495898,0.353275001,0.389846355,0.411597997,0.554688394,0.382811591,0.274814919,0.219667017,0.279873475,-0.134460741,0.411012283
p02,575687.046,0,STILL,64,0,6.236280097,-14.14491352,-1.709718842,-156.711739,-18.53159939,-5.320946031,0.673921168,0.391749978,0.647067606,0.566993654,0.65127632,0.250069365,0.281125188,0.316924289,0.08055076,0.447048769
p02,575687.078,0.032,STILL,64,1,6.176113149,-14.16384925,-1.734340142,-156.7719059,-18.55053512,-5.345567331,0.672883689,0.391029626,0.646367729,0.565974474,0.650270283,0.249586128,0.280848116,0.316388346,0.080518276,0.4470566
p02,575687.125,0.079,STILL,64,2,6.158364921,-14.34447368,-1.731316567,-156.7896541,-18.73115955,-5.342543757,0.671963334,0.38968122,0.64541769,0.564544916,0.649464518,0.248615369,0.279650211,0.315929547,0.080453421,0.446510471
p02,575687.156,0.11,STILL,64,3,6.180390308,-14.74037676,-1.887006723,-156.7676288,-19.12706264,-5.498233913,0.670481443,0.387721568,0.643928587,0.562288046,0.647487491,0.247684017,0.279092073,0.314604029,0.08238841,0.445123198
p02,575687.187,0.141,STILL,64,4,6.361824642,-14.46831078,-1.907519783,-156.5861944,-18.85499666,-5.518746972,0.667673469,0.386299431,0.64218235,0.559606075,0.645714253,0.246743754,0.277795494,0.312862322,0.079048134,0.446060993
p02,575687.218,0.172,STILL,64,5,6.116384812,-14.6446874,-2.012659081,-156.8316342,-19.03137328,-5.62388627,0.665248811,0.383100539,0.640297472,0.556436241,0.643279403,0.245532535,0.276950747,0.310903706,0.079326046,0.442477854
p02,575687.25,0.204,STILL,64,6,5.88707104,-15.02593291,-2.172176123,-157.060948,-19.41261878,-5.783403312,0.66165936,0.380751669,0.637796938,0.553331614,0.640075177,0.244171299,0.275316894,0.309160315,0.078397597,0.441778469
p02,575687.281,0.235,STILL,64,7,5.909611967,-15.02402887,-2.389747067,-157.0384071,-19.41071475,-6.000974256,0.658734977,0.378270358,0.635554314,0.549537539,0.636734515,0.242914617,0.273854971,0.306622922,0.080336178,0.441440385
p02,575687.312,0.266,STILL,64,8,5.890624442,-14.9531429,-2.382184466,-157.0573946,-19.33982877,-5.993411656,0.65499419,0.375605792,0.632957995,0.545433402,0.633954316,0.241614386,0.271131009,0.303819016,0.077600395,0.441023762
p02,575687.343,0.297,STILL,64,9,5.988813354,-14.98604884,-2.54128633,-156.9592057,-19.37273472,-6.15251352,0.651326537,0.372451127,0.629951,0.540844977,0.630737424,0.240702301,0.268878341,0.300142676,0.076574086,0.438953991
p02,575687.375,0.329,STILL,64,10,5.962282462,-15.47203892,-2.543447386,-156.9857366,-19.8587248,-6.154674575,0.647146881,0.369851768,0.626114845,0.537829697,0.627245516,0.239664227,0.264687836,0.29816547,0.075188061,0.436628497
p02,575687.406,0.36,STILL,64,11,5.659120159,-15.40532786,-2.319549074,-157.2888989,-19.79201373,-5.930776264,0.641910434,0.367469788,0.621789277,0.533609509,0.623142421,0.239127278,0.260902762,0.294482231,0.071934894,0.43582429
p02,575687.453,0.407,STILL,64,12,5.752559857,-14.7102928,-2.125696569,-157.1954592,-19.09697867,-5.736923758,0.636630356,0.365305871,0.617710054,0.528732836,0.619061351,0.239239894,0.257520795,0.289492942,0.068223638,0.435471676
p02,575687.468,0.422,STILL,64,13,5.767668232,-14.69323149,-2.113472448,-157.1803508,-19.07991737,-5.724699638,0.632057428,0.362336874,0.613707244,0.523468018,0.614923149,0.238750525,0.252932727,0.284717493,0.067742436,0.434066583
p02,575687.515,0.469,STILL,64,14,5.637747508,-14.78380475,-2.003320618,-157.3102716,-19.17049063,-5.614547807,0.626955926,0.359099209,0.60912025,0.518888831,0.610565901,0.238136753,0.249072254,0.280752078,0.065804301,0.430851507
p02,575687.546,0.5,STILL,64,15,5.587909621,-14.77703825,-2.10070337,-157.3601094,-19.16372413,-5.711930559,0.621615469,0.356574923,0.604779005,0.514697671,0.605886728,0.238800704,0.244016528,0.275896966,0.064457691,0.42687754
p02,575687.578,0.532,STILL,64,16,4.965696933,-15.41788968,-2.219256978,-157.9823221,-19.80457556,-5.830484167,0.617335379,0.353632271,0.600820303,0.510787725,0.600821644,0.239217356,0.240496755,0.27157037,0.068665106,0.421308538
p02,575687.609,0.563,STILL,64,17,4.90730732,-15.80605664,-2.413857922,-158.0407117,-20.19274252,-6.025085111,0.612561703,0.352285147,0.597080886,0.506609559,0.596276164,0.240070015,0.236362249,0.266539544,0.06890076,0.421007442
p02,575687.64,0.594,STILL,64,18,4.384875594,-15.95703012,-2.34522745,-158.5631435,-20.343716,-5.956454639,0.60787636,0.350795537,0.592909217,0.504059196,0.591558695,0.241781473,0.232387394,0.262277722,0.070217516,0.415643628
p02,575687.687,0.641,STILL,64,19,4.213985455,-15.97255787,-2.525573387,-158.7340336,-20.35924374,-6.136800576,0.603597164,0.350998044,0.589244604,0.501746774,0.586840391,0.243915305,0.228765696,0.257831469,0.073248626,0.415320674
p02,575687.718,0.672,STILL,64,20,4.082540926,-16.64567042,-2.647478138,-158.8654781,-21.0323563,-6.258705327,0.599872887,0.351077676,0.585794508,0.50026083,0.583321869,0.246166825,0.22451362,0.254094005,0.073719437,0.412882038
p02,575687.75,0.704,STILL,64,21,3.939890373,-16.76249235,-2.780659966,-159.0081287,-21.14917823,-6.391887155,0.59623915,0.351707697,0.582644522,0.499167442,0.579465359,0.248508632,0.2208395,0.25065881,0.075954664,0.411711301
p02,575687.781,0.735,STILL,64,22,3.450414271,-16.68371853,-2.784845229,-159.4976048,-21.0704044,-6.396072418,0.59275049,0.351464719,0.579799116,0.49707967,0.575921446,0.250505105,0.217275321,0.246574566,0.077454925,0.409448613
p02,575687.812,0.766,STILL,64,23,3.392766751,-16.90904595,-2.769912646,-159.5552523,-21.29573183,-6.381139835,0.590013862,0.351058006,0.576924145,0.495439976,0.572974175,0.251642764,0.21474418,0.243797213,0.079348769,0.407778422
p02,575687.843,0.797,STILL,64,24,2.896318994,-16.99961434,-2.914481036,-160.0517001,-21.38630021,-6.525708225,0.587926865,0.349678099,0.575484812,0.492481321,0.569933146,0.251733415,0.21180746,0.240747906,0.084953185,0.406835041
p02,575687.875,0.829,STILL,64,25,2.210284412,-17.52525732,-3.064134833,-160.7377346,-21.9119432,-6.675362022,0.586362958,0.347414225,0.573991835,0.490050584,0.566892624,0.251710936,0.20903486,0.238339648,0.093143957,0.401541623
p02,575687.921,0.875,STILL,64,26,1.081058163,-17.72409675,-2.81163015,-161.8669609,-22.11078263,-6.422857339,0.584010541,0.34370476,0.572217822,0.486990631,0.564705968,0.250828974,0.207523793,0.236161657,0.093023423,0.393272081
p02,575687.953,0.907,STILL,64,27,0.905687046,-17.81411723,-2.770700747,-162.042332,-22.2008031,-6.381927937,0.582222581,0.341100186,0.570159495,0.484126538,0.562682673,0.249665827,0.206428498,0.234460711,0.094657025,0.389977318
p02,575687.984,0.938,STILL,64,28,-0.249577051,-18.82477974,-2.675715746,-163.1975961,-23.21146562,-6.286942935,0.581080973,0.337491751,0.568749905,0.48192516,0.560487628,0.248521879,0.205573261,0.23340328,0.100175213,0.38118518
p02,575688.015,0.969,STILL,64,29,-0.761970259,-18.7467413,-2.301658236,-163.7099893,-23.13342718,-5.912885425,0.579243004,0.335081071,0.566924095,0.479470909,0.559136078,0.247364327,0.204677612,0.232106581,0.098237059,0.377915796
p02,575688.062,1.016,STILL,64,30,-1.346565865,-18.78479792,-2.304321225,-164.2945849,-23.1714838,-5.915548414,0.578254342,0.332956731,0.566131532,0.477713585,0.557476982,0.246527448,0.204363227,0.231186137,0.101668778,0.373851496
p02,575688.078,1.032,STILL,64,31,-2.239903505,-18.89799642,-2.045950948,-165.1879226,-23.2846823,-5.657178138,0.577139139,0.33082208,0.565094888,0.47720021,0.5562457,0.245813519,0.204102039,0.231386691,0.102367618,0.367387429
p02,575688.125,1.079,STILL,64,32,-2.604338181,-19.28248709,-2.067539411,-165.5523572,-23.66917296,-5.678766601,0.576716542,0.329930246,0.564509392,0.477301091,0.555224851,0.245234303,0.203849792,0.232066788,0.105429057,0.364963653
p02,575688.14,1.094,STILL,64,33,-2.589298224,-19.13559939,-1.980822074,-165.5373173,-23.52228527,-5.592049263,0.575833976,0.329590917,0.563560069,0.477199376,0.554610595,0.244954139,0.204658628,0.232245237,0.103701375,0.364428476
p02,575688.187,1.141,STILL,64,34,-2.569632606,-19.1041456,-1.97693168,-165.5176517,-23.49083147,-5.58815887,0.57513541,0.329436868,0.562883139,0.477838039,0.554007158,0.244899273,0.205008388,0.232938766,0.103060428,0.362917675
p02,575688.218,1.172,STILL,64,35,-2.636770079,-19.04237016,-1.86864628,-165.5847891,-23.42905604,-5.479873469,0.574634612,0.329585403,0.562247038,0.478420436,0.553534776,0.24470181,0.204786301,0.233718626,0.103033433,0.363187113
p02,575688.25,1.204,STILL,64,36,-2.312691974,-19.03569926,-1.818665781,-165.260711,-23.42238513,-5.42989297,0.574372649,0.330388576,0.561703026,0.479437232,0.553445876,0.244769432,0.205227524,0.2346678,0.10196865,0.364852545
p02,575688.281,1.235,STILL,64,37,-2.177310105,-19.18601268,-1.720694339,-165.1253292,-23.57269855,-5.331921528,0.574160278,0.33146894,0.561047852,0.480848342,0.553429052,0.24523367,0.205374569,0.235614672,0.100943489,0.366001273
p02,575688.312,1.266,STILL,64,38,-1.824302305,-19.3464981,-1.742634669,-164.7723214,-23.73318397,-5.353861858,0.574347913,0.332931817,0.560844421,0.48223564,0.553617492,0.245932572,0.206274599,0.236303069,0.100499146,0.368168071
p02,575688.343,1.297,STILL,64,39,-1.626582138,-19.29417537,-1.707652478,-164.5746012,-23.68086125,-5.318879667,0.574275911,0.334645391,0.560745001,0.483689904,0.55367893,0.247097619,0.20632714,0.236592285,0.099826814,0.37003646
p02,575688.375,1.329,STILL,64,40,-1.39253338,-19.54901697,-1.874881653,-164.3405524,-23.93570284,-5.486108843,0.574848473,0.336450428,0.56115371,0.484874636,0.553824157,0.248014055,0.206632465,0.236860581,0.101747402,0.373368892
p02,575688.421,1.375,STILL,64,41,-1.309275277,-19.31512395,-1.837389782,-164.2572943,-23.70180983,-5.448616971,0.574765682,0.337811351,0.561072648,0.485909879,0.553861111,0.249168836,0.206792593,0.236741044,0.101089553,0.374428168
p02,575688.453,1.407,STILL,64,42,-1.018557778,-19.10961135,-1.865450455,-163.9665768,-23.49629722,-5.476677644,0.575115979,0.3392241,0.561288476,0.487036169,0.554394901,0.250292651,0.207010001,0.236743517,0.10009699,0.375644705
p02,575688.484,1.438,STILL,64,43,-0.845358277,-19.20960997,-2.067770696,-163.7933773,-23.59629585,-5.678997885,0.575391114,0.340333641,0.561721087,0.487895906,0.554255933,0.251105227,0.207009077,0.236790679,0.102097848,0.376824013
p02,575688.531,1.485,STILL,64,44,-0.701616355,-19.19115787,-2.136327778,-163.6496354,-23.57784375,-5.747554968,0.575792015,0.34099254,0.561868846,0.48863858,0.55439277,0.251456514,0.206850588,0.237182066,0.103452665,0.377499141
p02,575688.546,1.5,STILL,64,45,-0.506428499,-18.47934766,-2.071107335,-163.4544476,-22.86603353,-5.682334524,0.575944543,0.341942728,0.561989725,0.488690913,0.554681405,0.252158925,0.207216233,0.236531988,0.102613281,0.379584188
p02,575688.578,1.532,STILL,64,46,-0.463577052,-18.69952771,-2.050327302,-163.4115961,-23.08621358,-5.661554491,0.575767994,0.342573285,0.562020719,0.489114463,0.554898098,0.252588943,0.207261264,0.236525521,0.100693663,0.380442424
p02,575688.625,1.579,STILL,64,47,-0.629863024,-18.44879739,-1.994366997,-163.5778821,-22.83548326,-5.605594186,0.576063693,0.342555761,0.562428772,0.489309192,0.555139288,0.252974421,0.207017541,0.236334771,0.101075514,0.379044269
p02,575688.656,1.61,STILL,64,48,-0.271897494,-18.47243092,-1.997511032,-163.2199166,-22.85911679,-5.608738221,0.576176703,0.343729466,0.562578261,0.490039587,0.555671453,0.253406689,0.207172871,0.236632898,0.098976519,0.381700001
p02,575688.687,1.641,STILL,64,49,-0.059901397,-18.69552728,-2.045087353,-163.0079205,-23.08221316,-5.656314542,0.576904058,0.344458789,0.562777758,0.490499109,0.556012496,0.253912061,0.207099557,0.236587048,0.100876904,0.382720559
p02,575688.75,1.704,STILL,64,50,-0.179752072,-18.82291096,-1.98514498,-163.1277711,-23.20959684,-5.596372169,0.57735455,0.344516873,0.562941134,0.490887851,0.556405872,0.254217386,0.207385421,0.236670464,0.101013264,0.381541006
p02,575688.765,1.719,STILL,64,51,-0.183269381,-18.83190466,-1.970314721,-163.1312884,-23.21859054,-5.58154191,0.578050554,0.345122516,0.563241422,0.491155326,0.556674734,0.254412681,0.207093537,0.236742646,0.10321819,0.383157986
p02,575688.781,1.735,STILL,64,52,-0.038785868,-18.78787206,-1.98978419,-162.9868049,-23.17455793,-5.601011379,0.578404665,0.345681846,0.563540637,0.491438657,0.556979805,0.254612729,0.207173824,0.236825928,0.103414897,0.384540316
p02,575688.828,1.782,STILL,64,53,0.006116182,-18.50994416,-1.923333712,-162.9419029,-22.89663003,-5.534560901,0.578645647,0.345604032,0.563685238,0.491514474,0.557387605,0.254716426,0.207150936,0.236798048,0.102621024,0.383819068
p02,575688.859,1.813,STILL,64,54,0.146447157,-18.32690384,-1.922847903,-162.8015719,-22.71358972,-5.534075093,0.578534186,0.345881283,0.563657224,0.491378546,0.557481721,0.2547791,0.2074714,0.236599445,0.101471648,0.385048168
p02,575688.875,1.829,STILL,64,55,0.151498029,-18.51786331,-1.965261594,-162.796521,-22.90454919,-5.576488784,0.57885468,0.345708758,0.563917756,0.491558254,0.557705134,0.254816368,0.207660109,0.236741886,0.101846936,0.383930327
p02,575688.921,1.875,STILL,64,56,0.2510839,-18.35686156,-1.933988217,-162.6969352,-22.74354744,-5.545215406,0.579087555,0.346073508,0.564041257,0.492012978,0.557892352,0.254767716,0.207559168,0.237245262,0.102116439,0.384858234
p02,575688.953,1.907,STILL,64,57,0.368093983,-18.29295066,-1.971710141,-162.5799251,-22.67963654,-5.582937331,0.579235613,0.346698135,0.564097941,0.492122084,0.557853624,0.254840866,0.207897067,0.237281218,0.102848921,0.387124064
p02,575688.984,1.938,STILL,64,58,0.452176968,-18.4275121,-1.980778854,-162.4958421,-22.81419797,-5.592006043,0.579715967,0.347068697,0.564644516,0.493218392,0.558351234,0.255195692,0.207671285,0.2380227,0.102877649,0.385984215
p02,575689.015,1.969,STILL,64,59,0.494984499,-18.4996564,-2.068737845,-162.4530346,-22.88634227,-5.679965034,0.579813004,0.347640753,0.564782262,0.492471814,0.558488309,0.255195394,0.208318204,0.23727642,0.102365966,0.38961039
p02,575689.062,2.016,STILL,64,60,0.525474447,-18.89161797,-2.067620074,-162.4225446,-23.27830385,-5.678847264,0.580694318,0.347255111,0.565439224,0.493462205,0.559337169,0.255281508,0.208068907,0.238180697,0.102644596,0.386150532
p02,575691.281,0,STILL,65,0,6.051936476,-10.63731261,-2.183196065,-156.8960826,-15.02399848,-5.794423255,0.783872724,0.418667138,0.749395609,0.608116746,0.755538315,0.254872717,0.318908572,0.353244029,0.088848063,0.463686311
p02,575691.328,0.047,STILL,65,1,6.059270535,-10.66560631,-2.219820849,-156.8887485,-15.05229218,-5.831048038,0.786579013,0.420627892,0.751787603,0.60929507,0.757796377,0.256184623,0.319672525,0.353110448,0.090037878,0.465699247
p02,575691.343,0.062,STILL,65,2,5.946354161,-10.546931,-2.070296714,-157.0016649,-14.93361687,-5.681523904,0.789161801,0.422075421,0.75409013,0.611151338,0.760424227,0.256755494,0.320770144,0.354395844,0.089589307,0.46648382
p02,575691.39,0.109,STILL,65,3,6.022686726,-10.53262336,-2.096629516,-156.9253323,-14.91930923,-5.707856705,0.792274535,0.424353421,0.75627172,0.612922907,0.762783438,0.258003905,0.320914388,0.354919001,0.091897085,0.468697124
p02,575691.421,0.14,STILL,65,4,6.176309528,-10.7706677,-2.021093317,-156.7717095,-15.15735358,-5.632320506,0.795567513,0.424975455,0.758097351,0.613777399,0.765910685,0.259125352,0.320295274,0.354652047,0.092592148,0.467641747
p02,575691.453,0.172,STILL,65,5,6.452126856,-10.96569949,-2.057009437,-156.4958922,-15.35238536,-5.668236626,0.798664451,0.427157462,0.759840488,0.61557126,0.768413037,0.260123909,0.321002543,0.355447352,0.094240417,0.469924877
p02,575691.484,0.203,STILL,65,6,6.374985465,-11.32873258,-2.104805056,-156.5730336,-15.71541846,-5.716032246,0.801953256,0.4273296,0.762226045,0.616450191,0.771020591,0.2605827,0.32015425,0.35586749,0.096618005,0.468564576
p02,575691.515,0.234,STILL,65,7,6.442402176,-11.48914208,-2.006981517,-156.5056169,-15.87582795,-5.618208707,0.804034948,0.428904116,0.763517618,0.617784262,0.772963643,0.261226118,0.320358574,0.356558144,0.096989148,0.470268318
p02,575691.546,0.265,STILL,65,8,6.522729288,-11.68159575,-2.144992475,-156.4252898,-16.06828163,-5.756219664,0.806530535,0.429958224,0.765870988,0.619051456,0.775070548,0.261845633,0.320927024,0.357205823,0.098028476,0.47063228
p02,575691.578,0.297,STILL,65,9,6.6563206,-11.86344145,-2.125220495,-156.2916985,-16.25012733,-5.736447684,0.809243441,0.430268943,0.76730758,0.619101584,0.777515739,0.262518749,0.320160568,0.356582835,0.099099341,0.470438221
p02,575691.625,0.344,STILL,65,10,6.703655721,-11.96023806,-2.131220644,-156.2443633,-16.34692394,-5.742447834,0.811844707,0.431267709,0.769235373,0.620170176,0.779562354,0.26331684,0.320877492,0.356853336,0.100606472,0.470643964
p02,575691.656,0.375,STILL,65,11,6.470002551,-12.01525787,-2.244662306,-156.4780165,-16.40194374,-5.855889495,0.814189136,0.430935353,0.771348119,0.62043339,0.780846834,0.263866693,0.320862591,0.356566697,0.103914581,0.468548133
p02,575691.687,0.406,STILL,65,12,6.585615286,-11.68727239,-2.09477255,-156.3624038,-16.07395826,-5.705999739,0.81517452,0.432244748,0.772317648,0.620846868,0.782683909,0.264582738,0.321743906,0.356264129,0.100982833,0.470611537
p02,575691.718,0.437,STILL,65,13,6.516440925,-12.00091879,-2.385453694,-156.4315781,-16.38760466,-5.996680883,0.817570388,0.433157921,0.774221659,0.621160388,0.782996058,0.26504612,0.321314573,0.356114268,0.107602744,0.472072635
p02,575691.75,0.469,STILL,65,14,6.548306637,-11.93660316,-2.257523073,-156.3997124,-16.32328903,-5.868750262,0.818256557,0.433518827,0.774805605,0.621666193,0.784294903,0.265592486,0.321132243,0.356073707,0.105755976,0.471605563
p02,575691.781,0.5,STILL,65,15,6.616752137,-11.86235879,-2.402385105,-156.3312669,-16.24904467,-6.013612295,0.818693697,0.434564114,0.77541095,0.621650457,0.784282178,0.265872881,0.321788311,0.355777577,0.106938377,0.474148018
p02,575691.812,0.531,STILL,65,16,6.694712147,-11.85880491,-2.350683836,-156.2533069,-16.24549078,-5.961911025,0.81878978,0.43500632,0.775001645,0.622355103,0.784842879,0.266029134,0.321650863,0.356325969,0.105539594,0.4742208
p02,575691.859,0.578,STILL,65,17,6.553829287,-11.84992365,-2.298625171,-156.3941898,-16.23660952,-5.90985236,0.818797886,0.435669035,0.775459647,0.623062611,0.784912407,0.266571105,0.322507143,0.356491506,0.105068925,0.474339296
p02,575691.89,0.609,STILL,65,18,6.420765199,-12.07164009,-2.290610025,-156.5272539,-16.45832596,-5.901837214,0.819053769,0.436336756,0.775822639,0.624192238,0.785158694,0.267299682,0.323267698,0.356892556,0.104851414,0.473635751
p02,575691.921,0.64,STILL,65,19,5.784188821,-11.58419076,-2.149998248,-157.1638302,-15.97087664,-5.761225437,0.8182621,0.43635273,0.776011169,0.625416994,0.783613473,0.268440366,0.323631227,0.356976628,0.107062064,0.47037355
p02,575691.953,0.672,STILL,65,20,5.467129041,-11.59197713,-2.335604206,-157.48089,-15.978663,-5.946831395,0.819455683,0.437536657,0.777685702,0.626667857,0.78321436,0.268661261,0.323951721,0.358006597,0.111872604,0.471710292
p02,575692,0.719,STILL,65,21,5.532644996,-11.6268654,-2.331150195,-157.4153741,-16.01355128,-5.942377384,0.819952309,0.438861191,0.777662516,0.629173458,0.7837964,0.268901914,0.324690521,0.360271543,0.111354989,0.471753265
p02,575692.015,0.734,STILL,65,22,5.36025678,-11.53164819,-2.22865404,-157.5877623,-15.91833406,-5.839881229,0.82013458,0.439856797,0.778371274,0.630358696,0.784233302,0.268932313,0.325536966,0.361426383,0.110283261,0.472916457
p02,575692.046,0.765,STILL,65,23,5.477273547,-11.28545396,-2.429400579,-157.4707455,-15.67213984,-6.040627768,0.822506666,0.441060305,0.780012727,0.632312059,0.784970254,0.269403726,0.327314258,0.362908334,0.114680041,0.473002582
p02,575692.078,0.797,STILL,65,24,5.214022572,-11.40798359,-2.347770216,-157.7339965,-15.79466947,-5.958997406,0.823052406,0.441171288,0.7805776,0.635172188,0.786588162,0.269459799,0.330134213,0.365712389,0.110452788,0.469526039
p02,575692.125,0.844,STILL,65,25,5.072727379,-10.88352288,-2.134935694,-157.8752917,-15.27020876,-5.746162883,0.824593544,0.441146523,0.782326639,0.638904929,0.789404869,0.269815013,0.333931804,0.369089916,0.10537683,0.464199921
p02,575692.14,0.859,STILL,65,26,4.905964396,-10.1650247,-2.153749915,-158.0420547,-14.55171057,-5.764977104,0.826089323,0.444216907,0.78478694,0.64279294,0.790559441,0.270449311,0.33794409,0.37234363,0.105135384,0.4666861
p02,575692.187,0.906,STILL,65,27,4.62796349,-10.16079415,-2.062219868,-158.3200556,-14.54748002,-5.673447057,0.829263806,0.446482182,0.78773886,0.647181273,0.793498456,0.272206962,0.342060506,0.37497431,0.104558548,0.464765758
p02,575692.218,0.937,STILL,65,28,3.923035359,-9.68504045,-2.11896319,-159.0249837,-14.07172633,-5.730190379,0.831252038,0.449401975,0.791417956,0.652750075,0.795161664,0.273316696,0.347156286,0.379433379,0.103960019,0.464074297
p02,575692.25,0.969,STILL,65,29,3.537232863,-8.470199645,-1.963487016,-159.4107862,-12.85688552,-5.574714205,0.833838701,0.453097641,0.794398248,0.658645511,0.797333032,0.276357934,0.354402363,0.382287577,0.103006281,0.462321347
p02,575692.281,1,STILL,65,30,3.524718647,-7.86102229,-1.9871752,-159.4233004,-12.24770817,-5.59840239,0.835898399,0.459563494,0.796889484,0.665699065,0.798262835,0.279902652,0.359440625,0.385796413,0.10470593,0.465688212
p02,575692.328,1.047,STILL,65,31,3.775293694,-6.77890557,-1.910711575,-159.1727254,-11.16559145,-5.521938764,0.837218642,0.46935153,0.797308385,0.676626921,0.799721181,0.283740237,0.366256952,0.392886683,0.102380202,0.472429585
p02,575692.343,1.062,STILL,65,32,3.347211909,-6.926314978,-1.670217288,-159.6008072,-11.31300085,-5.281444477,0.838206768,0.47863239,0.798963428,0.690562725,0.801829249,0.287441567,0.374131143,0.403121158,0.097232,0.474276331
p02,575692.375,1.094,STILL,65,33,3.413113718,-6.109092484,-1.314591502,-159.5349053,-10.49577836,-4.925818692,0.842314839,0.487202078,0.801828206,0.70293057,0.805706561,0.293692261,0.380925477,0.409238309,0.096103519,0.472853623
p02,575692.421,1.14,STILL,65,34,2.956581709,-6.194769792,-1.371458575,-159.9914374,-10.58145567,-4.982685764,0.84829855,0.496218592,0.807259977,0.71612525,0.809540302,0.298344612,0.387910545,0.417780638,0.099915428,0.473631284
p02,575692.453,1.172,STILL,65,35,2.873587935,-5.985320633,-1.420885344,-160.0744311,-10.37200651,-5.032112534,0.853805065,0.506766438,0.811406732,0.730180204,0.813968241,0.303631335,0.394674957,0.426548868,0.100935778,0.47622938
p02,575692.484,1.203,STILL,65,36,2.480235321,-6.279383339,-1.675107406,-160.4677837,-10.66606921,-5.286334595,0.862235069,0.515935302,0.817408204,0.742353201,0.81778422,0.309129298,0.401170075,0.433223903,0.110803004,0.477365174
p02,575692.531,1.25,STILL,65,37,3.064716938,-5.768994542,-1.99185772,-159.8833021,-10.15568042,-5.60308491,0.871175468,0.52552557,0.823886931,0.753567874,0.82403186,0.313266948,0.408815324,0.440300927,0.115317615,0.482076256
p02,575692.546,1.265,STILL,65,38,2.245600621,-6.142334836,-1.740194467,-160.7024184,-10.52902071,-5.351421657,0.875641584,0.535207629,0.828493416,0.768774629,0.828993499,0.31752038,0.418096423,0.451254249,0.111572552,0.482404875
p02,575692.578,1.297,STILL,65,39,2.910238032,-6.119154848,-1.707244674,-160.037781,-10.50584072,-5.318471863,0.883345842,0.547189057,0.832387507,0.781694233,0.835911512,0.321526021,0.423256278,0.460168213,0.112069997,0.490392491
p02,575692.625,1.344,STILL,65,40,2.392344464,-5.983387639,-1.411869862,-160.5556746,-10.37007352,-5.023097052,0.890997052,0.554013908,0.837575734,0.792853355,0.841044217,0.327182859,0.428346217,0.465670496,0.116617897,0.487106335
p02,575692.656,1.375,STILL,65,41,2.513176366,-4.828988823,-0.821012486,-160.4348427,-9.215674699,-4.432239675,0.895628333,0.563881755,0.840381145,0.803860903,0.848021328,0.333438829,0.440414369,0.470422074,0.108095939,0.489864186
p02,575692.687,1.406,STILL,65,42,-5.51621461,-44.26394167,-179.8348984,-168.4642337,-48.65062755,176.5538744,0.903592408,0.571321964,0.847167253,0.810627699,0.849613696,0.339480028,0.441511869,0.471147671,0.1222588,0.492079131
p02,575692.75,1.469,STILL,65,43,-4.426570767,-43.22793756,-179.6747106,-167.3745898,-47.61462344,176.7140623,0.906502545,0.579422355,0.85029,0.820387363,0.857714444,0.345884383,0.452656388,0.474502981,0.107781756,0.492173878
p02,575692.781,1.5,STILL,65,44,-3.273189062,-43.534934,-179.754918,-166.2212081,-47.92161988,176.6338548,0.911886513,0.588047743,0.852044821,0.827508926,0.863398015,0.345168009,0.457753658,0.482340917,0.105927057,0.503543707
p02,575692.796,1.515,STILL,65,45,3.2022513,-2.268402723,-0.18359242,-159.7457678,-6.655088599,-3.79481961,0.915733337,0.59377265,0.856479704,0.835888147,0.871040106,0.351318896,0.459339023,0.484569252,0.097299009,0.500349028
p02,575692.828,1.547,STILL,65,46,-2.999571871,-42.59937862,-179.5104551,-165.9475909,-46.98606449,176.8783177,0.921653509,0.595328808,0.860641062,0.841225743,0.874111861,0.353577167,0.464223087,0.487648576,0.10241121,0.495749711
p02,575692.843,1.562,STILL,65,47,-2.54867388,-42.8210617,-179.6643045,-165.4966929,-47.20774758,176.7244684,0.926845491,0.601454616,0.86074847,0.843836188,0.8748236,0.357233122,0.4637779,0.486603066,0.112169836,0.501890577
p02,575692.89,1.609,STILL,65,48,-3.224039563,-43.42638613,179.4638226,-166.1720586,-47.81307201,175.8525954,0.9286955,0.600292206,0.863117278,0.845248818,0.872045338,0.358127132,0.470058322,0.487121686,0.120517304,0.49713466
p02,575692.921,1.64,STILL,65,49,-1.748797682,-42.34545358,179.7145147,-164.6968167,-46.73213946,176.1032876,0.930526197,0.602034509,0.865682304,0.846929073,0.880361348,0.357226595,0.48257494,0.489702478,0.103952453,0.499911528
p02,575692.953,1.672,STILL,65,50,-1.487033141,-42.74414947,-179.4390677,-164.4350522,-47.13083535,176.9497051,0.932895303,0.601263106,0.866777718,0.846188545,0.889997244,0.351014793,0.488272548,0.495173752,0.08785679,0.505374753
p02,575692.984,1.703,STILL,65,51,-3.438408737,-40.88075479,-178.5136229,-166.3864278,-45.26744067,177.8751499,0.931874692,0.602297843,0.868489265,0.849509597,0.888496518,0.357667252,0.48940146,0.491842344,0.088635155,0.497376025
p02,575693.015,1.734,STILL,65,52,-2.503066391,-42.78082689,-178.5596734,-165.4510855,-47.16751276,177.8290994,0.938025236,0.60251385,0.869570136,0.843614697,0.894722968,0.348962009,0.485067189,0.494652689,0.089270659,0.512585591
p02,575693.062,1.781,STILL,65,53,-3.923275429,-44.23762429,-177.8561591,-166.8712945,-48.62431016,178.5326137,0.939176202,0.602296948,0.868350506,0.84684813,0.894401878,0.358222544,0.474221826,0.488625586,0.094416413,0.499512124
p02,575693.078,1.797,STILL,65,54,-2.656822824,-44.64739362,-178.3408719,-165.6048419,-49.03407949,178.0479009,0.944083393,0.601186514,0.872867584,0.843611836,0.899520606,0.353119597,0.475400805,0.49049224,0.093737298,0.505750952
p02,575693.125,1.844,STILL,65,55,-4.560381508,-43.49748899,-177.3871995,-167.5084006,-47.88417486,179.0015733,0.93915695,0.602857053,0.870663881,0.847089589,0.896925688,0.360284448,0.473800182,0.486805141,0.089133063,0.498295078
p02,575693.156,1.875,STILL,65,56,-2.440142388,-43.00819686,-177.7209625,-165.3881614,-47.39488274,178.6678103,0.945720136,0.599580407,0.877170444,0.84332329,0.908256412,0.351557881,0.478628576,0.49176541,0.078273063,0.504351306
p02,575693.187,1.906,STILL,65,57,-3.546730126,-42.78841148,-177.5335127,-166.4947492,-47.17509736,178.8552602,0.940523624,0.599571347,0.873278856,0.847620845,0.903424621,0.358126476,0.477157414,0.489494368,0.077750031,0.493253623
p02,575693.218,1.937,STILL,65,58,-4.289540617,-45.17123641,-177.9603509,-167.2375597,-49.55792228,178.4284219,0.949493527,0.599638462,0.879602015,0.843893886,0.903603494,0.357262298,0.4727844,0.486631587,0.097063341,0.498069114
p02,575693.25,1.969,STILL,65,59,-4.523138575,-47.01666373,-178.4053263,-167.4711576,-51.40334961,177.9834465,0.948755741,0.599178195,0.87831521,0.842856765,0.900737464,0.357675672,0.474858642,0.485181093,0.101121202,0.497757491
p02,575693.281,2,STILL,65,60,-4.697339852,-45.81832839,-177.5289991,-167.6453589,-50.20501427,178.8597737,0.950849831,0.597886026,0.879342914,0.840702891,0.905462027,0.357080787,0.473899961,0.483622104,0.095775076,0.497920249
p02,575698.515,0,STILL,66,0,4.716655186,-8.526453172,-3.478643557,-158.2313639,-12.91313905,-7.089870747,0.531920969,0.348119855,0.531454504,0.498342723,0.51829046,0.239141263,0.231986851,0.25920146,0.058755526,0.420439731
p02,575698.546,0.031,STILL,66,1,5.196614959,-7.950608743,-3.526509378,-157.7514041,-12.33729462,-7.137736568,0.533586264,0.34881413,0.533381045,0.498154074,0.520016253,0.239522524,0.232178122,0.25863155,0.058446552,0.422576463
p02,575698.593,0.078,STILL,66,2,4.763959052,-7.968895885,-3.328751247,-158.18406,-12.35558176,-6.939978436,0.53544879,0.348555684,0.53446281,0.498772442,0.52157557,0.240001455,0.231506079,0.258770987,0.05992594,0.419499227
p02,575698.609,0.094,STILL,66,3,5.551254928,-8.552370465,-3.32857889,-157.3967641,-12.93905634,-6.939806079,0.537941396,0.349113345,0.535603523,0.49868542,0.523906097,0.239471167,0.23281315,0.259214252,0.060285682,0.422978972
p02,575698.656,0.141,STILL,66,4,5.020917599,-8.996527029,-3.281077117,-157.9271015,-13.3832129,-6.892304306,0.53952539,0.348264426,0.536871195,0.498602301,0.524819702,0.239326969,0.232122302,0.259275332,0.063353188,0.420161287
p02,575698.687,0.172,STILL,66,5,5.485918227,-9.203810855,-3.333149946,-157.4621008,-13.59049673,-6.944377135,0.541277885,0.348365873,0.538489878,0.497898728,0.526432693,0.239049211,0.23284927,0.258849517,0.063754516,0.422317428
p02,575698.718,0.203,STILL,66,6,5.10507222,-9.417856085,-3.394504567,-157.8429468,-13.80454196,-7.005731756,0.542181611,0.347941339,0.539563417,0.497945845,0.52714695,0.239088051,0.232665837,0.258857794,0.064619116,0.420513852
p02,575698.75,0.235,STILL,66,7,5.555155873,-9.520540013,-3.685535674,-157.3928632,-13.90722589,-7.296762864,0.542958915,0.347508222,0.540598691,0.497868299,0.527983725,0.238521479,0.233671457,0.25934682,0.064086519,0.420235508
p02,575698.781,0.266,STILL,66,8,5.427442595,-9.024498846,-3.667567927,-157.5205765,-13.41118472,-7.278795116,0.542690635,0.346153051,0.540728152,0.49600774,0.528156891,0.237812288,0.232728124,0.258195452,0.06244945,0.419607555
p02,575698.812,0.297,STILL,66,9,5.351804468,-9.488154429,-4.068223127,-157.5962146,-13.87484031,-7.679450316,0.543120563,0.345734596,0.541598082,0.495868206,0.527834594,0.236824684,0.232912302,0.259043522,0.065629718,0.420430943
p02,575698.859,0.344,STILL,66,10,5.275838481,-9.620097045,-4.350402371,-157.6721806,-14.00678292,-7.96162956,0.542941928,0.344973266,0.542389095,0.495558858,0.527527913,0.236299828,0.232319921,0.25925903,0.066348225,0.419169347
p02,575698.89,0.375,STILL,66,11,4.877746753,-9.691125256,-4.472163449,-158.0702723,-14.07781113,-8.083390638,0.542521119,0.344239593,0.54260236,0.495646507,0.527072459,0.235861644,0.232360125,0.259784862,0.066485847,0.417183463
p02,575698.921,0.406,STILL,66,12,4.50336078,-9.02107502,-4.238435836,-158.4446583,-13.4077609,-7.849663026,0.542191029,0.34384948,0.542423904,0.49607107,0.527142584,0.236143507,0.232725501,0.259927563,0.064661776,0.414369187
p02,575698.953,0.438,STILL,66,13,4.136568443,-8.854850925,-4.049423163,-158.8114506,-13.2415368,-7.660650352,0.542571902,0.343493164,0.542641699,0.496499836,0.5277652,0.236290999,0.232550412,0.260208838,0.063670937,0.411985103
p02,575698.984,0.469,STILL,66,14,4.324147677,-9.011372586,-3.892741589,-158.6238714,-13.39805846,-7.503968778,0.543910146,0.343903452,0.543348134,0.496545166,0.528914183,0.236640789,0.23275131,0.259904377,0.064429121,0.412700489
p02,575699.015,0.5,STILL,66,15,4.528308152,-9.460432256,-3.79150367,-158.4197109,-13.84711813,-7.402730859,0.544976473,0.344865412,0.543609202,0.496717572,0.529875889,0.236939475,0.232477784,0.259778097,0.064954953,0.415454335
p02,575699.046,0.531,STILL,66,16,4.535751694,-9.783092182,-3.824389033,-158.4122674,-14.16977806,-7.435616222,0.546178699,0.3445777,0.544264853,0.496303886,0.530786246,0.237062208,0.23215282,0.259241678,0.066303104,0.414730735
p02,575699.078,0.563,STILL,66,17,4.538609639,-10.24242889,-3.910583103,-158.4094094,-14.62911477,-7.521810292,0.547392607,0.343896419,0.545086741,0.495886326,0.53135471,0.236335278,0.231813729,0.259551048,0.069184411,0.414412278
p02,575699.125,0.61,STILL,66,18,4.713905783,-10.17271396,-4.055354593,-158.2341133,-14.55939983,-7.666581782,0.547499537,0.342742383,0.545811772,0.494661629,0.531517208,0.235496849,0.232263595,0.25916478,0.068811171,0.413812149
p02,575699.156,0.641,STILL,66,19,4.293638131,-10.54822668,-4.249391968,-158.6543809,-14.93491255,-7.860619157,0.547847927,0.34157598,0.545861721,0.494220138,0.530917063,0.235072255,0.232141256,0.259147882,0.072933452,0.410976636
p02,575699.187,0.672,STILL,66,20,4.220055306,-10.05449569,-4.061863013,-158.7279638,-14.44118156,-7.673090202,0.546801209,0.341424465,0.545137286,0.494255155,0.530967772,0.235251516,0.231463641,0.259003639,0.068405722,0.409928406
p02,575699.218,0.703,STILL,66,21,4.497433249,-10.24695356,-4.087056372,-158.4505858,-14.63363943,-7.698283561,0.546799302,0.3420313,0.544977307,0.494160056,0.531094164,0.235689588,0.23161155,0.258470468,0.067808097,0.411426934
p02,575699.25,0.735,STILL,66,22,4.374375408,-10.21842366,-4.033698,-158.5736437,-14.60510953,-7.644925189,0.546570539,0.341898024,0.544754028,0.493780643,0.530994922,0.235750131,0.230490834,0.258030511,0.067575865,0.411377291
p02,575699.281,0.766,STILL,66,23,4.659116244,-10.53603232,-4.248494093,-158.2889028,-14.9227182,-7.859721283,0.547012448,0.341765702,0.545356035,0.492828012,0.530972272,0.235748731,0.230928093,0.257079281,0.069459614,0.412390181
p02,575699.328,0.813,STILL,66,24,4.605986103,-10.66074784,-4.376871239,-158.342033,-15.04743372,-7.988098428,0.547232807,0.340784222,0.545565367,0.491770238,0.530846804,0.234888077,0.229777277,0.256882161,0.071312545,0.412236275
p02,575699.359,0.844,STILL,66,25,4.735214068,-10.77758941,-4.558199939,-158.212805,-15.16427529,-8.169427128,0.547978282,0.340173066,0.546318889,0.491178572,0.531123623,0.23453486,0.230477989,0.256643713,0.073129147,0.411614237
p02,575699.39,0.875,STILL,66,26,4.291352712,-11.03158147,-4.608701294,-158.6566663,-15.41826734,-8.219928483,0.548226058,0.339446753,0.546409309,0.490965843,0.530987576,0.234525591,0.229190558,0.256440252,0.075214629,0.409144669
p02,575699.421,0.906,STILL,66,27,4.451270523,-10.63586135,-4.562391528,-158.4967485,-15.02254723,-8.173618717,0.548098028,0.33999905,0.546269059,0.49121052,0.531071305,0.234538376,0.229695678,0.256672144,0.074127309,0.410876973
p02,575699.453,0.938,STILL,66,28,4.543021278,-10.66153609,-4.606231448,-158.4049978,-15.04822196,-8.217458637,0.547948122,0.339927673,0.546336234,0.49066186,0.531017363,0.234674275,0.229437888,0.255987585,0.073792341,0.411166028
p02,575699.5,0.985,STILL,66,29,4.730716672,-10.56320956,-4.727740847,-158.2173024,-14.94989543,-8.338968036,0.547936857,0.340354145,0.546362638,0.490880162,0.5308052,0.23475001,0.229508549,0.256130151,0.07464496,0.412306532
p02,575699.515,1,STILL,66,30,4.791480638,-10.75028993,-4.794066408,-158.1565384,-15.13697581,-8.405293598,0.54755652,0.340242267,0.545998693,0.490531147,0.530300334,0.234594762,0.229056239,0.255936384,0.07533602,0.412788141
p02,575699.562,1.047,STILL,66,31,4.810589094,-10.58429479,-4.759750387,-158.13743,-14.97098066,-8.370977577,0.54682076,0.340320349,0.545439005,0.49066478,0.529710889,0.23452688,0.229493469,0.2561379,0.074554936,0.413033247
p02,575699.578,1.063,STILL,66,32,4.701641831,-10.72115434,-4.737855229,-158.2463772,-15.10784021,-8.349082419,0.546133876,0.339949489,0.544793546,0.490424424,0.529127434,0.23455666,0.229227692,0.255867764,0.074190172,0.411903504
p02,575699.609,1.094,STILL,66,33,4.518340421,-10.45416959,-4.683769409,-158.4296786,-14.84085547,-8.294996598,0.545046151,0.340131968,0.543878615,0.491037846,0.528349146,0.235052101,0.229588658,0.255985744,0.072725737,0.410491089
p02,575699.656,1.141,STILL,66,34,4.918615993,-10.55383757,-4.593362064,-158.0294031,-14.94052344,-8.204589253,0.543801785,0.340444356,0.542376637,0.490784526,0.527428359,0.235166371,0.229587197,0.255618155,0.071316806,0.411856448
p02,575699.687,1.172,STILL,66,35,4.641187612,-10.16108599,-4.317077188,-158.3068315,-14.54777186,-7.928304377,0.542104363,0.341277152,0.540856779,0.491924167,0.526479274,0.235429429,0.229555637,0.256494738,0.068066677,0.412670157
p02,575699.718,1.203,STILL,66,36,4.596049633,-10.26710147,-4.276871298,-158.3519694,-14.65378734,-7.888098488,0.540507317,0.341685414,0.539571643,0.492280215,0.525283262,0.236137167,0.229161203,0.256143048,0.066433822,0.412067586
p02,575699.75,1.235,STILL,66,37,4.715240999,-10.38729337,-4.178769325,-158.2327781,-14.77397924,-7.789996514,0.539612293,0.342611432,0.538031101,0.492970049,0.524295583,0.236371025,0.229662627,0.256599024,0.066692218,0.414032778
p02,575699.781,1.266,STILL,66,38,4.757744246,-10.7043873,-4.266812931,-158.1902748,-15.09107318,-7.87804012,0.538863957,0.343036294,0.537238598,0.493334591,0.52304408,0.23720222,0.229551971,0.256132372,0.068916321,0.413200696
p02,575699.812,1.297,STILL,66,39,4.7227137,-10.61561706,-4.249358713,-158.2253054,-15.00230294,-7.860585902,0.538096189,0.343065202,0.536574662,0.49325949,0.522148907,0.237271816,0.230142623,0.255987674,0.069293041,0.413275315
p02,575699.859,1.344,STILL,66,40,4.752250928,-10.10177892,-4.163856989,-158.1957681,-14.48846479,-7.775084179,0.536694169,0.343247741,0.535584986,0.493269354,0.52109091,0.237391852,0.229987979,0.255877502,0.067843803,0.413697526
p02,575699.89,1.375,STILL,66,41,4.650495188,-10.69630435,-4.17434029,-158.2975239,-15.08299023,-7.785567479,0.536008477,0.343767822,0.534176707,0.494052887,0.520103857,0.237628601,0.229814291,0.256424285,0.069206402,0.413920312
p02,575699.921,1.406,STILL,66,42,4.796299243,-10.16372079,-4.098238599,-158.1517198,-14.55040666,-7.709465788,0.534675062,0.344226003,0.53349793,0.494096637,0.519445896,0.238063738,0.230116755,0.256032899,0.066180168,0.414643061
p02,575699.953,1.438,STILL,66,43,4.913399433,-9.936507304,-4.100939799,-158.0346196,-14.32319318,-7.712166989,0.533680916,0.344790012,0.532532454,0.494515479,0.518692434,0.238124721,0.229873747,0.256390758,0.065203105,0.416026271
p02,575699.984,1.469,STILL,66,44,4.995066125,-10.25819397,-4.311361457,-157.9529529,-14.64487984,-7.922588646,0.533257306,0.345330864,0.532207727,0.495028615,0.517966822,0.238356858,0.229985565,0.256671757,0.066484537,0.416773576
p02,575700.015,1.5,STILL,66,45,5.011350701,-9.985577423,-4.27847612,-157.9366684,-14.3722633,-7.88970331,0.532758534,0.345499992,0.531720757,0.495051146,0.517412007,0.238646589,0.229844421,0.256404556,0.066769196,0.416737536
p02,575700.062,1.547,STILL,66,46,4.799024688,-10.17943576,-4.234473199,-158.1489944,-14.56612164,-7.845700388,0.532508492,0.345834136,0.531449199,0.495877415,0.517214686,0.239006028,0.230100811,0.256871387,0.06646568,0.415881697
p02,575700.078,1.563,STILL,66,47,4.884297512,-10.08344776,-4.28039913,-158.0637215,-14.47013363,-7.89162632,0.532073498,0.34621495,0.53137809,0.495768249,0.516581535,0.239194691,0.229994178,0.256573558,0.067358063,0.41711336
p02,575700.125,1.61,STILL,66,48,4.871077243,-10.18408242,-4.198156208,-158.0769418,-14.57076829,-7.809383397,0.531692505,0.346303761,0.530687392,0.496139348,0.516317919,0.239342749,0.229918063,0.256796598,0.066869848,0.416520361
p02,575700.156,1.641,STILL,66,49,4.907054108,-10.35137432,-4.274514851,-158.040965,-14.7380602,-7.88574204,0.53128624,0.346666157,0.530308366,0.496193945,0.51570867,0.239214294,0.229753792,0.256979652,0.067801142,0.418133743
p02,575700.187,1.672,STILL,66,50,4.82510949,-10.54399279,-4.296501746,-158.1229096,-14.93067866,-7.907728935,0.531637192,0.346509755,0.530379713,0.496088773,0.515741706,0.239278883,0.230066657,0.25680989,0.069090785,0.417549619
p02,575700.218,1.703,STILL,66,51,4.841930177,-10.4782335,-4.276214867,-158.1060889,-14.86491938,-7.887442057,0.531393647,0.346572638,0.530232906,0.4960742,0.515706196,0.239329554,0.229935735,0.256744646,0.068225371,0.417703291
p02,575700.25,1.735,STILL,66,52,4.69597365,-10.13705775,-4.176649294,-158.2520454,-14.52374363,-7.787876483,0.531384826,0.346236348,0.530259371,0.496099561,0.515830368,0.239430167,0.229935557,0.256669395,0.067647032,0.416123557
p02,575700.281,1.766,STILL,66,53,4.767828972,-10.17721993,-4.184994792,-158.1801901,-14.56390581,-7.796221982,0.531522632,0.346384764,0.530230939,0.496085227,0.515887678,0.239251301,0.229928195,0.256833926,0.06799929,0.417131275
p02,575700.328,1.813,STILL,66,54,4.719052445,-10.33704849,-4.10096138,-158.2289666,-14.72373437,-7.712188569,0.53181386,0.346455157,0.530108213,0.496442914,0.516132087,0.239135064,0.230091095,0.25730785,0.06815463,0.417088296
p02,575700.359,1.844,STILL,66,55,4.354263477,-10.15381603,-3.837076559,-158.5937556,-14.5405019,-7.448303748,0.531773567,0.346519709,0.529967427,0.496563047,0.516591102,0.239408903,0.229477346,0.257154144,0.066161064,0.416523739
p02,575700.39,1.875,STILL,66,56,4.435896841,-10.6420925,-3.943036421,-158.5121222,-15.02877837,-7.55426361,0.532238781,0.346781343,0.530325174,0.496719837,0.516809419,0.239503965,0.229900688,0.257215872,0.067113164,0.417071378
p02,575700.421,1.906,STILL,66,57,4.39105627,-11.00693578,-3.90959885,-158.5569628,-15.39362165,-7.52082604,0.53251338,0.346804142,0.530550182,0.496753544,0.517179772,0.239337072,0.229427218,0.257416472,0.066834301,0.417483269
p02,575700.453,1.938,STILL,66,58,4.221280503,-12.17869217,-3.814618999,-158.7267386,-16.56537805,-7.425846188,0.532785296,0.347053856,0.53039366,0.497101486,0.517578155,0.239209741,0.229391247,0.257891744,0.066293469,0.418175908
p02,575700.484,1.969,STILL,66,59,3.555869615,-12.54575702,-3.375502471,-159.3921494,-16.9324429,-6.986729661,0.532229424,0.346095502,0.529533029,0.49710381,0.517976582,0.239176214,0.228640646,0.257927597,0.062337304,0.414532179
p02,575700.515,2,STILL,66,60,3.458336904,-12.4227969,-3.240255787,-159.4896822,-16.80948278,-6.851482976,0.531379104,0.345868975,0.529036939,0.497110814,0.517976761,0.239229679,0.22913146,0.257881135,0.058491936,0.413521121
p02,575703.39,0,STILL,67,0,3.525411078,-15.04924829,-1.581383243,-159.422608,-19.43593417,-5.192610432,0.555314183,0.349459231,0.546812057,0.509056985,0.543828398,0.236372441,0.229845226,0.272684544,0.049971824,0.414716537
p02,575703.421,0.031,STILL,67,1,3.624911561,-15.32851144,-1.646450894,-159.3231075,-19.71519732,-5.257678084,0.554888487,0.349964708,0.54639411,0.509434342,0.543358386,0.236279652,0.229941964,0.273154691,0.050143528,0.41619295
p02,575703.453,0.063,STILL,67,2,3.699407736,-15.3815592,-1.741112441,-159.2486113,-19.76824508,-5.35233963,0.554444849,0.350187302,0.546263695,0.509841561,0.54296039,0.236310288,0.229984075,0.273531273,0.049935888,0.416321732
p02,575703.484,0.094,STILL,67,3,3.606894975,-15.67922073,-1.854102839,-159.3411241,-20.0659066,-5.465330028,0.554007471,0.350261271,0.546104074,0.51120621,0.542550057,0.236614175,0.230144441,0.274592035,0.049783577,0.413876157
p02,575703.531,0.141,STILL,67,4,3.091535141,-17.34037737,-2.252262418,-159.8564839,-21.72706325,-5.863489607,0.554009914,0.350263715,0.545660496,0.516574383,0.541641951,0.236375272,0.230086803,0.280199111,0.053753469,0.406455403
p02,575703.562,0.172,STILL,67,5,3.157846254,-18.42585637,-2.453397639,-159.7901728,-22.81254225,-6.064624829,0.553448975,0.351686686,0.544879436,0.521490395,0.541087985,0.236281276,0.230930895,0.285209119,0.053526792,0.404634364
p02,575703.593,0.203,STILL,67,6,2.25645211,-18.46981828,-2.027346776,-160.691567,-22.85650415,-5.638573965,0.55253309,0.34837988,0.54363513,0.524330676,0.541140258,0.235585868,0.231422395,0.288744807,0.0492296,0.390635637
p02,575703.625,0.235,STILL,67,7,1.772373194,-18.61149825,-1.865918511,-161.1756459,-22.99818412,-5.477145701,0.552218854,0.346456558,0.542876065,0.526530206,0.540596724,0.234545931,0.2324211,0.291984275,0.050004629,0.38327621
p02,575703.656,0.266,STILL,67,8,1.815061521,-18.37439876,-1.764933997,-161.1329575,-22.76108463,-5.376161187,0.551686764,0.345243067,0.542110085,0.528500974,0.540273756,0.233529158,0.233429313,0.294971816,0.04889278,0.378727399
p02,575703.687,0.297,STILL,67,9,1.198340405,-18.33133977,-1.666316755,-161.7496787,-22.71802564,-5.277543945,0.551953316,0.343143463,0.542633533,0.529368222,0.540066347,0.23322574,0.234058917,0.296142481,0.050786227,0.371164995
p02,575703.718,0.328,STILL,67,10,1.283818894,-18.43824316,-1.752485132,-161.6642002,-22.82492904,-5.363712321,0.552106738,0.342709124,0.543026924,0.52951014,0.539801151,0.232410856,0.235193282,0.297099285,0.052321169,0.371250535
p02,575703.75,0.36,STILL,67,11,1.62445459,-18.31538816,-1.908071605,-161.3235645,-22.70207404,-5.519298794,0.552914023,0.34288609,0.543451488,0.529012442,0.539606497,0.232026979,0.2356897,0.296985462,0.056462063,0.373281271
p02,575703.781,0.391,STILL,67,12,1.818507376,-18.35332928,-2.075789905,-161.1295117,-22.74001516,-5.687017094,0.55362618,0.343173623,0.544019163,0.528042138,0.539596826,0.231886819,0.235501468,0.296155319,0.059572256,0.375771756
p02,575703.828,0.438,STILL,67,13,2.002297382,-17.63989013,-1.956486876,-160.9457217,-22.02657601,-5.567714066,0.553241074,0.344305873,0.543900073,0.527465403,0.539721966,0.232893243,0.235263467,0.29457216,0.057463696,0.378218463
p02,575703.859,0.469,STILL,67,14,2.029406875,-16.84053099,-1.752136542,-160.9186122,-21.22721687,-5.363363731,0.552794278,0.345170528,0.544127345,0.526340783,0.53995505,0.234056912,0.234042794,0.29228387,0.054858463,0.380156508
p02,575703.89,0.5,STILL,67,15,2.388688471,-15.99341546,-1.548211279,-160.5593306,-20.38010134,-5.159438468,0.551866055,0.345644981,0.54341501,0.525780082,0.540607795,0.234575257,0.233651489,0.291204825,0.048183983,0.381414436
p02,575703.921,0.531,STILL,67,16,2.634287214,-15.91337366,-1.444566411,-160.3137318,-20.30005954,-5.055793601,0.551662147,0.345961809,0.543153763,0.525708675,0.541147888,0.234951481,0.233298987,0.290757194,0.045067745,0.381797356
p02,575703.953,0.563,STILL,67,17,2.953921861,-15.72467353,-1.525345033,-159.9940972,-20.11135941,-5.136572222,0.551711023,0.346453965,0.543402553,0.526005864,0.541458145,0.235423356,0.233276606,0.290582508,0.043951591,0.382096669
p02,575703.984,0.594,STILL,67,18,2.886977042,-15.64914698,-1.435412722,-160.061042,-20.03583286,-5.046639911,0.551606357,0.346252143,0.543202162,0.526128113,0.541528314,0.235376202,0.233055711,0.290751912,0.043243063,0.38134209
p02,575704.031,0.641,STILL,67,19,2.74205264,-15.60477974,-1.451124919,-160.2059664,-19.99146561,-5.062352108,0.551662087,0.34619382,0.543494463,0.525989115,0.541476816,0.235523283,0.232943416,0.290465832,0.04372423,0.381010517
p02,575704.046,0.656,STILL,67,20,2.728393652,-15.56619072,-1.4311418,-160.2196254,-19.9528766,-5.042368989,0.551705539,0.346424103,0.543642163,0.525865614,0.541534856,0.235658221,0.232469618,0.290207393,0.043750591,0.381678359
p02,575704.093,0.703,STILL,67,21,3.100907234,-15.71339137,-1.550206492,-159.8471118,-20.10007724,-5.161433681,0.551336884,0.347817659,0.543597043,0.526109397,0.541516632,0.235885076,0.232080668,0.290224321,0.042313962,0.385676096
p02,575704.125,0.735,STILL,67,22,3.265081339,-15.05301626,-1.342469575,-159.6829377,-19.43970214,-4.953696764,0.550649107,0.349358946,0.542959034,0.525547206,0.541734055,0.236633815,0.23186475,0.288913392,0.038449362,0.390169284
p02,575704.156,0.766,STILL,67,23,3.568902767,-14.06694808,-1.449754743,-159.3791163,-18.45363396,-5.060981932,0.550472021,0.351104736,0.54397583,0.521579504,0.541688606,0.238001049,0.231990218,0.283578455,0.037861144,0.398844431
p02,575704.187,0.797,STILL,67,24,4.568517029,-12.8321017,-1.724220418,-158.379502,-17.21878757,-5.335447608,0.550444901,0.353121936,0.544436872,0.514177382,0.541155666,0.237837568,0.232205361,0.276339814,0.040004395,0.417183346
p02,575704.218,0.828,STILL,67,25,4.22462837,-12.53597208,-1.804994804,-158.7233907,-16.92265795,-5.416221993,0.552470684,0.350549757,0.545926869,0.507189572,0.541048914,0.238401845,0.231709599,0.268787727,0.049293469,0.417235987
p02,575704.25,0.86,STILL,67,26,4.504928133,-11.60705952,-1.639989713,-158.4430909,-15.99374539,-5.251216902,0.552479625,0.350037903,0.545113564,0.501591444,0.540838718,0.2384184,0.23010239,0.263173044,0.050590115,0.424129693
p02,575704.281,0.891,STILL,67,27,4.298703645,-13.39507459,-1.675950362,-158.6493154,-17.78176046,-5.287177552,0.553554654,0.349022955,0.544408143,0.500163257,0.541103005,0.238751844,0.229377687,0.261411414,0.054284481,0.42182975
p02,575704.328,0.938,STILL,67,28,3.994369077,-13.19882819,-1.649797706,-158.95365,-17.58551406,-5.261024895,0.554129004,0.347681344,0.544792771,0.497193694,0.541569412,0.239004873,0.228715539,0.258188821,0.054913596,0.420918575
p02,575704.359,0.969,STILL,67,29,3.716920414,-12.72824663,-1.56506698,-159.2310986,-17.1149325,-5.176294169,0.553652406,0.346863002,0.543943286,0.496379405,0.540974721,0.238853805,0.229398221,0.2575256,0.055264964,0.419411494
p02,575704.39,1,STILL,67,30,3.39168375,-13.07774485,-1.522533776,-159.5563353,-17.46443073,-5.133760966,0.553778529,0.346236825,0.543857574,0.496593237,0.541135967,0.239167407,0.229450405,0.25742583,0.055099325,0.415923367
p02,575704.421,1.031,STILL,67,31,3.632852945,-12.9489657,-1.593010967,-159.3151661,-17.33565157,-5.204238157,0.553455412,0.346433342,0.54410094,0.495933175,0.541115031,0.239562675,0.229577333,0.2563705,0.053752614,0.416860233
p02,575704.453,1.063,STILL,67,32,3.820703892,-13.34352995,-1.629541332,-159.1273152,-17.73021582,-5.240768522,0.553615868,0.346395105,0.543804169,0.496441454,0.54109484,0.23945336,0.229870796,0.256988093,0.054469853,0.416135018
p02,575704.484,1.094,STILL,67,33,4.135644422,-13.82577669,-1.78008432,-158.8123746,-18.21246256,-5.39131151,0.55408603,0.346624315,0.544196784,0.49677366,0.541084185,0.239367612,0.229802281,0.257406048,0.056578395,0.416682917
p02,575704.531,1.141,STILL,67,34,4.29784895,-13.72395803,-1.825987383,-158.6501701,-18.11064391,-5.437214573,0.554083467,0.346977413,0.544344902,0.496988058,0.540854469,0.239344269,0.229877084,0.257643789,0.057548135,0.417759512
p02,575704.546,1.156,STILL,67,35,4.382802373,-13.63678162,-1.863782763,-158.5652167,-18.0234675,-5.475009952,0.554102242,0.347217649,0.544598341,0.497081399,0.540855721,0.239373975,0.229826748,0.257707424,0.057636987,0.418473294
p02,575704.593,1.203,STILL,67,36,4.56454834,-13.28073702,-1.928463111,-158.3834707,-17.66742289,-5.5396903,0.554081202,0.34713921,0.544817626,0.496934295,0.540840164,0.239434786,0.22995767,0.257499509,0.057580327,0.418270404
p02,575704.625,1.235,STILL,67,37,4.61799091,-12.95236926,-1.836580047,-158.3300282,-17.33905513,-5.447807236,0.554004967,0.346861035,0.544808745,0.496742457,0.541019738,0.239418924,0.229771614,0.257323533,0.056513637,0.417537057
p02,575704.656,1.266,STILL,67,38,4.564076993,-13.37072176,-1.990912509,-158.3839421,-17.75740763,-5.602139699,0.554189265,0.346771866,0.544932783,0.496996909,0.540743738,0.239233583,0.230148554,0.257763326,0.058421077,0.417197762
p02,575704.687,1.297,STILL,67,39,4.533412048,-13.24161234,-1.940093137,-158.414607,-17.62829822,-5.551320326,0.554233193,0.346738786,0.545001984,0.496979505,0.540934548,0.23925475,0.229956299,0.257724755,0.057831186,0.417049714
p02,575704.718,1.328,STILL,67,40,4.379534525,-13.25266319,-1.908385779,-158.5684845,-17.63934906,-5.519612968,0.554231286,0.346487015,0.545051515,0.497360289,0.540901229,0.239267796,0.229689896,0.258092493,0.058035018,0.415429438
p02,575704.75,1.36,STILL,67,41,4.360683416,-13.28879955,-2.004824536,-158.5873356,-17.67548543,-5.616051725,0.5544765,0.346769273,0.545502067,0.497102737,0.540870741,0.239355944,0.229986012,0.257746793,0.05915907,0.41673973
p02,575704.781,1.391,STILL,67,42,4.399864604,-13.18510358,-1.8976877,-158.5481545,-17.57178945,-5.508914889,0.55427587,0.346897811,0.545427144,0.497919202,0.541217998,0.239375532,0.229367614,0.25854367,0.056929888,0.415876664
p02,575704.828,1.438,STILL,67,43,3.436295963,-14.80911642,-1.955535745,-159.5117231,-19.1958023,-5.566762934,0.554536045,0.347229272,0.545109153,0.50298059,0.541245222,0.239132471,0.229100049,0.263848118,0.058013181,0.409693279
p02,575704.859,1.469,STILL,67,44,1.304499987,-18.81548272,-2.258092522,-161.6435191,-23.20216859,-5.869319711,0.554783642,0.345257699,0.545334041,0.516187668,0.541134015,0.237218834,0.228423506,0.278968833,0.059755792,0.387279338
p02,575704.89,1.5,STILL,67,45,2.24486723,-21.29487446,-2.864467805,-160.7031518,-25.68156033,-6.475694994,0.555438459,0.34845525,0.54530412,0.52515614,0.541188121,0.234806597,0.231379181,0.290349543,0.061588679,0.39142012
p02,575704.921,1.531,STILL,67,46,0.732967837,-21.10269618,-2.314111587,-162.2150512,-25.48938205,-5.925338776,0.554944813,0.344222635,0.544061303,0.528954864,0.540592358,0.233051956,0.233603507,0.295902908,0.061439385,0.375699854
p02,575704.953,1.563,STILL,67,47,0.478989901,-20.88163918,-2.340804235,-162.4690292,-25.26832505,-5.952031425,0.554622889,0.341454595,0.544650853,0.528078556,0.540232658,0.231246464,0.234767556,0.296832092,0.061295651,0.371281052
p02,575705,1.61,STILL,67,48,1.975668286,-18.08281028,-2.301460323,-160.9723508,-22.46949615,-5.912687512,0.553667426,0.345496267,0.545276165,0.521675766,0.540586323,0.232234158,0.233550966,0.289441608,0.056009632,0.391312466
p02,575705.031,1.641,STILL,67,49,4.426458605,-14.2736744,-2.17075369,-158.5215605,-18.66036027,-5.781980879,0.553372741,0.350583583,0.545768023,0.510162115,0.541534573,0.23543565,0.232909977,0.274726465,0.050827225,0.419136661
p02,575705.046,1.656,STILL,67,50,4.109171293,-13.97422001,-2.544653072,-158.8388478,-18.36090589,-6.155880261,0.555188179,0.347546905,0.5483163,0.500877798,0.541458443,0.236530021,0.230777293,0.264347777,0.059493445,0.419965266
p02,575705.093,1.703,STILL,67,51,5.060736065,-13.47381052,-2.307425903,-157.887283,-17.8604964,-5.918653092,0.555980086,0.348127872,0.547632217,0.496969044,0.542153388,0.237242416,0.22922039,0.259726629,0.060320541,0.426931412
p02,575705.125,1.735,STILL,67,52,3.868237738,-15.02166052,-2.347990035,-159.0797813,-19.40834639,-5.959217224,0.556196451,0.347264796,0.547313988,0.502860069,0.541694865,0.23721157,0.230241776,0.265648499,0.062984168,0.414281378
p02,575705.156,1.766,STILL,67,53,2.665059008,-17.48655287,-2.31136612,-160.2829601,-21.87323874,-5.922593309,0.555377603,0.347899109,0.546468854,0.517375171,0.541404277,0.236216418,0.229043216,0.281158753,0.061007376,0.397222884
p02,575705.187,1.797,STILL,67,54,4.034757188,-19.18447598,-3.370854583,-158.9132619,-23.57116185,-6.982081772,0.555504441,0.351150006,0.547012568,0.521449327,0.540887997,0.235652387,0.231459558,0.28579694,0.063149022,0.404124756
p02,575705.234,1.844,STILL,67,55,4.74385553,-15.8292615,-2.496760531,-158.2041635,-20.21594738,-6.10798772,0.552339673,0.354355842,0.545829952,0.517135978,0.540819094,0.236877926,0.232320577,0.280258052,0.049589148,0.419177666
p02,575705.25,1.86,STILL,67,56,4.913599427,-15.15120505,-2.879747204,-158.0344196,-19.53789093,-6.490974393,0.554861426,0.352362722,0.547786653,0.509012759,0.540595949,0.238510445,0.229655296,0.270502314,0.062116911,0.420892065
p02,575705.281,1.891,STILL,67,57,5.552354381,-13.81660705,-2.740518882,-157.3956647,-18.20329292,-6.351746071,0.554911911,0.351634562,0.548318803,0.501461506,0.540939525,0.238417149,0.228386223,0.263044357,0.061178763,0.430411869
p02,575705.328,1.938,STILL,67,58,5.254272201,-13.83818838,-2.440143542,-157.6937469,-18.22487425,-6.051370731,0.554208636,0.350288272,0.545583189,0.502485037,0.540093958,0.237679809,0.228441477,0.264805228,0.061786844,0.425250149
p02,575705.359,1.969,STILL,67,59,4.290604255,-15.15568628,-2.295870129,-158.6574148,-19.54237215,-5.907097318,0.553156972,0.350106448,0.544787884,0.506077588,0.539829224,0.237477526,0.229531586,0.268600062,0.058064983,0.419318303
p02,575705.39,2,STILL,67,60,4.084139949,-13.84257808,-2.20062454,-158.8638791,-18.22926395,-5.811851729,0.552213728,0.350324273,0.545033574,0.505916297,0.539502576,0.237846568,0.229498088,0.268069729,0.055386746,0.41958376
p02,575707.156,0,STILL,68,0,2.879211192,-14.96735249,-2.068085549,-160.0688079,-19.35403837,-5.679312738,0.548820734,0.353479117,0.542443037,0.515556037,0.536583334,0.241327882,0.22978282,0.274228156,0.053256374,0.408970534
p02,575707.187,0.031,STILL,68,1,4.237859241,-14.30588445,-2.494180106,-158.7101598,-18.69257032,-6.105407295,0.549247742,0.355977476,0.543197811,0.513293862,0.536219791,0.241626203,0.231501877,0.271667659,0.05627579,0.420923392
p02,575707.234,0.078,STILL,68,2,4.182089106,-13.84029199,-2.023098568,-158.76593,-18.22697786,-5.634325757,0.548218012,0.35541752,0.541245282,0.50756377,0.536420733,0.241943233,0.229025185,0.265620537,0.051510838,0.427204494
p02,575707.265,0.109,STILL,68,3,4.238576032,-16.00409661,-2.449860174,-158.709443,-20.39078249,-6.061087363,0.549475789,0.353755385,0.541289687,0.505392194,0.536597818,0.241118401,0.227553695,0.264273793,0.056593108,0.426213217
p02,575707.296,0.14,STILL,68,4,3.779057905,-16.10947271,-2.398721505,-159.1689612,-20.49615858,-6.009948694,0.549318552,0.353059381,0.540616572,0.506360292,0.536135435,0.240190692,0.227969974,0.2661696,0.057828304,0.424048009
p02,575707.328,0.172,STILL,68,5,2.610934197,-16.7066216,-2.191841773,-160.3370849,-21.09330748,-5.803068962,0.54805845,0.351688832,0.540195584,0.513057113,0.535627112,0.239775792,0.228706717,0.273281321,0.054354934,0.409515879
p02,575707.359,0.203,STILL,68,6,3.331056321,-16.46215191,-2.339608115,-159.6169627,-20.84883778,-5.950835304,0.547898233,0.353527844,0.540234327,0.5150913,0.53597635,0.239831045,0.2302652,0.275260255,0.051774574,0.413052
p02,575707.39,0.234,STILL,68,7,3.983762959,-16.56913354,-2.49031065,-158.9642561,-20.95581942,-6.101537839,0.548230171,0.353846908,0.540786743,0.512846172,0.536304176,0.239696756,0.230845124,0.273149416,0.051662323,0.4179037
p02,575707.421,0.265,STILL,68,8,4.014249896,-14.63841842,-2.108398095,-158.9337692,-19.0251043,-5.719625284,0.548182845,0.351696551,0.541427732,0.508221447,0.536818609,0.239092246,0.230893224,0.269129202,0.049218579,0.418402405
p02,575707.453,0.297,STILL,68,9,4.042997481,-13.00740573,-1.763906953,-158.9050216,-17.3940916,-5.375134143,0.548003197,0.350164115,0.541245222,0.504637361,0.537084088,0.238167703,0.229766309,0.266469657,0.047522672,0.420297055
p02,575707.484,0.328,STILL,68,10,3.491614371,-12.98207049,-1.537289818,-159.4564047,-17.36875636,-5.148517007,0.547528386,0.348264068,0.54037267,0.504135728,0.536549926,0.237307794,0.229561448,0.266827933,0.047823624,0.415834551
p02,575707.531,0.375,STILL,68,11,2.971726034,-14.30139685,-1.677246744,-159.976293,-18.68808273,-5.288473934,0.548424542,0.347535014,0.540760458,0.507708907,0.536378592,0.236351959,0.229571968,0.271356948,0.052471344,0.409729899
p02,575707.562,0.406,STILL,68,12,2.233749485,-19.33985132,-2.560828175,-160.7142696,-23.72653719,-6.172055364,0.549980521,0.346288621,0.541220486,0.516932368,0.536282033,0.234044969,0.2299245,0.282887399,0.059578203,0.396778551
p02,575707.593,0.437,STILL,68,13,2.032034872,-20.7007846,-3.227260577,-160.9159842,-25.08747048,-6.838487767,0.549901545,0.346768111,0.541952133,0.520360827,0.536570102,0.234405287,0.232173264,0.285955541,0.057420234,0.392938091
p02,575707.625,0.469,STILL,68,14,2.041673113,-19.50714986,-2.840284642,-160.9063459,-23.89383573,-6.451511832,0.548800707,0.347560912,0.540946484,0.516279817,0.537151992,0.235027701,0.232254416,0.281252116,0.050154976,0.400115076
p02,575707.656,0.5,STILL,68,15,2.45164927,-17.86305773,-2.510023897,-160.4963698,-22.2497436,-6.121251086,0.550673068,0.348779887,0.543043554,0.510179818,0.538284078,0.236996874,0.23156324,0.273182943,0.053501537,0.409187379
p02,575707.687,0.531,STILL,68,16,2.392321082,-16.75101595,-2.115270552,-160.555698,-21.13770182,-5.726497741,0.550251484,0.347198248,0.542049587,0.50655061,0.538330436,0.237442859,0.230348349,0.269107752,0.051752262,0.407849231
p02,575707.734,0.578,STILL,68,17,2.802948836,-16.87324607,-1.469102744,-160.1450702,-21.25993195,-5.080329934,0.549390197,0.346582472,0.539056659,0.507405281,0.53880851,0.237246446,0.229685754,0.270158835,0.04607028,0.404710163
p02,575707.75,0.594,STILL,68,18,2.986475073,-17.93803679,-1.722639108,-159.961544,-22.32472267,-5.333866297,0.550790191,0.34827283,0.539517701,0.510528505,0.538631335,0.236951053,0.229990363,0.273577452,0.052866806,0.406911375
p02,575707.796,0.64,STILL,68,19,3.250740528,-16.10770252,-1.475098686,-159.6972785,-20.49438839,-5.086325876,0.550247073,0.348858535,0.540148139,0.508559346,0.538977504,0.237080455,0.230441183,0.271478891,0.04890432,0.411737649
p02,575707.828,0.672,STILL,68,20,3.233566096,-15.7783209,-1.521793773,-159.714453,-20.16500678,-5.133020962,0.55074966,0.347439349,0.541289747,0.50535661,0.539032981,0.237018943,0.229580522,0.268337667,0.05103516,0.411497972
p02,575707.859,0.703,STILL,68,21,3.083027656,-16.06221025,-1.817260685,-159.8649914,-20.44889613,-5.428487874,0.55141902,0.346783251,0.542058825,0.504770041,0.53885369,0.236836836,0.229492784,0.267933205,0.054752613,0.410350091
p02,575707.89,0.734,STILL,68,22,2.516375962,-16.68188811,-1.481305275,-160.4316431,-21.06857399,-5.092532464,0.551243484,0.346503228,0.541533232,0.508707166,0.539452896,0.236420713,0.230066478,0.272286452,0.051248616,0.404289356
p02,575707.937,0.781,STILL,68,23,1.641052987,-19.86911767,-2.244383904,-161.3069661,-24.25580355,-5.855611094,0.552375376,0.345926315,0.542385757,0.517833054,0.5392811,0.234987117,0.230535269,0.282845937,0.056799449,0.392224822
p02,575707.953,0.797,STILL,68,24,1.66683002,-21.8321055,-3.062939691,-161.281189,-26.21879137,-6.67416688,0.552733302,0.346287131,0.542708039,0.52263397,0.538767084,0.235094987,0.232703179,0.287538983,0.060017305,0.386702851
p02,575707.984,0.828,STILL,68,25,2.140542988,-21.02735137,-2.951060203,-160.8074761,-25.41403725,-6.562287392,0.550918162,0.347996086,0.54198581,0.523000658,0.538731366,0.235210225,0.23318243,0.287790433,0.052262923,0.391902746
p02,575708.031,0.875,STILL,68,26,3.02901488,-17.05521226,-2.413141993,-159.9190042,-21.44189814,-6.024369183,0.549345076,0.350312561,0.542442918,0.516633391,0.538546652,0.236232787,0.233554184,0.280400604,0.0462352,0.406845676
p02,575708.062,0.906,STILL,68,27,3.707967204,-14.95928489,-2.15063065,-159.2400519,-19.34597077,-5.761857839,0.550239861,0.34992525,0.543095529,0.510551929,0.538635433,0.236980751,0.231945664,0.273571178,0.050030805,0.412852331
p02,575708.093,0.937,STILL,68,28,3.435618076,-15.40166432,-2.04603495,-159.512401,-19.78835019,-5.657262139,0.550891161,0.348529637,0.543188751,0.508269548,0.538344443,0.236749575,0.230635136,0.271519974,0.054400723,0.41168265
p02,575708.125,0.969,STILL,68,29,3.076121377,-16.37103495,-1.864989837,-159.8718977,-20.75772083,-5.476217027,0.550877392,0.349169463,0.542169571,0.512983203,0.53827475,0.236320168,0.230486691,0.276663035,0.054678394,0.407894373
p02,575708.156,1,STILL,68,30,3.931758687,-17.6414709,-2.364598934,-159.0162604,-22.02815677,-5.975826124,0.550619245,0.352583826,0.542523146,0.518003821,0.538243175,0.235595472,0.232323319,0.282408349,0.05327089,0.41425246
p02,575708.203,1.047,STILL,68,31,4.797904344,-16.44673583,-2.438040319,-158.1501147,-20.8334217,-6.049267508,0.549523115,0.35386014,0.542828083,0.516871095,0.538086504,0.235894814,0.232149541,0.280976281,0.049263985,0.419840869
p02,575708.234,1.078,STILL,68,32,4.902229836,-13.05406486,-2.0734687,-158.0457892,-17.44075074,-5.684695889,0.549404442,0.351958573,0.543751299,0.511333764,0.538125902,0.236704111,0.232769579,0.274629653,0.048453668,0.419672314
p02,575708.265,1.109,STILL,68,33,3.930437389,-13.86541023,-2.287521701,-159.0175817,-18.25209611,-5.89874889,0.550817132,0.349038959,0.544687212,0.50694406,0.537862659,0.236804515,0.231508255,0.270139545,0.055956853,0.415468396
p02,575708.296,1.14,STILL,68,34,3.258669259,-16.40337751,-2.231123863,-159.6893498,-20.79006339,-5.842351052,0.549800456,0.349382937,0.541451275,0.507640719,0.537392229,0.236543626,0.230416328,0.271097094,0.053851334,0.416232095
p02,575708.328,1.172,STILL,68,35,2.272893108,-19.95193486,-2.488363027,-160.675126,-24.33862073,-6.099590216,0.549969971,0.348045826,0.539767742,0.512452543,0.537477762,0.236148149,0.230490804,0.276304394,0.0541983,0.404979724
p02,575708.359,1.203,STILL,68,36,2.405840954,-21.06334758,-2.804843512,-160.5421781,-25.45003346,-6.416070702,0.549518943,0.348796487,0.539970875,0.51457274,0.537371978,0.235853612,0.231548786,0.278719127,0.052459634,0.405221111
p02,575708.39,1.234,STILL,68,37,2.725035885,-18.53139325,-2.51298144,-160.2229832,-22.91807913,-6.124208629,0.548744917,0.350476623,0.540216446,0.510948777,0.536995143,0.236713558,0.231521964,0.274235219,0.050750149,0.414837542
p02,575708.421,1.265,STILL,68,38,2.214723607,-16.65834364,-2.447814769,-160.7332955,-21.04502952,-6.059041958,0.549942434,0.347775072,0.542138815,0.505904317,0.536665604,0.237449616,0.230228245,0.268454701,0.057668121,0.410964887
p02,575708.453,1.297,STILL,68,39,2.414135336,-16.91187202,-2.537737983,-160.5338837,-21.29855789,-6.148965172,0.551319599,0.346268266,0.54271847,0.5027349,0.537020102,0.236902706,0.228817642,0.265832193,0.062492983,0.41140826
p02,575708.5,1.344,STILL,68,40,2.198888638,-18.03731731,-2.54799508,-160.7491304,-22.42400319,-6.159222269,0.551740348,0.345965207,0.542481244,0.505756497,0.537189066,0.236166507,0.229189008,0.26958999,0.063490313,0.407280328
p02,575708.531,1.375,STILL,68,41,0.563666428,-20.6326207,-2.469944202,-162.3843526,-25.01930658,-6.081171392,0.550323367,0.342960507,0.541269362,0.515192032,0.536863908,0.235585302,0.229566365,0.27960673,0.058629926,0.384022247
p02,575708.562,1.406,STILL,68,42,1.83831566,-21.15105257,-3.149586235,-161.1097034,-25.53773845,-6.760813425,0.550336599,0.348099321,0.542374253,0.518441141,0.53663528,0.235473707,0.231280774,0.282967433,0.059241066,0.398016169
p02,575708.593,1.437,STILL,68,43,2.510879223,-18.68745541,-2.876141822,-160.4371398,-23.07414129,-6.487369011,0.549452722,0.351198435,0.542286873,0.517592669,0.536578566,0.236541681,0.23151654,0.281050988,0.055607933,0.407957128
p02,575708.625,1.469,STILL,68,44,3.098757443,-16.07866592,-2.782041685,-159.8492616,-20.4653518,-6.393268875,0.549280524,0.351086557,0.543329477,0.512829483,0.536213875,0.23667039,0.232184291,0.276159093,0.056277061,0.414312511
p02,575708.656,1.5,STILL,68,45,3.313878307,-14.56728389,-2.551668498,-159.6341408,-18.95396977,-6.162895687,0.549602389,0.349220991,0.544024825,0.506869197,0.536174357,0.237394117,0.231392086,0.26947508,0.058031511,0.414980392
p02,575708.687,1.531,STILL,68,46,2.769398247,-14.06687507,-2.252938329,-160.1786208,-18.45356095,-5.864165518,0.549433351,0.348148406,0.54327172,0.505801558,0.536069781,0.236858174,0.230336457,0.268943384,0.058017607,0.413805425
p02,575708.734,1.578,STILL,68,47,2.0086024,-13.92718105,-1.888363017,-160.9394167,-18.31386693,-5.499590206,0.549150467,0.347329676,0.542668939,0.506422341,0.535954565,0.236853778,0.230778575,0.269568563,0.057179927,0.409824858
p02,575708.75,1.594,STILL,68,48,1.90541971,-13.64844347,-1.768003437,-161.0425994,-18.03512935,-5.379230627,0.549206138,0.347238481,0.542878628,0.506932497,0.535827428,0.236990944,0.231307298,0.269941553,0.057839548,0.408412621
p02,575708.796,1.64,STILL,68,49,2.063955642,-15.17066321,-2.068329844,-160.8840634,-19.55734908,-5.679557034,0.550281525,0.347245604,0.543316603,0.510784566,0.536120936,0.236526281,0.231392235,0.274258286,0.061197336,0.403704569
p02,575708.828,1.672,STILL,68,50,2.235586614,-17.72656631,-2.582762501,-160.7124324,-22.11325219,-6.193989691,0.550405562,0.348131388,0.543065727,0.51606369,0.536545545,0.235496044,0.23200801,0.280567646,0.05973939,0.401455214
p02,575708.859,1.703,STILL,68,51,2.633848163,-18.18715741,-2.927952162,-160.3141709,-22.57384329,-6.539179351,0.549919903,0.348870516,0.542775035,0.519718885,0.536455065,0.235586762,0.232243419,0.284132123,0.057977265,0.398700971
p02,575708.89,1.734,STILL,68,52,2.846889198,-15.86003254,-2.484426823,-160.1011299,-20.24671842,-6.095654012,0.548421025,0.350082397,0.542458594,0.518222451,0.536562562,0.236010686,0.233177453,0.282211766,0.05085596,0.404206081
p02,575708.921,1.765,STILL,68,53,3.391714398,-13.1274583,-2.26913817,-159.5563047,-17.51414418,-5.880365359,0.548812807,0.350772977,0.543487251,0.511633873,0.536048219,0.237371609,0.232740551,0.274262264,0.05484471,0.413477839
p02,575708.953,1.797,STILL,68,54,2.799203933,-12.55315314,-2.136334431,-160.1488151,-16.93983902,-5.74756162,0.550419271,0.349255532,0.54462868,0.507345915,0.535120934,0.240222402,0.230828017,0.267123513,0.066275909,0.408174963
p02,575709,1.844,STILL,68,55,2.49996682,-13.67891803,-2.562413915,-160.4480522,-18.0656039,-6.173641105,0.55202651,0.348808289,0.54505533,0.510078967,0.535528541,0.23992759,0.231010735,0.270151377,0.071416463,0.403035883
p02,575709.031,1.875,STILL,68,56,1.885977645,-17.29847942,-2.735042446,-161.0620414,-21.6851653,-6.346269636,0.552657545,0.351213306,0.545414925,0.518060148,0.536620677,0.238370948,0.23164773,0.2796892,0.06922955,0.40345626
p02,575709.062,1.906,STILL,68,57,2.248940539,-19.03331817,-3.227124804,-160.6990785,-23.42000405,-6.838351993,0.553208411,0.351982057,0.546021461,0.521236062,0.536891282,0.23646944,0.233115196,0.284766622,0.069995991,0.405639594
p02,575709.093,1.937,STILL,68,58,2.690663943,-17.92723137,-3.195587676,-160.2573551,-22.31391725,-6.806814866,0.552000463,0.351985782,0.54601419,0.519990325,0.536779374,0.236117221,0.233731627,0.283873104,0.065122077,0.408170269
p02,575709.125,1.969,STILL,68,59,3.029719752,-15.2904784,-2.923153457,-159.9182993,-19.67716428,-6.534380646,0.552271962,0.350295842,0.546938896,0.514016032,0.537565738,0.236398876,0.233620733,0.277617157,0.06294914,0.410266309
p02,575709.156,2,STILL,68,60,3.061981332,-13.58766199,-2.633418082,-159.8860377,-17.97434787,-6.244645271,0.552901506,0.349322319,0.547737777,0.510020018,0.53835091,0.237265602,0.232733697,0.272754416,0.062520368,0.410833742
p02,575711.125,0,STILL,69,0,7.69904561,-11.68118984,-0.776167248,-155.2489735,-16.06787572,-4.387394437,0.545638144,0.35231933,0.53583467,0.499290586,0.534742236,0.241169423,0.229534686,0.258121163,0.047469548,0.430611369
p02,575711.156,0.031,STILL,69,1,7.34019702,-12.52495963,-0.284506477,-155.607822,-16.9116455,-3.895733667,0.544532895,0.351045817,0.533479095,0.499242246,0.535178989,0.241308756,0.228440046,0.25793349,0.040946875,0.425447122
p02,575711.203,0.078,STILL,69,2,7.240842742,-12.93858807,-0.704781796,-155.7071763,-17.32527395,-4.316008985,0.544871271,0.351356,0.534329712,0.498880953,0.535103053,0.24116493,0.227809876,0.257716022,0.042878816,0.427567788
p02,575711.218,0.093,STILL,69,3,6.72632782,-11.98269,-1.988636897,-156.2216912,-16.36937587,-5.599864087,0.548469543,0.351774454,0.539785624,0.499072284,0.535152733,0.241407454,0.229327887,0.257664829,0.058068865,0.428335525
p02,575711.25,0.125,STILL,69,4,7.606395423,-9.428468873,-2.698334894,-155.3416236,-13.81515475,-6.309562083,0.550422907,0.352079123,0.543865621,0.497689843,0.535520762,0.241654918,0.230507165,0.256034926,0.064649377,0.431285714
p02,575711.296,0.171,STILL,69,5,8.391071489,-9.134576173,-2.79268973,-154.5569476,-13.52126205,-6.403916919,0.551103771,0.351427227,0.544725895,0.497125447,0.535820588,0.241483279,0.231510997,0.255642168,0.06601493,0.430069693
p02,575711.328,0.203,STILL,69,6,9.040155955,-8.341629521,-2.207852977,-153.9078631,-12.7283154,-5.819080166,0.549607098,0.351166964,0.543302178,0.497555375,0.536218122,0.241233505,0.231523186,0.25632187,0.057829959,0.428888328
p02,575711.359,0.234,STILL,69,7,9.247604648,-8.982186033,-1.840209931,-153.7004144,-13.36887191,-5.45143712,0.54933697,0.350987375,0.542043865,0.497217387,0.536300898,0.241284519,0.231568247,0.255932868,0.056294731,0.428639183
p02,575711.39,0.265,STILL,69,8,8.575946249,-10.35400956,-1.353208987,-154.3720728,-14.74069544,-4.964436176,0.548054576,0.351642102,0.539458692,0.497971058,0.536019325,0.241068497,0.230143517,0.256902561,0.052294546,0.430410676
p02,575711.421,0.296,STILL,69,9,7.773075083,-12.0920352,-0.582520881,-155.174944,-16.47872107,-4.19374807,0.545622945,0.351365685,0.535349011,0.498421848,0.536003768,0.241025656,0.228068829,0.257396191,0.042176638,0.428677784
p02,575711.453,0.328,STILL,69,10,6.149031218,-14.92575286,-1.622599154,-156.7989878,-19.31243874,-5.233826343,0.546557486,0.350943923,0.536811113,0.498293817,0.5356334,0.241064943,0.227475226,0.257228874,0.04802319,0.427164253
p02,575711.5,0.375,STILL,69,11,4.814367937,-16.55917243,-2.959165796,-158.1336511,-20.94585831,-6.570392985,0.549312353,0.351369083,0.539492965,0.498799294,0.535416096,0.241041094,0.228055298,0.2577582,0.060933716,0.428029016
p02,575711.531,0.406,STILL,69,12,4.084153083,-16.09267515,-3.675604262,-158.863866,-20.47936103,-7.286831451,0.551770151,0.351645976,0.543068409,0.498193979,0.535627037,0.241322972,0.228247166,0.256871007,0.070726457,0.429487958
p02,575711.562,0.437,STILL,69,13,4.541384701,-13.55754607,-3.583003475,-158.4066344,-17.94423194,-7.194230665,0.55176115,0.351411521,0.544148564,0.498589158,0.535709575,0.241631269,0.22965312,0.256957889,0.069894872,0.427230518
p02,575711.593,0.468,STILL,69,14,6.304874237,-11.55632138,-2.909452841,-156.6431448,-15.94300726,-6.520680031,0.550246418,0.351858944,0.542825043,0.498368174,0.535694748,0.241572879,0.229795009,0.256795295,0.063324567,0.429470737
p02,575711.625,0.5,STILL,69,15,6.951436894,-12.13581957,-2.227451434,-155.9965822,-16.52250544,-5.838678623,0.548965096,0.35159719,0.540656984,0.499566227,0.535859734,0.241547048,0.229566574,0.258019179,0.057087417,0.426519231
p02,575711.656,0.531,STILL,69,16,6.372841873,-13.96732875,-1.388847075,-156.5751772,-18.35401462,-5.000074265,0.546612501,0.351104975,0.536865056,0.499437928,0.535585478,0.241307668,0.227597147,0.25813026,0.048449743,0.4253562
p02,575711.687,0.562,STILL,69,17,5.799034914,-16.05792246,-1.290573216,-157.1489841,-20.44460833,-4.901800405,0.54528296,0.35031417,0.53475219,0.499738425,0.535532087,0.241380833,0.227031142,0.258357592,0.042949495,0.42163784
p02,575711.718,0.593,STILL,69,18,4.626674822,-17.55288647,-2.503016773,-158.3213442,-21.93957235,-6.114243962,0.546697855,0.351142943,0.53737545,0.499655783,0.534935459,0.24149242,0.227502525,0.258163363,0.051702264,0.424733089
p02,575711.75,0.625,STILL,69,19,3.928993477,-17.3992744,-3.004297566,-159.0190256,-21.78596027,-6.615524756,0.548425257,0.351060092,0.538974464,0.499764323,0.534822315,0.241551928,0.227499157,0.258212395,0.059793374,0.424101113
p02,575711.796,0.671,STILL,69,20,3.984791987,-15.99446684,-3.352274159,-158.9632271,-20.38115271,-6.963501348,0.549938083,0.35131973,0.541590691,0.499373287,0.53511706,0.241679162,0.228502005,0.257694125,0.064861675,0.425467862
p02,575711.828,0.703,STILL,69,21,5.172680916,-11.92947539,-3.080272235,-157.7753381,-16.31616127,-6.691499424,0.549771488,0.351621002,0.542621791,0.499487996,0.534943357,0.2418679,0.230067313,0.257620096,0.06445127,0.426026943
p02,575711.875,0.75,STILL,69,22,6.435638563,-9.974696307,-2.648144484,-156.5123805,-14.36138218,-6.259371673,0.549019396,0.351679742,0.542689323,0.498757333,0.534853667,0.241810039,0.229908854,0.256947294,0.061614544,0.427596267
p02,575711.89,0.765,STILL,69,23,7.134670693,-10.77624375,-2.297616335,-155.8133484,-15.16292962,-5.908843524,0.54859066,0.35190922,0.541371286,0.499380022,0.534694612,0.241835937,0.229510486,0.257544085,0.060546463,0.427395889
p02,575711.921,0.796,STILL,69,24,6.633180223,-13.42114198,-1.655997917,-156.3148388,-17.80782785,-5.267225106,0.546225607,0.351152092,0.536890686,0.499208212,0.534350038,0.24135039,0.229056597,0.257857822,0.05184557,0.425822655
p02,575711.953,0.828,STILL,69,25,5.766790805,-16.11951791,-1.812935475,-157.1812283,-20.50620378,-5.424162664,0.544899285,0.351273805,0.534928739,0.499246001,0.534348398,0.241338909,0.227409691,0.257907093,0.04639594,0.426257747
p02,575711.984,0.859,STILL,69,26,4.030761308,-17.39382848,-2.690590645,-158.9172578,-21.78051436,-6.301817834,0.546313286,0.350437999,0.537579536,0.499881119,0.534100011,0.241875261,0.227193177,0.258005857,0.053757226,0.420776252
p02,575712.015,0.89,STILL,69,27,3.455418307,-18.50507222,-3.372621343,-159.4926008,-22.8917581,-6.983848532,0.548361301,0.350435048,0.539176583,0.499145448,0.534164071,0.24206043,0.227620393,0.257085018,0.062372401,0.421551668
p02,575712.062,0.937,STILL,69,28,3.310527197,-18.26410229,-4.229565811,-159.6374919,-22.65078817,-7.840793,0.551008761,0.351044983,0.542311251,0.498485804,0.534319907,0.241769768,0.22782445,0.256716035,0.073253128,0.425665714
p02,575712.093,0.968,STILL,69,29,3.137589862,-16.78031089,-4.579980053,-159.8104292,-21.16699677,-8.191207242,0.552283943,0.350444138,0.544655144,0.498054922,0.534145996,0.242070884,0.229134202,0.255984038,0.079158618,0.423359422
p02,575712.125,1,STILL,69,30,4.570219099,-12.09573767,-3.924751257,-158.3778,-16.48242355,-7.535978447,0.551005483,0.35130915,0.544588566,0.499602735,0.533725679,0.241835162,0.231930912,0.257767573,0.0745041,0.424700389
p02,575712.156,1.031,STILL,69,31,6.288968451,-11.43654327,-3.352706874,-156.6590506,-15.82322914,-6.963934063,0.549361527,0.352019995,0.542752087,0.499363601,0.534366757,0.242228381,0.230092883,0.25713522,0.065168336,0.42698007
p02,575712.187,1.062,STILL,69,32,6.718193282,-12.43218496,-2.622853325,-156.2298258,-16.81887084,-6.234080515,0.546936333,0.352656871,0.539343715,0.499793679,0.533354133,0.24190934,0.229840636,0.257884338,0.059093988,0.429446517
p02,575712.218,1.093,STILL,69,33,5.920642009,-15.33455715,-2.007436772,-157.0273771,-19.72124303,-5.618663961,0.544316769,0.351601839,0.535332441,0.499721289,0.533114046,0.241762057,0.228444248,0.257959232,0.049039198,0.425802874
p02,575712.265,1.14,STILL,69,34,5.952984769,-18.50561664,-2.214686336,-156.9950343,-22.89230252,-5.825913526,0.54270488,0.351279289,0.532702088,0.500956774,0.533032432,0.241776556,0.227403969,0.259180218,0.042534209,0.422496491
p02,575712.296,1.171,STILL,69,35,5.145742121,-20.57569693,-3.23395229,-157.8022769,-24.96238281,-6.845179479,0.543219566,0.351954877,0.533998609,0.501158476,0.53269659,0.242059641,0.22753635,0.259098835,0.046247452,0.424144079
p02,575712.328,1.203,STILL,69,36,4.579683203,-21.90268179,-3.845300957,-158.3683359,-26.28936766,-7.456528146,0.545237362,0.351548582,0.535545945,0.501219392,0.532588333,0.242200665,0.227675855,0.259018727,0.055557185,0.422162206
p02,575712.359,1.234,STILL,69,37,4.24040545,-21.19981856,-3.767172232,-158.7076136,-25.58650444,-7.378399421,0.545616448,0.35151282,0.536134541,0.501050949,0.532481894,0.242328852,0.227878958,0.258722097,0.057638292,0.422012532
p02,575712.39,1.265,STILL,69,38,4.400029259,-16.70546686,-3.589755142,-158.5479898,-21.09215274,-7.200982332,0.547192991,0.352614343,0.538979948,0.500022769,0.532615393,0.242356904,0.229159057,0.257665865,0.063613446,0.427908599
p02,575712.421,1.296,STILL,69,39,4.807835042,-12.00874756,-3.294162982,-158.140184,-16.39543344,-6.905390171,0.547512889,0.351623029,0.541322291,0.499187946,0.532727525,0.242708869,0.230739802,0.256479077,0.064078083,0.424651244
p02,575712.468,1.343,STILL,69,40,5.649669722,-10.72827358,-2.997842424,-157.2983493,-15.11495945,-6.609069614,0.547517359,0.351640135,0.541563213,0.499544591,0.532953322,0.242508613,0.230895847,0.257035978,0.06307622,0.424576837
p02,575712.484,1.359,STILL,69,41,6.737574555,-10.46988151,-2.46213818,-156.2104445,-14.85656739,-6.07336537,0.547462165,0.352566749,0.54095,0.499493837,0.533553153,0.242416047,0.229845881,0.257077791,0.060514515,0.428472261
p02,575712.531,1.406,STILL,69,42,6.99676401,-12.04893977,-2.187000895,-155.9512551,-16.43562564,-5.798228084,0.546511054,0.353210866,0.538779736,0.499730647,0.533070564,0.242292218,0.22959289,0.257438429,0.058540531,0.430855056
p02,575712.562,1.437,STILL,69,43,6.258348805,-13.67932513,-1.370097978,-156.6896703,-18.06601101,-4.981325168,0.544269383,0.351506561,0.535030425,0.499268115,0.53325963,0.242296904,0.228893459,0.25697121,0.048099901,0.424987907
p02,575712.593,1.468,STILL,69,44,6.071864112,-15.70126996,-1.24971716,-156.8761549,-20.08795584,-4.86094435,0.543590724,0.351111829,0.533442736,0.499576151,0.533326447,0.242200173,0.227794617,0.257375978,0.04505935,0.423161698
p02,575712.625,1.5,STILL,69,45,5.806500245,-17.95868633,-1.476219923,-157.1415188,-22.34537221,-5.087447112,0.543192625,0.350894034,0.53269875,0.500078022,0.533322513,0.242124982,0.227440536,0.25795304,0.04339645,0.42166222
p02,575712.656,1.531,STILL,69,46,6.154239171,-19.5225322,-1.802258829,-156.7937799,-23.90921807,-5.413486018,0.543368936,0.351255178,0.532628417,0.500391364,0.533512995,0.242221966,0.227089822,0.258169398,0.043401069,0.422332054
p02,575712.687,1.562,STILL,69,47,6.569502064,-20.8255699,-2.142466784,-156.378517,-25.21225578,-5.753693974,0.543608189,0.351566732,0.532673657,0.501176178,0.533479497,0.242441639,0.227276862,0.258734539,0.044565433,0.42176469
p02,575712.718,1.593,STILL,69,48,6.895710851,-21.46325435,-2.399794499,-156.0523082,-25.84994023,-6.011021688,0.543990374,0.351871431,0.532843828,0.501376569,0.53353253,0.242533952,0.226837873,0.258842617,0.046102723,0.422409107
p02,575712.765,1.64,STILL,69,49,6.646230819,-20.99820627,-2.211034174,-156.3017882,-25.38489214,-5.822261364,0.544502378,0.351525128,0.533183813,0.500752091,0.533919945,0.242624581,0.226609468,0.258127511,0.046698985,0.421886636
p02,575712.796,1.671,STILL,69,50,5.356328026,-16.95173904,-1.600732363,-157.591691,-21.33842491,-5.211959552,0.544905305,0.351297647,0.534574986,0.500118315,0.5334488,0.24227424,0.228473514,0.257844076,0.050143687,0.422826884
p02,575712.812,1.687,STILL,69,51,5.860847462,-14.15534941,-1.772158961,-157.0871716,-18.54203529,-5.38338615,0.545756102,0.352678716,0.536003172,0.500790119,0.533739552,0.242012337,0.229037791,0.258777782,0.052465358,0.427650235
p02,575712.859,1.734,STILL,69,52,5.287176003,-12.19952873,-2.511101255,-157.6608431,-16.58621461,-6.122328444,0.547617853,0.351659656,0.540249228,0.499998152,0.533977225,0.242529392,0.229925454,0.25746876,0.059326304,0.423858271
p02,575712.89,1.765,STILL,69,53,5.53479313,-11.15320462,-3.235058274,-157.4132259,-15.5398905,-6.846285464,0.549193382,0.351787001,0.543027997,0.500224233,0.533955947,0.242709488,0.230825335,0.257514745,0.066012839,0.423577738
p02,575712.921,1.796,STILL,69,54,6.438487733,-10.6666925,-3.897894542,-156.5095313,-15.05337838,-7.509121731,0.550197065,0.351914495,0.54482764,0.498823494,0.534012273,0.242469572,0.231503636,0.256353922,0.06991161,0.426929
p02,575712.953,1.828,STILL,69,55,7.521125379,-9.093003401,-4.272298906,-155.4268937,-13.47968928,-7.883526095,0.550412714,0.35135895,0.545375049,0.49850595,0.533968568,0.242212407,0.2319327,0.256293543,0.07090051,0.425865364
p02,575712.984,1.859,STILL,69,56,7.826075147,-8.917017531,-4.361224657,-155.1219439,-13.30370341,-7.972451846,0.550587952,0.351414651,0.545639873,0.498307884,0.533715874,0.241987288,0.232299894,0.256320596,0.072630589,0.426915997
p02,575713.031,1.906,STILL,69,57,7.356395417,-10.59104982,-3.769594624,-155.5916236,-14.97773569,-7.380821813,0.549624622,0.351847917,0.544038415,0.498757303,0.533710197,0.241881475,0.231047362,0.256875828,0.068879493,0.428091825
p02,575713.062,1.937,STILL,69,58,6.734560908,-12.96374458,-2.821230013,-156.2134582,-17.35043046,-6.432457202,0.547026277,0.35288617,0.539541662,0.500527024,0.533397213,0.24173595,0.229762018,0.258791074,0.059318177,0.429497889
p02,575713.093,1.968,STILL,69,59,5.959723387,-14.99948478,-1.893155089,-156.9882957,-19.38617065,-5.504382278,0.544736564,0.351858854,0.536052346,0.499723554,0.533726573,0.241381645,0.227209866,0.258341908,0.048457364,0.427639518
p02,575713.125,2,STILL,69,60,5.732110289,-17.38259663,-2.107666827,-157.2159088,-21.76928251,-5.718894016,0.543800592,0.351994693,0.534935713,0.501197338,0.533404499,0.241629399,0.227899104,0.259567939,0.045617086,0.425188467
p02,575715.453,0,STILL,70,0,6.330805221,-14.43367617,-2.450698559,-156.6172138,-18.82036205,-6.061925749,0.547969818,0.353870094,0.539000452,0.500556052,0.534112319,0.242189616,0.228900999,0.258366436,0.060539267,0.432256139
p02,575715.484,0.031,STILL,70,1,6.451036263,-14.30306194,-1.590148474,-156.4969828,-18.68974781,-5.201375664,0.545819819,0.353040993,0.536447942,0.499885499,0.534078404,0.242150307,0.228091747,0.257735193,0.051476719,0.430250465
p02,575715.531,0.078,STILL,70,2,6.798729353,-14.30140046,-0.697216783,-156.1492897,-18.68808633,-4.308443973,0.543464422,0.352045119,0.533457816,0.499329388,0.533956274,0.241728455,0.228001356,0.257600933,0.041702155,0.428246368
p02,575715.562,0.109,STILL,70,3,7.622743937,-14.38716677,-0.390281919,-155.3252751,-18.77385264,-4.001509108,0.541727901,0.353259385,0.531486034,0.499337435,0.533915162,0.241839968,0.2287983,0.257497467,0.034146838,0.432701021
p02,575715.593,0.14,STILL,70,4,-7.962075034,-20.38695904,-174.5743962,-170.9100941,-24.77364491,-178.1856234,0.540489495,0.35431394,0.530068636,0.499630094,0.533807382,0.242118508,0.228249818,0.257511586,0.029275435,0.435690813
p02,575715.625,0.172,STILL,70,5,-7.241867747,-20.53694586,-174.3418578,-170.1898868,-24.92363174,-177.953085,0.539611518,0.355039686,0.528730154,0.499625564,0.533721715,0.242060393,0.227641344,0.257565171,0.02587317,0.438643519
p02,575715.656,0.203,STILL,70,6,-6.755874151,-20.80655778,-174.2676294,-169.7038932,-25.19324366,-177.8788565,0.538957536,0.355360478,0.527820408,0.499711812,0.533564508,0.242241174,0.22811535,0.257470638,0.023641672,0.439348367
p02,575715.687,0.234,STILL,70,7,-7.086169751,-20.73778318,-174.154834,-170.0341888,-25.12446906,-177.7660612,0.538685918,0.354768097,0.52756387,0.499388218,0.533450723,0.242119931,0.228083611,0.257268287,0.022952965,0.437862622
p02,575715.734,0.281,STILL,70,8,-7.49533432,-21.34439979,-174.1000374,-170.4433534,-25.73108567,-177.7112646,0.539358854,0.354976237,0.528022408,0.500082612,0.533239618,0.242301166,0.228546768,0.257781446,0.026774548,0.437095348
p02,575715.765,0.312,STILL,70,9,-7.950591371,-21.29048835,-174.184516,-170.8986104,-25.67717423,-177.7957432,0.53935498,0.354709387,0.528322399,0.500484526,0.532969698,0.242531531,0.228360772,0.257952996,0.027961377,0.434877122
p02,575715.796,0.343,STILL,70,10,-8.056603494,-21.22479109,-174.2896439,-171.0046226,-25.61147696,-177.900871,0.53977108,0.354630917,0.528735161,0.500074744,0.532814547,0.242593318,0.228523284,0.257481426,0.030441242,0.435128859
p02,575715.828,0.375,STILL,70,11,-8.562990977,-20.97697707,-174.3205929,-171.51101,-25.36366294,-177.9318201,0.540225983,0.353384912,0.529182732,0.50027597,0.532856777,0.242452942,0.228573501,0.257823028,0.032239981,0.430264012
p02,575715.859,0.406,STILL,70,12,-9.02032131,-20.88323175,-174.3900863,-171.9683404,-25.26991763,-178.0013135,0.54056412,0.353117883,0.529591978,0.500193119,0.532667458,0.242474221,0.228657424,0.257718898,0.034534902,0.429319166
p02,575715.89,0.437,STILL,70,13,-9.558993106,-21.30475652,-174.3297427,-172.5070122,-25.6914424,-177.9409698,0.540956438,0.352930099,0.529667854,0.500507891,0.532435104,0.242332235,0.228555351,0.258175656,0.037283456,0.428382232
p02,575715.921,0.468,STILL,70,14,6.998894989,-15.04174884,-0.491893911,-155.9491241,-19.42843472,-4.1031211,0.541454554,0.352949649,0.530545652,0.500185013,0.532139391,0.242266104,0.228680015,0.257918909,0.040734486,0.429140872
p02,575715.953,0.5,STILL,70,15,6.925647469,-14.08986142,-1.686805491,-156.0223716,-18.47654729,-5.298032681,0.543027341,0.353795826,0.534217417,0.50091964,0.531381309,0.242243722,0.229556441,0.258675918,0.050732762,0.431242712
p02,575715.984,0.531,STILL,70,16,5.73781577,-12.56102611,-3.195203565,-157.2102033,-16.94771198,-6.806430755,0.545959055,0.353381932,0.539730549,0.501016855,0.531212628,0.242838711,0.230468273,0.258178145,0.063984632,0.428166456
p02,575716.031,0.578,STILL,70,17,5.292251098,-11.59425985,-4.352758949,-157.655768,-15.98094573,-7.963986138,0.548733473,0.353223771,0.544247687,0.499958575,0.531134531,0.243319862,0.2312558,0.256638713,0.076101624,0.428243689
p02,575716.062,0.609,STILL,70,18,5.870954593,-11.3663556,-5.302800576,-157.0770645,-15.75304147,-8.914027766,0.550292313,0.352942437,0.54640317,0.499250233,0.5308384,0.243297085,0.232448161,0.255953148,0.083691404,0.428380556
p02,575716.093,0.64,STILL,70,19,6.048410973,-11.195392,-6.080858495,-156.8996081,-15.58207787,-9.692085684,0.551528215,0.352095813,0.54824388,0.498779535,0.530794248,0.243408039,0.231539011,0.255371496,0.089548484,0.425606518
p02,575716.125,0.672,STILL,70,20,6.064939453,-10.49857431,-6.4290795,-156.8830796,-14.88526018,-10.04030669,0.552478135,0.351838231,0.549142241,0.498389661,0.530492425,0.243271738,0.2322402,0.255117923,0.094667976,0.425554158
p02,575716.156,0.703,STILL,70,21,5.861502594,-10.40756727,-6.732190888,-157.0865165,-14.79425314,-10.34341808,0.552847683,0.351928771,0.550175309,0.498046875,0.53040494,0.243818447,0.231605172,0.254228428,0.096900872,0.425248759
p02,575716.203,0.75,STILL,70,22,5.639043828,-10.34246853,-7.014355071,-157.3089752,-14.7291544,-10.62558226,0.553792059,0.352100819,0.551107645,0.497626156,0.530227959,0.243910491,0.232064247,0.253715664,0.101541278,0.426423525
p02,575716.234,0.781,STILL,70,23,5.159574308,-10.72411226,-7.162958318,-157.7884448,-15.11079814,-10.77418551,0.55450964,0.352076948,0.551845312,0.497585535,0.53014107,0.243968308,0.231929272,0.253617227,0.105068968,0.426266942
p02,575716.265,0.812,STILL,70,24,4.629488959,-11.59745532,-7.092038539,-158.3185301,-15.98414119,-10.70326573,0.554399252,0.35206604,0.551701844,0.497876853,0.530049786,0.243974708,0.231327266,0.253902145,0.105259818,0.425720437
p02,575716.296,0.843,STILL,70,25,4.040104813,-12.20628511,-6.643788197,-158.9079142,-16.59297099,-10.25501539,0.553559661,0.352148414,0.550258934,0.498262167,0.529947147,0.243862584,0.230718076,0.254399583,0.102343581,0.425652543
p02,575716.328,0.875,STILL,70,26,5.183829449,-13.49834691,-5.136034539,-157.7641896,-17.88503279,-8.747261728,0.549335361,0.354908228,0.544655442,0.500425339,0.530050144,0.243552566,0.230279595,0.256872773,0.083746964,0.43350512
p02,575716.359,0.906,STILL,70,27,5.96506154,-15.29651442,-3.666900333,-156.9829575,-19.68320029,-7.278127523,0.545469224,0.354959726,0.538461566,0.501930833,0.530298948,0.243325666,0.229112983,0.258605167,0.06621308,0.431677611
p02,575716.39,0.937,STILL,70,28,6.732470862,-15.21037218,-2.035033589,-156.2155482,-19.59705806,-5.646260778,0.540827632,0.354516119,0.53282851,0.501247764,0.529890388,0.243002191,0.228192657,0.258245572,0.047929867,0.431813512
p02,575716.437,0.984,STILL,70,29,7.404805809,-16.589356,-1.609502968,-155.5432133,-20.97604187,-5.220730157,0.53876102,0.356194347,0.529862046,0.501966774,0.529418051,0.242868215,0.227957845,0.25909856,0.04098551,0.437386192
p02,575716.468,1.015,STILL,70,30,7.660853339,-17.68950739,-1.382393051,-155.2871657,-22.07619327,-4.99362024,0.537266016,0.355992109,0.528019428,0.50221616,0.529337317,0.243046463,0.227986634,0.259169698,0.034777035,0.435798039
p02,575716.5,1.047,STILL,70,31,-11.81725783,-26.05549217,-173.6905335,-174.7652769,-30.44217805,-177.3017607,0.536787629,0.355262518,0.526755691,0.503205895,0.529491782,0.243098989,0.227459043,0.260106906,0.032075431,0.431220879
p02,575716.531,1.078,STILL,70,32,-12.63281689,-27.61307611,-173.623594,-175.5808359,-31.99976199,-177.2348212,0.537349224,0.355590343,0.527206063,0.503987908,0.529053777,0.24325148,0.227105439,0.260736428,0.036526851,0.430852198
p02,575716.562,1.109,STILL,70,33,5.852622775,-21.30715635,-2.793155225,-157.0953963,-25.69384223,-6.404382414,0.537998915,0.35437578,0.528962851,0.503946662,0.528927535,0.243082777,0.227265805,0.260863885,0.039915287,0.426632467
p02,575716.593,1.14,STILL,70,34,4.846987039,-20.43752954,-3.522815441,-158.101032,-24.82421541,-7.13404263,0.540194988,0.354359746,0.532223344,0.502404094,0.52875419,0.243168339,0.22739467,0.259235755,0.050312519,0.428920027
p02,575716.625,1.172,STILL,70,35,3.688540731,-17.9883018,-3.863061997,-159.2594783,-22.37498767,-7.474289186,0.542827666,0.352897674,0.53586936,0.50208348,0.528780207,0.243285708,0.228159904,0.258797772,0.061568481,0.423542926
p02,575716.656,1.203,STILL,70,36,3.540819596,-15.1620614,-4.196507187,-159.4071995,-19.54874728,-7.807734376,0.544619501,0.353307337,0.539352477,0.501635671,0.528855205,0.243468761,0.230039448,0.258166909,0.068528664,0.425455669
p02,575716.703,1.25,STILL,70,37,4.914601703,-11.87264907,-4.275820369,-158.0334174,-16.25933495,-7.887047558,0.545455217,0.353581399,0.541522682,0.501134634,0.528946713,0.24356886,0.231551677,0.257565774,0.071295121,0.427124058
p02,575716.734,1.281,STILL,70,38,6.546539129,-9.94676105,-3.744178436,-156.4014799,-14.33344693,-7.355405625,0.544558227,0.354466438,0.540987968,0.501201987,0.529159889,0.243417874,0.231085569,0.257784113,0.06663479,0.430781257
p02,575716.765,1.312,STILL,70,39,7.658122132,-9.730489408,-2.957935517,-155.2898969,-14.11717528,-6.569162706,0.543572962,0.354455352,0.539024711,0.50111109,0.529516548,0.243454218,0.230236769,0.257656872,0.061051996,0.43080991
p02,575716.828,1.375,STILL,70,40,8.111374688,-10.71721403,-2.240720989,-154.8366444,-15.1038999,-5.851948178,0.541791916,0.354968041,0.536108673,0.500681102,0.529613003,0.243400827,0.229885548,0.257280275,0.052978157,0.43364076
p02,575716.843,1.39,STILL,70,41,7.622631088,-12.72702456,-1.215349753,-155.325388,-17.11371044,-4.826576943,0.539373279,0.353740275,0.531717181,0.500694394,0.529901654,0.243055359,0.228679359,0.257639036,0.041418802,0.429612369
p02,575716.875,1.422,STILL,70,42,7.381416227,-14.02413934,-0.642375114,-155.5666028,-18.41082522,-4.253602304,0.53719908,0.35335654,0.528389156,0.50083071,0.530051544,0.242919832,0.22801885,0.257910877,0.031346249,0.42819717
p02,575716.906,1.453,STILL,70,43,7.188152195,-14.89297214,-0.445107766,-155.7598669,-19.27965801,-4.056334955,0.536471128,0.354142576,0.527390122,0.50088048,0.52983126,0.242958143,0.227965623,0.257922336,0.02912662,0.431077179
p02,575716.921,1.468,STILL,70,44,6.513649082,-16.68658766,-1.165603025,-156.43437,-21.07327354,-4.776830214,0.53728652,0.354079783,0.528261602,0.501648009,0.529791951,0.243242696,0.227861345,0.258405313,0.032890918,0.428927276
p02,575716.953,1.5,STILL,70,45,5.650411326,-18.00175156,-2.214904875,-157.2976077,-22.38843743,-5.826132065,0.537706792,0.353852749,0.530028939,0.501673043,0.529800609,0.243219212,0.227741569,0.258453831,0.034715593,0.428059188
p02,575717,1.547,STILL,70,46,4.232403997,-17.79201753,-2.992278602,-158.7156151,-22.17870341,-6.603505792,0.540774941,0.352732509,0.533596396,0.501011252,0.529836565,0.243490353,0.227461934,0.257520899,0.048088821,0.424206954
p02,575717.031,1.578,STILL,70,47,3.345205314,-17.35006173,-3.888631442,-159.6028137,-21.73674761,-7.499858632,0.544452548,0.352796018,0.537634492,0.501082838,0.529742241,0.243410125,0.228311867,0.257672712,0.06443076,0.42451485
p02,575717.062,1.609,STILL,70,48,3.341639156,-15.76969961,-4.222019079,-159.6063799,-20.15638548,-7.833246268,0.54595989,0.353667021,0.539684713,0.501001537,0.529921144,0.243664116,0.229111135,0.257337421,0.070004217,0.427465639
p02,575717.093,1.64,STILL,70,49,4.189197443,-13.31575092,-4.420679774,-158.7588216,-17.70243679,-8.031906963,0.546839237,0.35372442,0.541921675,0.501027346,0.52993086,0.243750684,0.230683029,0.257276662,0.073297015,0.427453215
p02,575717.125,1.672,STILL,70,50,5.718983196,-11.41236884,-3.672389311,-157.2290359,-15.79905471,-7.2836165,0.545115769,0.353879362,0.540511549,0.501421928,0.530447364,0.243771933,0.230375081,0.257649995,0.063671839,0.427352732
p02,575717.156,1.703,STILL,70,51,7.006028319,-11.37933311,-2.916385194,-155.9419907,-15.76601898,-6.527612384,0.544242978,0.354981124,0.538665354,0.5019086,0.530586496,0.243524924,0.229948997,0.258383676,0.059389179,0.431359295
p02,575717.203,1.75,STILL,70,52,7.061667197,-12.64761935,-2.268179106,-155.8863519,-17.03430523,-5.879406295,0.542513907,0.354375303,0.535614669,0.501392841,0.530667737,0.243284389,0.229352385,0.258108452,0.05165052,0.430404013
p02,575717.234,1.781,STILL,70,53,6.487631799,-13.96469452,-1.578272792,-156.4603873,-18.35138039,-5.189499982,0.540927887,0.353652716,0.532795966,0.501489103,0.530514225,0.243295461,0.228772193,0.258193642,0.045519787,0.427420497
p02,575717.265,1.812,STILL,70,54,6.53280716,-15.13168454,-1.15590728,-156.4152119,-19.51837042,-4.767134469,0.539967299,0.353074074,0.530637622,0.501259565,0.530596033,0.243331373,0.228280783,0.257928193,0.041051488,0.425477727
p02,575717.296,1.843,STILL,70,55,6.431482737,-15.36794308,-0.830351928,-156.5165363,-19.75462896,-4.441579118,0.538636208,0.352790028,0.529132366,0.501145065,0.530659616,0.243254207,0.228570402,0.257890858,0.034897745,0.424737122
p02,575717.328,1.875,STILL,70,56,6.488559115,-16.47305134,-1.024133515,-156.4594599,-20.85973722,-4.635360704,0.538238168,0.353161961,0.528722107,0.501970232,0.530724958,0.243214726,0.228299916,0.258755505,0.032909387,0.424907808
p02,575717.359,1.906,STILL,70,57,7.086713913,-18.55524123,-1.517596603,-155.8613051,-22.9419271,-5.128823792,0.538685501,0.353887498,0.528973818,0.501910806,0.530783325,0.243332073,0.228261352,0.258578733,0.03461898,0.427550341
p02,575717.406,1.953,STILL,70,58,6.863613065,-19.89919201,-1.840619901,-156.084406,-24.28587788,-5.451847091,0.538745403,0.353726506,0.528483152,0.502989173,0.530756071,0.243258052,0.227680475,0.259731121,0.035090106,0.425318514
p02,575717.421,1.968,STILL,70,59,6.68862627,-20.44769707,-2.281662096,-156.2593928,-24.83438294,-5.892889285,0.539278507,0.353896797,0.529502392,0.503133774,0.530538961,0.243478537,0.228082955,0.259655237,0.038317401,0.425249501
p02,575717.468,2.015,STILL,70,60,6.042667387,-20.07607373,-2.222331679,-156.9053517,-24.4627596,-5.833558868,0.539418161,0.352948993,0.529645622,0.502127886,0.531043798,0.243394032,0.227114081,0.258733854,0.036872937,0.423427239
